l.sfgeui @000040 
l.bnf @000041 
l.sfltui @000042 
l.bnf @000051 
l.movhi @000052 
l.sfltu @000053 
l.bf @000054 
l.sfltu @000055 
l.bf @000056 
l.and @000057 
l.or @000058 
l.sfgts @000059 
l.bf @00005a 
l.or @00005b 
l.sfltu @00005c 
l.bf @00005d 
l.macrc @00005e 
l.and @00005f 
l.addi @000060 
l.sfgtu @000061 
l.bnf @000062 
l.sfgeu @000063 
l.bf @000072 
l.sfgeu @000073 
l.bnf @000082 
l.sfgtu @000083 
l.bnf @000084 
l.srli @000085 
l.macrc @000094 
l.sfges @000095 
l.bf @000096 
l.sll @000097 
l.sfleui @000098 
l.bnf @000099 
l.sfeqi @00009a 
l.bnf @00009b 
l.ff1 @00009c 
l.sfgts @0000ab 
l.bf @0000ac 
l.fl1 @0000ad 
l.and @0000ae 
l.muli @0000af 
l.xor @0000b0 
l.add @0000b1 
l.sfeq @0000b2 
l.bf @0000b3 
l.sfeqi @0000b4 
l.bf @0000c3 
l.sfgeui @0000c4 
l.bf @0000c5 
l.cmov @0000c6 
l.sfnei @0000c7 
l.bnf @0000c8 
l.mac @0000c9 
l.sfges @0000ca 
l.bf @0000cb 
l.mul @0000cc 
l.mul @0000db 
l.sfgeui @0000dc 
l.bf @0000dd 
l.ror @0000de 
l.and @0000df 
l.sfleui @0000e0 
l.bf @0000e1 
l.sfeq @0000e2 
l.bf @0000f1 
l.sfgtu @0000f2 
l.bf @000101 
l.sfeqi @000102 
l.bnf @000103 
l.sfeq @000104 
l.bnf @000113 
l.ror @000114 
l.mac @000115 
l.sfgtu @000116 
l.bf @000117 
l.ror @000118 
l.srl @000119 
l.add @00011a 
l.sub @00011b 
l.sfgtu @00011c 
l.bnf @00011d 
l.sfgts @00011e 
l.bf @00012d 
l.andi @00012e 
l.srai @00012f 
l.sfgtu @000130 
l.bf @000131 
l.sfgeui @000132 
l.bnf @000133 
l.sfgeu @000134 
l.bnf @000143 
l.srai @000144 
l.sfltsi @000145 
l.bf @000146 
l.sfgeu @000147 
l.bf @000156 
l.rori @000157 
l.sfltu @000166 
l.bf @000167 
l.sfgeu @000168 
l.bnf @000169 
l.addc @00016a 
l.srli @00016b 
l.sflesi @00016c 
l.bf @00016d 
l.andi @00016e 
l.srli @00016f 
l.msb @000170 
l.ror @000171 
l.maci @000172 
l.sub @000173 
l.fl1 @000174 
l.slli @000175 
l.movhi @000176 
l.add @000177 
l.mul @000178 
l.sfgtsi @000179 
l.bnf @00017a 
l.sfgeui @00017b 
l.bnf @00018a 
l.macrc @00018b 
l.xor @00019a 
l.addi @00019b 
l.sfleu @00019c 
l.bf @00019d 
l.movhi @00019e 
l.andi @0001ad 
l.sfgtui @0001ae 
l.bnf @0001af 
l.msb @0001b0 
l.xor @0001bf 
l.sfleu @0001c0 
l.bf @0001c1 
l.sll @0001c2 
l.rori @0001d1 
l.sfgeu @0001d2 
l.bf @0001d3 
l.add @0001d4 
l.sfles @0001e3 
l.bf @0001e4 
l.andi @0001e5 
l.xor @0001f4 
l.add @0001f5 
l.movhi @0001f6 
l.add @0001f7 
l.muli @0001f8 
l.ori @0001f9 
l.sfltsi @0001fa 
l.bf @0001fb 
l.sfltsi @0001fc 
l.bf @0001fd 
l.sfnei @0001fe 
l.bnf @00020d 
l.sfgtsi @00020e 
l.bf @00020f 
l.sfleui @000210 
l.bf @00021f 
l.sfgtu @000220 
l.bnf @00022f 
l.ori @000230 
l.sra @00023f 
l.addc @000240 
l.mac @000241 
l.or @000242 
l.msb @000243 
l.addi @000244 
l.fl1 @000245 
l.rori @000246 
l.srli @000247 
l.sfgtui @000248 
l.bf @000249 
l.muli @00024a 
l.cmov @00024b 
l.sfgtsi @00024c 
l.bnf @00024d 
l.sra @00024e 
l.sfgts @00024f 
l.bf @000250 
l.sfltu @000251 
l.bnf @000252 
l.mul @000253 
l.movhi @000262 
l.sfgesi @000263 
l.bnf @000264 
l.add @000265 
l.sflts @000266 
l.bf @000267 
l.sfles @000268 
l.bnf @000269 
l.add @00026a 
l.sfltu @00026b 
l.bf @00026c 
l.sfgeui @00026d 
l.bf @00026e 
l.sfeq @00026f 
l.bf @000270 
l.ror @000271 
l.sfgtsi @000280 
l.bf @000281 
l.sfeq @000282 
l.bf @000283 
l.sfleui @000284 
l.bnf @000293 
l.xori @000294 
l.sfges @000295 
l.bf @000296 
l.sfleui @000297 
l.bnf @0002a6 
l.sflts @0002a7 
l.bf @0002a8 
l.sfgeu @0002a9 
l.bnf @0002aa 
l.sfgeu @0002ab 
l.bf @0002ac 
l.addic @0002ad 
l.addi @0002bc 
l.sfleu @0002bd 
l.bf @0002be 
l.mac @0002bf 
l.ror @0002c0 
l.addi @0002c1 
l.movhi @0002c2 
l.sfgeu @0002c3 
l.bf @0002c4 
l.cmov @0002c5 
l.ror @0002d4 
l.slli @0002d5 
l.sfeqi @0002d6 
l.bf @0002d7 
l.ror @0002d8 
l.macrc @0002d9 
l.addic @0002da 
l.addic @0002db 
l.macrc @0002dc 
l.mac @0002dd 
l.srai @0002de 
l.srl @0002df 
l.sfeq @0002e0 
l.bnf @0002e1 
l.srli @0002e2 
l.macrc @0002f1 
l.muli @0002f2 
l.sflts @0002f3 
l.bf @0002f4 
l.sfleu @0002f5 
l.bf @0002f6 
l.sfles @0002f7 
l.bnf @000306 
l.sfgeui @000307 
l.bf @000308 
l.xor @000309 
l.or @00030a 
l.sfgtu @00030b 
l.bnf @00030c 
l.addc @00030d 
l.addc @00031c 
l.sflesi @00031d 
l.bf @00031e 
l.addi @00031f 
l.sfgeui @000320 
l.bf @000321 
l.sfeqi @000322 
l.bf @000323 
l.sflesi @000324 
l.bf @000325 
l.mac @000326 
l.xor @000335 
l.maci @000336 
l.maci @000337 
l.add @000338 
l.sfltu @000339 
l.bnf @00033a 
l.cmov @00033b 
l.sfgtui @00034a 
l.bf @00034b 
l.or @00034c 
l.add @00035b 
l.sfltsi @00035c 
l.bnf @00035d 
l.sfleu @00035e 
l.bf @00036d 
l.or @00036e 
l.sfgtui @00036f 
l.bf @000370 
l.sfltsi @000371 
l.bf @000372 
l.sub @000373 
l.macrc @000382 
l.sub @000383 
l.sfnei @000384 
l.bnf @000385 
l.sfges @000386 
l.bf @000387 
l.srl @000388 
l.sfgeui @000397 
l.bf @000398 
l.muli @000399 
l.sra @00039a 
l.muli @00039b 
l.maci @00039c 
l.sra @00039d 
l.sub @00039e 
l.sflts @00039f 
l.bf @0003a0 
l.ori @0003a1 
l.xori @0003a2 
l.addic @0003a3 
l.xori @0003a4 
l.sfltui @0003a5 
l.bf @0003a6 
l.sfleui @0003a7 
l.bf @0003a8 
l.sfges @0003a9 
l.bf @0003aa 
l.or @0003ab 
l.sll @0003ac 
l.sfgtui @0003ad 
l.bf @0003ae 
l.or @0003af 
l.sfgtu @0003b0 
l.bf @0003b1 
l.fl1 @0003b2 
l.sfeqi @0003c1 
l.bf @0003c2 
l.sfgtui @0003c3 
l.bf @0003c4 
l.fl1 @0003c5 
l.sfgtui @0003c6 
l.bnf @0003c7 
l.sfges @0003c8 
l.bnf @0003d7 
l.addic @0003d8 
l.sfltu @0003d9 
l.bnf @0003da 
l.sfgts @0003db 
l.bf @0003ea 
l.sll @0003eb 
l.sfgeui @0003ec 
l.bnf @0003ed 
l.msb @0003ee 
l.sfltu @0003ef 
l.bf @0003f0 
l.sfltsi @0003f1 
l.bf @0003f2 
l.sfltsi @0003f3 
l.bf @0003f4 
l.and @0003f5 
l.sfgts @0003f6 
l.bnf @0003f7 
l.srli @0003f8 
l.sfgtu @000407 
l.bf @000408 
l.cmov @000409 
l.sra @000418 
l.ff1 @000419 
l.sll @00041a 
l.sfgtui @00041b 
l.bf @00041c 
l.or @00041d 
l.addic @00041e 
l.addi @00041f 
l.sfeqi @000420 
l.bf @000421 
l.sfltui @000422 
l.bnf @000423 
l.sfgtsi @000424 
l.bf @000425 
l.sub @000426 
l.andi @000427 
l.slli @000428 
l.sfeqi @000429 
l.bnf @00042a 
l.sfnei @00042b 
l.bnf @00043a 
l.srai @00043b 
l.or @00043c 
l.mul @00043d 
l.msb @00043e 
l.ori @00043f 
l.sflesi @000440 
l.bf @000441 
l.sfgeui @000442 
l.bf @000443 
l.sfltu @000444 
l.bnf @000445 
l.sflts @000446 
l.bf @000455 
l.srli @000456 
l.sll @000457 
l.macrc @000458 
l.sfleui @000459 
l.bf @00045a 
l.ror @00045b 
l.slli @00045c 
l.ff1 @00045d 
l.sfgtu @00045e 
l.bf @00045f 
l.sfgesi @000460 
l.bf @000461 
l.ori @000462 
l.movhi @000463 
l.andi @000464 
l.ff1 @000465 
l.rori @000466 
l.ff1 @000467 
l.sra @000468 
l.sfleu @000469 
l.bnf @00046a 
l.ff1 @00046b 
l.sfnei @00047a 
l.bnf @00047b 
l.xor @00047c 
l.addic @00047d 
l.sfeq @00047e 
l.bf @00047f 
l.mul @000480 
l.addc @000481 
l.fl1 @000482 
l.andi @000483 
l.cmov @000484 
l.sfgeui @000485 
l.bf @000486 
l.sflts @000487 
l.bnf @000488 
l.addic @000489 
l.sfltu @000498 
l.bnf @000499 
l.and @00049a 
l.add @0004a9 
l.ff1 @0004aa 
l.srl @0004ab 
l.sfgtsi @0004ac 
l.bf @0004ad 
l.sfgtui @0004ae 
l.bf @0004af 
l.sub @0004b0 
l.macrc @0004b1 
l.sfnei @0004b2 
l.bf @0004b3 
l.sub @0004b4 
l.or @0004c3 
l.addic @0004c4 
l.maci @0004c5 
l.andi @0004c6 
l.mac @0004c7 
l.or @0004c8 
l.ori @0004c9 
l.ori @0004ca 
l.sfgts @0004cb 
l.bf @0004cc 
l.msb @0004cd 
l.srli @0004dc 
l.rori @0004dd 
l.sra @0004de 
l.sfltu @0004df 
l.bnf @0004e0 
l.sub @0004e1 
l.rori @0004e2 
l.ror @0004e3 
l.sfeq @0004e4 
l.bf @0004e5 
l.mac @0004e6 
l.sfltui @0004e7 
l.bf @0004e8 
l.and @0004e9 
l.macrc @0004ea 
l.andi @0004eb 
l.movhi @0004ec 
l.add @0004ed 
l.or @0004ee 
l.sfgtsi @0004ef 
l.bf @0004f0 
l.sfltui @0004f1 
l.bf @000500 
l.sflts @000501 
l.bf @000510 
l.maci @000511 
l.sfgtui @000520 
l.bf @000521 
l.sll @000522 
l.srl @000523 
l.addic @000524 
l.addi @000525 
l.or @000526 
l.sfgtsi @000527 
l.bf @000528 
l.sfgtui @000529 
l.bf @00052a 
l.sfgtui @00052b 
l.bnf @00052c 
l.sfnei @00052d 
l.bf @00053c 
l.sfgtsi @00053d 
l.bf @00054c 
l.sfeq @00054d 
l.bf @00055c 
l.sfltui @00055d 
l.bf @00056c 
l.slli @00056d 
l.xori @00057c 
l.sfeq @00057d 
l.bf @00057e 
l.sll @00057f 
l.sfltu @000580 
l.bf @000581 
l.add @000582 
l.ror @000591 
l.slli @000592 
l.sfltu @000593 
l.bf @000594 
l.sflts @000595 
l.bf @000596 
l.sfgtsi @000597 
l.bf @000598 
l.sfgesi @000599 
l.bf @00059a 
l.slli @00059b 
l.rori @0005aa 
l.or @0005ab 
l.srai @0005ac 
l.add @0005ad 
l.add @0005ae 
l.sfltu @0005af 
l.bnf @0005b0 
l.sfgtsi @0005b1 
l.bnf @0005c0 
l.sll @0005c1 
l.sub @0005c2 
l.sfltu @0005c3 
l.bf @0005c4 
l.sfeq @0005c5 
l.bf @0005d4 
l.fl1 @0005d5 
l.sfeqi @0005d6 
l.bnf @0005d7 
l.fl1 @0005d8 
l.sra @0005e7 
l.sfles @0005e8 
l.bf @0005e9 
l.sfltu @0005ea 
l.bf @0005f9 
l.sflesi @0005fa 
l.bf @0005fb 
l.add @0005fc 
l.andi @0005fd 
l.addi @0005fe 
l.sfgtu @0005ff 
l.bf @000600 
l.or @000601 
l.andi @000602 
l.or @000603 
l.or @000604 
l.ror @000605 
l.sfles @000606 
l.bf @000607 
l.addic @000608 
l.addc @000617 
l.sra @000618 
l.or @000619 
l.rori @00061a 
l.or @00061b 
l.sfles @00061c 
l.bf @00061d 
l.muli @00061e 
l.maci @00062d 
l.sfges @00062e 
l.bnf @00062f 
l.sfltsi @000630 
l.bf @00063f 
l.slli @000640 
l.sfgesi @000641 
l.bf @000642 
l.fl1 @000643 
l.cmov @000652 
l.sfgts @000653 
l.bf @000654 
l.add @000655 
l.sfgtsi @000656 
l.bf @000657 
l.cmov @000658 
l.ori @000659 
l.and @00065a 
l.srli @00065b 
l.ori @00065c 
l.fl1 @00065d 
l.rori @00065e 
l.macrc @00065f 
l.sfgesi @000660 
l.bf @000661 
l.sfges @000662 
l.bf @000671 
l.srai @000672 
l.sfltu @000681 
l.bf @000682 
l.slli @000683 
l.sfgtui @000684 
l.bf @000685 
l.mul @000686 
l.addc @000687 
l.slli @000688 
l.sfltu @000689 
l.bnf @00068a 
l.andi @00068b 
l.sfgtsi @00069a 
l.bf @00069b 
l.sflesi @00069c 
l.bnf @0006ab 
l.cmov @0006ac 
l.sfgts @0006bb 
l.bf @0006bc 
l.sfgeu @0006bd 
l.bf @0006cc 
l.sfgeu @0006cd 
l.bf @0006ce 
l.sub @0006cf 
l.and @0006de 
l.andi @0006df 
l.xor @0006e0 
l.mul @0006e1 
l.sfgtu @0006e2 
l.bnf @0006e3 
l.sfltu @0006e4 
l.bnf @0006f3 
l.msb @0006f4 
l.sfgeu @0006f5 
l.bf @0006f6 
l.sll @0006f7 
l.sflesi @000706 
l.bf @000707 
l.add @000708 
l.addc @000717 
l.sfles @000718 
l.bf @000719 
l.sfleui @00071a 
l.bf @000729 
l.sfgeui @00072a 
l.bnf @00072b 
l.sflts @00072c 
l.bf @00073b 
l.ff1 @00073c 
l.cmov @00073d 
l.sfleui @00073e 
l.bf @00073f 
l.xor @000740 
l.sfgts @000741 
l.bf @000742 
l.srl @000743 
l.sfltu @000744 
l.bf @000745 
l.sfgts @000746 
l.bf @000755 
l.sfleui @000756 
l.bf @000765 
l.andi @000766 
l.sfgts @000775 
l.bnf @000776 
l.sfgts @000777 
l.bf @000786 
l.sfeqi @000787 
l.bf @000796 
l.sfgts @000797 
l.bf @000798 
l.sfleu @000799 
l.bnf @00079a 
l.sub @00079b 
l.srai @0007aa 
l.maci @0007ab 
l.sfgtsi @0007ac 
l.bf @0007ad 
l.msb @0007ae 
l.ff1 @0007af 
l.ror @0007b0 
l.ror @0007b1 
l.sfles @0007b2 
l.bf @0007b3 
l.and @0007b4 
l.maci @0007c3 
l.sfgesi @0007c4 
l.bnf @0007c5 
l.sfeq @0007c6 
l.bf @0007d5 
l.sfnei @0007d6 
l.bf @0007e5 
l.fl1 @0007e6 
l.addi @0007f5 
l.add @0007f6 
l.sfgtui @0007f7 
l.bf @0007f8 
l.sflts @0007f9 
l.bf @0007fa 
l.or @0007fb 
l.sfles @0007fc 
l.bf @0007fd 
l.sfgtui @0007fe 
l.bf @0007ff 
l.fl1 @000800 
l.mul @000801 
l.addi @000802 
l.sfgtsi @000803 
l.bf @000804 
l.add @000805 
l.fl1 @000806 
l.sfles @000807 
l.bf @000808 
l.sfeqi @000809 
l.bf @00080a 
l.sra @00080b 
l.sfgtu @00080c 
l.bf @00080d 
l.or @00080e 
l.sub @00080f 
l.add @000810 
l.msb @000811 
l.sflts @000812 
l.bf @000813 
l.srl @000814 
l.ff1 @000815 
l.sfges @000816 
l.bf @000817 
l.sfltui @000818 
l.bf @000827 
l.fl1 @000828 
l.slli @000837 
l.msb @000838 
l.movhi @000839 
l.srl @00083a 
l.movhi @00083b 
l.sfltui @00083c 
l.bf @00083d 
l.xor @00083e 
l.sub @00084d 
l.sfgesi @00084e 
l.bf @00084f 
l.sfeqi @000850 
l.bf @000851 
l.sflesi @000852 
l.bf @000853 
l.sfgtsi @000854 
l.bf @000855 
l.and @000856 
l.sfgtu @000857 
l.bf @000858 
l.sfeq @000859 
l.bf @00085a 
l.slli @00085b 
l.sfgtu @00085c 
l.bnf @00085d 
l.sra @00085e 
l.sfleui @00086d 
l.bf @00086e 
l.rori @00086f 
l.sfgtui @00087e 
l.bf @00087f 
l.or @000880 
l.sfgtui @000881 
l.bf @000882 
l.maci @000883 
l.sflesi @000892 
l.bf @000893 
l.mac @000894 
l.xor @000895 
l.and @000896 
l.sfltu @000897 
l.bf @000898 
l.ori @000899 
l.muli @0008a8 
l.addc @0008a9 
l.slli @0008aa 
l.sfltui @0008ab 
l.bf @0008ac 
l.macrc @0008ad 
l.addic @0008bc 
l.slli @0008bd 
l.sfles @0008be 
l.bf @0008bf 
l.sll @0008c0 
l.rori @0008cf 
l.macrc @0008d0 
l.mac @0008d1 
l.cmov @0008d2 
l.sfnei @0008d3 
l.bf @0008d4 
l.addic @0008d5 
l.sfeqi @0008e4 
l.bf @0008e5 
l.mul @0008e6 
l.sfgesi @0008e7 
l.bf @0008e8 
l.sfles @0008e9 
l.bf @0008ea 
l.slli @0008eb 
l.sflts @0008fa 
l.bf @0008fb 
l.sfgesi @0008fc 
l.bnf @00090b 
l.slli @00090c 
l.sra @00091b 
l.sfgeu @00091c 
l.bf @00091d 
l.xori @00091e 
l.cmov @00092d 
l.andi @00092e 
l.sfgeui @00092f 
l.bf @000930 
l.muli @000931 
l.ror @000932 
l.sfgtsi @000933 
l.bnf @000934 
l.sfleui @000935 
l.bnf @000936 
l.sfgtui @000937 
l.bf @000946 
l.sfeq @000947 
l.bf @000948 
l.sfgtui @000949 
l.bf @00094a 
l.sfnei @00094b 
l.bf @00094c 
l.msb @00094d 
l.sub @00095c 
l.muli @00095d 
l.sfgtu @00095e 
l.bf @00095f 
l.xor @000960 
l.and @000961 
l.ff1 @000962 
l.or @000963 
l.addc @000964 
l.macrc @000965 
l.srl @000966 
l.sfltui @000967 
l.bf @000968 
l.sfltu @000969 
l.bnf @000978 
l.slli @000979 
l.muli @00097a 
l.slli @00097b 
l.sfgeui @00097c 
l.bnf @00097d 
l.mul @00097e 
l.sfgeui @00098d 
l.bf @00098e 
l.muli @00098f 
l.or @000990 
l.ror @000991 
l.or @000992 
l.muli @000993 
l.ror @000994 
l.slli @000995 
l.sfleu @000996 
l.bf @000997 
l.movhi @000998 
l.msb @0009a7 
l.sfgts @0009a8 
l.bf @0009a9 
l.sfgesi @0009aa 
l.bf @0009ab 
l.rori @0009ac 
l.sfles @0009bb 
l.bf @0009bc 
l.add @0009bd 
l.andi @0009cc 
l.xor @0009cd 
l.addic @0009ce 
l.msb @0009cf 
l.andi @0009d0 
l.maci @0009d1 
l.add @0009d2 
l.addc @0009d3 
l.macrc @0009d4 
l.ror @0009d5 
l.sfgts @0009d6 
l.bf @0009d7 
l.sfgesi @0009d8 
l.bf @0009d9 
l.cmov @0009da 
l.fl1 @0009db 
l.andi @0009dc 
l.sfgeui @0009dd 
l.bnf @0009de 
l.sfgeui @0009df 
l.bf @0009ee 
l.srl @0009ef 
l.srai @0009f0 
l.srli @0009f1 
l.ror @0009f2 
l.xor @0009f3 
l.sfleu @0009f4 
l.bnf @0009f5 
l.sfleu @0009f6 
l.bf @000a05 
l.macrc @000a06 
l.add @000a07 
l.rori @000a08 
l.sub @000a09 
l.sfltui @000a0a 
l.bf @000a0b 
l.or @000a0c 
l.and @000a1b 
l.srai @000a1c 
l.sfgtui @000a1d 
l.bf @000a1e 
l.sflesi @000a1f 
l.bf @000a2e 
l.sfnei @000a2f 
l.bf @000a3e 
l.srai @000a3f 
l.or @000a4e 
l.sfgts @000a4f 
l.bf @000a50 
l.sub @000a51 
l.sfgtui @000a52 
l.bf @000a53 
l.sfleu @000a54 
l.bf @000a63 
l.addic @000a64 
l.mac @000a65 
l.sfgtu @000a66 
l.bf @000a67 
l.maci @000a68 
l.add @000a69 
l.addi @000a6a 
l.fl1 @000a6b 
l.sfges @000a6c 
l.bnf @000a6d 
l.sflts @000a6e 
l.bf @000a7d 
l.sfleu @000a7e 
l.bnf @000a7f 
l.or @000a80 
l.addic @000a8f 
l.sfges @000a90 
l.bf @000a91 
l.msb @000a92 
l.sfgtsi @000a93 
l.bf @000a94 
l.maci @000a95 
l.sfeq @000aa4 
l.bf @000aa5 
l.add @000aa6 
l.cmov @000aa7 
l.sfges @000aa8 
l.bf @000aa9 
l.or @000aaa 
l.sflesi @000aab 
l.bnf @000aac 
l.fl1 @000aad 
l.add @000abc 
l.sfleu @000abd 
l.bf @000abe 
l.and @000abf 
l.sfltu @000ac0 
l.bnf @000ac1 
l.sflts @000ac2 
l.bnf @000ad1 
l.sfeq @000ad2 
l.bf @000ad3 
l.sfleui @000ad4 
l.bf @000ad5 
l.macrc @000ad6 
l.ff1 @000ae5 
l.maci @000ae6 
l.or @000ae7 
l.sfles @000ae8 
l.bnf @000ae9 
l.sra @000aea 
l.cmov @000af9 
l.srl @000afa 
l.sfles @000afb 
l.bnf @000afc 
l.sfltui @000afd 
l.bf @000afe 
l.add @000aff 
l.addc @000b0e 
l.rori @000b0f 
l.sfltui @000b10 
l.bnf @000b11 
l.sfeqi @000b12 
l.bf @000b21 
l.srai @000b22 
l.and @000b23 
l.sfltu @000b24 
l.bnf @000b25 
l.sfltui @000b26 
l.bf @000b27 
l.maci @000b28 
l.muli @000b29 
l.sflesi @000b2a 
l.bnf @000b2b 
l.movhi @000b2c 
l.sfleui @000b2d 
l.bf @000b2e 
l.rori @000b2f 
l.add @000b3e 
l.sfgts @000b3f 
l.bf @000b40 
l.macrc @000b41 
l.or @000b50 
l.sflesi @000b51 
l.bf @000b52 
l.sfgtui @000b53 
l.bnf @000b54 
l.rori @000b55 
l.ror @000b56 
l.muli @000b57 
l.addc @000b58 
l.sfltu @000b59 
l.bnf @000b5a 
l.mac @000b5b 
l.sflesi @000b6a 
l.bf @000b6b 
l.sfltui @000b6c 
l.bf @000b6d 
l.movhi @000b6e 
l.add @000b6f 
l.sll @000b70 
l.movhi @000b71 
l.andi @000b72 
l.mul @000b73 
l.or @000b74 
l.sfeqi @000b75 
l.bf @000b76 
l.rori @000b77 
l.sfltu @000b78 
l.bnf @000b79 
l.sfleui @000b7a 
l.bf @000b89 
l.sfeq @000b8a 
l.bf @000b99 
l.ori @000b9a 
l.sfgtui @000b9b 
l.bf @000b9c 
l.sfgts @000b9d 
l.bnf @000b9e 
l.or @000b9f 
l.sfles @000ba0 
l.bnf @000ba1 
l.sub @000ba2 
l.ff1 @000bb1 
l.sfnei @000bb2 
l.bf @000bb3 
l.addi @000bb4 
l.macrc @000bc3 
l.maci @000bc4 
l.slli @000bc5 
l.cmov @000bc6 
l.mac @000bc7 
l.xor @000bc8 
l.sfles @000bc9 
l.bf @000bca 
l.sfgtui @000bcb 
l.bf @000bcc 
l.macrc @000bcd 
l.sfltu @000bce 
l.bf @000bcf 
l.ror @000bd0 
l.sfgeui @000bdf 
l.bf @000be0 
l.srli @000be1 
l.msb @000bf0 
l.add @000bf1 
l.sfgeui @000bf2 
l.bf @000bf3 
l.maci @000bf4 
l.sfgesi @000bf5 
l.bf @000bf6 
l.andi @000bf7 
l.addi @000bf8 
l.srli @000bf9 
l.sfeqi @000bfa 
l.bf @000bfb 
l.cmov @000bfc 
l.addic @000bfd 
l.srli @000bfe 
l.addi @000bff 
l.ori @000c00 
l.sfgeui @000c01 
l.bf @000c02 
l.sra @000c03 
l.andi @000c04 
l.sfgtsi @000c05 
l.bnf @000c06 
l.sub @000c07 
l.sfltsi @000c16 
l.bf @000c17 
l.srai @000c18 
l.sfeqi @000c19 
l.bnf @000c1a 
l.sfgeu @000c1b 
l.bf @000c2a 
l.ff1 @000c2b 
l.sfnei @000c3a 
l.bf @000c3b 
l.sfgeui @000c3c 
l.bf @000c4b 
l.add @000c4c 
l.xor @000c5b 
l.sfnei @000c5c 
l.bf @000c5d 
l.srai @000c5e 
l.sfltu @000c6d 
l.bf @000c6e 
l.movhi @000c6f 
l.xori @000c7e 
l.fl1 @000c7f 
l.sfeqi @000c80 
l.bf @000c81 
l.or @000c82 
l.ror @000c83 
l.sfeq @000c84 
l.bf @000c85 
l.ff1 @000c86 
l.andi @000c87 
l.sub @000c88 
l.sfleui @000c89 
l.bnf @000c8a 
l.sra @000c8b 
l.add @000c9a 
l.add @000c9b 
l.macrc @000c9c 
l.mul @000c9d 
l.sfnei @000c9e 
l.bf @000c9f 
l.sfgesi @000ca0 
l.bf @000caf 
l.andi @000cb0 
l.mac @000cb1 
l.sfltsi @000cb2 
l.bf @000cb3 
l.sfeq @000cb4 
l.bf @000cc3 
l.slli @000cc4 
l.sub @000cd3 
l.sfeqi @000cd4 
l.bf @000cd5 
l.sfeqi @000cd6 
l.bf @000cd7 
l.addic @000cd8 
l.xor @000cd9 
l.addic @000cda 
l.sfnei @000cdb 
l.bnf @000cdc 
l.xori @000cdd 
l.muli @000cde 
l.sfgeui @000cdf 
l.bnf @000ce0 
l.xor @000ce1 
l.muli @000cf0 
l.xori @000cf1 
l.addc @000cf2 
l.muli @000cf3 
l.addc @000cf4 
l.sll @000cf5 
l.ff1 @000cf6 
l.mul @000cf7 
l.sfges @000cf8 
l.bnf @000cf9 
l.ff1 @000cfa 
l.sflesi @000cfb 
l.bf @000cfc 
l.sfeq @000cfd 
l.bnf @000cfe 
l.slli @000cff 
l.sflts @000d0e 
l.bf @000d0f 
l.srai @000d10 
l.sll @000d1f 
l.ror @000d20 
l.andi @000d21 
l.mul @000d22 
l.or @000d23 
l.sub @000d24 
l.add @000d25 
l.sfeqi @000d26 
l.bf @000d27 
l.ori @000d28 
l.sfeqi @000d29 
l.bf @000d2a 
l.sfgeu @000d2b 
l.bf @000d2c 
l.sfgts @000d2d 
l.bnf @000d2e 
l.muli @000d2f 
l.srl @000d3e 
l.addic @000d3f 
l.slli @000d40 
l.sra @000d41 
l.slli @000d42 
l.sfgtu @000d43 
l.bf @000d44 
l.sfgts @000d45 
l.bnf @000d54 
l.add @000d55 
l.sfeq @000d56 
l.bf @000d57 
l.sfgtui @000d58 
l.bf @000d59 
l.sll @000d5a 
l.and @000d69 
l.sfges @000d6a 
l.bnf @000d6b 
l.srli @000d6c 
l.xor @000d6d 
l.sfltsi @000d6e 
l.bf @000d6f 
l.srli @000d70 
l.ff1 @000d71 
l.sfltu @000d72 
l.bf @000d73 
l.sra @000d74 
l.sfleu @000d83 
l.bf @000d84 
l.ror @000d85 
l.or @000d94 
l.sfleu @000d95 
l.bnf @000d96 
l.muli @000d97 
l.rori @000da6 
l.sfleui @000da7 
l.bf @000da8 
l.cmov @000da9 
l.srai @000daa 
l.add @000dab 
l.addi @000dac 
l.sfgesi @000dad 
l.bnf @000dae 
l.maci @000daf 
l.macrc @000db0 
l.ror @000db1 
l.sub @000db2 
l.sflts @000db3 
l.bf @000db4 
l.andi @000db5 
l.ff1 @000db6 
l.or @000db7 
l.ori @000db8 
l.sfgtui @000db9 
l.bnf @000dba 
l.sfltu @000dbb 
l.bf @000dca 
l.ori @000dcb 
l.xori @000dcc 
l.macrc @000dcd 
l.mac @000dce 
l.ori @000dcf 
l.sfleui @000dd0 
l.bf @000dd1 
l.sfges @000dd2 
l.bf @000de1 
l.ori @000de2 
l.or @000de3 
l.fl1 @000de4 
l.sfges @000de5 
l.bf @000de6 
l.and @000de7 
l.ori @000de8 
l.sfgeu @000de9 
l.bnf @000dea 
l.sflesi @000deb 
l.bf @000dfa 
l.addic @000dfb 
l.addc @000e0a 
l.sfgesi @000e0b 
l.bf @000e0c 
l.sfnei @000e0d 
l.bf @000e0e 
l.mul @000e0f 
l.sfltui @000e1e 
l.bf @000e1f 
l.movhi @000e20 
l.sra @000e2f 
l.srl @000e30 
l.msb @000e31 
l.sfgtsi @000e32 
l.bf @000e33 
l.mac @000e34 
l.ori @000e43 
l.sfleu @000e44 
l.bf @000e45 
l.addi @000e46 
l.sll @000e55 
l.cmov @000e56 
l.addc @000e57 
l.sflesi @000e58 
l.bnf @000e59 
l.sfgesi @000e5a 
l.bnf @000e5b 
l.andi @000e5c 
l.addc @000e5d 
l.sfgtsi @000e5e 
l.bf @000e5f 
l.or @000e60 
l.cmov @000e6f 
l.rori @000e70 
l.macrc @000e71 
l.sfgts @000e72 
l.bf @000e73 
l.sfltu @000e74 
l.bf @000e83 
l.sfleui @000e84 
l.bf @000e85 
l.sfleui @000e86 
l.bf @000e95 
l.sfltui @000e96 
l.bf @000e97 
l.sub @000e98 
l.sfleu @000ea7 
l.bf @000ea8 
l.andi @000ea9 
l.msb @000eaa 
l.ori @000eab 
l.sfeq @000eac 
l.bf @000ead 
l.add @000eae 
l.sflesi @000eaf 
l.bnf @000eb0 
l.cmov @000eb1 
l.add @000ec0 
l.addc @000ec1 
l.or @000ec2 
l.sfltsi @000ec3 
l.bnf @000ec4 
l.srai @000ec5 
l.mac @000ed4 
l.add @000ed5 
l.sfeqi @000ed6 
l.bf @000ed7 
l.muli @000ed8 
l.andi @000ed9 
l.addi @000eda 
l.movhi @000edb 
l.sfgtui @000edc 
l.bnf @000edd 
l.add @000ede 
l.muli @000eed 
l.sfles @000eee 
l.bf @000eef 
l.sfleu @000ef0 
l.bf @000eff 
l.sfgeu @000f00 
l.bf @000f0f 
l.sfgtsi @000f10 
l.bf @000f11 
l.sfleu @000f12 
l.bf @000f21 
l.sfleui @000f22 
l.bnf @000f31 
l.ori @000f32 
l.srai @000f33 
l.sfltui @000f34 
l.bf @000f35 
l.mul @000f36 
l.sfgesi @000f45 
l.bf @000f46 
l.ff1 @000f47 
l.sfgts @000f48 
l.bf @000f49 
l.srl @000f4a 
l.cmov @000f4b 
l.sfgeu @000f4c 
l.bnf @000f4d 
l.sfltui @000f4e 
l.bf @000f5d 
l.sfeq @000f5e 
l.bf @000f6d 
l.sfles @000f6e 
l.bf @000f6f 
l.sflesi @000f70 
l.bf @000f71 
l.and @000f72 
l.sflesi @000f73 
l.bf @000f74 
l.sfgtu @000f75 
l.bf @000f76 
l.sra @000f77 
l.macrc @000f86 
l.sfgesi @000f87 
l.bf @000f88 
l.ff1 @000f89 
l.cmov @000f98 
l.sfges @000f99 
l.bnf @000f9a 
l.sub @000f9b 
l.slli @000f9c 
l.addic @000f9d 
l.or @000f9e 
l.and @000f9f 
l.addi @000fa0 
l.sfgeui @000fa1 
l.bnf @000fa2 
l.sfges @000fa3 
l.bf @000fb2 
l.sub @000fb3 
l.sfltu @000fc2 
l.bnf @000fc3 
l.addi @000fc4 
l.slli @000fd3 
l.srl @000fd4 
l.srai @000fd5 
l.msb @000fd6 
l.addi @000fd7 
l.sra @000fd8 
l.addic @000fd9 
l.msb @000fda 
l.sub @000fdb 
l.mac @000fdc 
l.or @000fdd 
l.and @000fde 
l.srli @000fdf 
l.ori @000fe0 
l.ori @000fe1 
l.cmov @000fe2 
l.sll @000fe3 
l.cmov @000fe4 
l.sra @000fe5 
l.ff1 @000fe6 
l.addi @000fe7 
l.maci @000fe8 
l.muli @000fe9 
l.cmov @000fea 
l.srai @000feb 
l.movhi @000fec 
l.rori @000fed 
l.maci @000fee 
l.rori @000fef 
l.fl1 @000ff0 
l.fl1 @000ff1 
l.srai @000ff2 
l.msb @000ff3 
l.sll @000ff4 
l.ff1 @000ff5 
l.muli @000ff6 
l.andi @000ff7 
l.addi @000ff8 
l.add @000ff9 
l.xor @000ffa 
@000ffa e089a000  c
l.srl @000ffb 
@000ffb 54000000  c
l.sll @000ffc 
@000ffc 54000000  d
l.sfgeui @0001c0 
l.bf @0001c1 
l.sfles @0001c2 
l.bf @0001c3 
l.mul @0001c4 
l.cmov @0001d3 
l.xori @0001d4 
l.addi @0001d5 
l.mac @0001d6 
l.movhi @0001d7 
l.sfltu @0001d8 
l.bf @0001d9 
l.sfgtui @0001da 
l.bf @0001e9 
l.sfltu @0001ea 
l.bf @0001eb 
l.sfgts @0001ec 
l.bf @0001ed 
l.sfgtu @0001ee 
l.bf @0001ef 
l.and @0001f0 
l.sfltui @0001f1 
l.bf @0001f2 
l.srai @0001f3 
l.srl @0001f4 
l.slli @0001f5 
l.andi @0001f6 
l.sfltsi @0001f7 
l.bnf @0001f8 
l.sfleu @0001f9 
l.bnf @0001fa 
l.sfltu @0001fb 
l.bf @0001fc 
l.add @0001fd 
l.sfgesi @00020c 
l.bf @00020d 
l.sfgtsi @00020e 
l.bnf @00021d 
l.or @00021e 
l.sll @00022d 
l.fl1 @00022e 
l.add @00022f 
l.sll @000230 
l.add @000231 
l.sra @000232 
l.sfeqi @000233 
l.bnf @000234 
l.sra @000235 
l.sfgesi @000244 
l.bf @000245 
l.and @000246 
l.srl @000255 
l.sfleu @000256 
l.bf @000257 
l.sfltsi @000258 
l.bf @000267 
l.sfgtsi @000268 
l.bf @000269 
l.msb @00026a 
l.srai @000279 
l.srli @00027a 
l.mul @00027b 
l.slli @00027c 
l.andi @00027d 
l.sfleui @00027e 
l.bf @00027f 
l.movhi @000280 
l.sfltu @000281 
l.bf @000282 
l.sflesi @000283 
l.bnf @000292 
l.sra @000293 
l.addic @000294 
l.sfles @000295 
l.bnf @000296 
l.sll @000297 
l.maci @0002a6 
l.and @0002a7 
l.rori @0002a8 
l.mac @0002a9 
l.sfges @0002aa 
l.bnf @0002ab 
l.andi @0002ac 
l.sfltsi @0002ad 
l.bnf @0002ae 
l.movhi @0002af 
l.macrc @0002be 
l.rori @0002bf 
l.cmov @0002c0 
l.addc @0002c1 
l.xori @0002c2 
l.sfltui @0002c3 
l.bf @0002c4 
l.ori @0002c5 
l.srli @0002d4 
l.addi @0002d5 
l.addi @0002d6 
l.mac @0002d7 
l.sfltu @0002d8 
l.bf @0002d9 
l.or @0002da 
l.sfgtui @0002db 
l.bf @0002dc 
l.srl @0002dd 
l.sfgts @0002ec 
l.bf @0002ed 
l.addic @0002ee 
l.addi @0002ef 
l.sfgtu @0002f0 
l.bf @0002f1 
l.mac @0002f2 
l.sfnei @000301 
l.bf @000302 
l.or @000303 
l.addi @000312 
l.sfltsi @000313 
l.bnf @000314 
l.sfleui @000315 
l.bnf @000324 
l.sfeqi @000325 
l.bf @000326 
l.sfltu @000327 
l.bf @000328 
l.muli @000329 
l.sfgesi @000338 
l.bnf @000339 
l.fl1 @00033a 
l.sub @00033b 
l.sflts @00033c 
l.bf @00033d 
l.sfgesi @00033e 
l.bnf @00033f 
l.ori @000340 
l.fl1 @000341 
l.ori @000342 
l.sfges @000343 
l.bf @000344 
l.sra @000345 
l.addic @000354 
l.srl @000355 
l.sfltu @000356 
l.bf @000357 
l.sfges @000358 
l.bnf @000367 
l.sfeqi @000368 
l.bnf @000369 
l.and @00036a 
l.sfltu @000379 
l.bf @00037a 
l.addic @00037b 
l.maci @00038a 
l.ror @00038b 
l.rori @00038c 
l.sflesi @00038d 
l.bf @00038e 
l.or @00038f 
l.macrc @00039e 
l.add @00039f 
l.sfleu @0003a0 
l.bnf @0003a1 
l.rori @0003a2 
l.sfltui @0003a3 
l.bf @0003a4 
l.sfgtsi @0003a5 
l.bf @0003a6 
l.xori @0003a7 
l.mac @0003a8 
l.mul @0003a9 
l.sfges @0003aa 
l.bf @0003ab 
l.sfgtsi @0003ac 
l.bnf @0003ad 
l.sfgtui @0003ae 
l.bf @0003af 
l.slli @0003b0 
l.sfges @0003bf 
l.bf @0003c0 
l.sfgtsi @0003c1 
l.bf @0003d0 
l.sfgtui @0003d1 
l.bf @0003d2 
l.sfltui @0003d3 
l.bf @0003d4 
l.cmov @0003d5 
l.sfleui @0003e4 
l.bf @0003e5 
l.sub @0003e6 
l.sfeq @0003f5 
l.bnf @0003f6 
l.maci @0003f7 
l.sfltu @000406 
l.bf @000407 
l.slli @000408 
l.ror @000409 
l.muli @00040a 
l.sfges @00040b 
l.bnf @00040c 
l.add @00040d 
l.and @00040e 
l.sra @00040f 
l.or @000410 
l.xor @000411 
l.andi @000412 
l.msb @000413 
l.movhi @000414 
l.sfltsi @000415 
l.bf @000416 
l.slli @000417 
l.ori @000418 
l.sfeqi @000419 
l.bf @00041a 
l.sfgeu @00041b 
l.bnf @00041c 
l.slli @00041d 
l.sfnei @00041e 
l.bnf @00041f 
l.ror @000420 
l.macrc @000421 
l.sfltsi @000422 
l.bf @000423 
l.addic @000424 
l.sra @000425 
l.sfltu @000426 
l.bf @000427 
l.sfltu @000428 
l.bf @000437 
l.sflts @000438 
l.bnf @000439 
l.sub @00043a 
l.slli @00043b 
l.movhi @00043c 
l.msb @00043d 
l.xor @00043e 
l.muli @00043f 
l.sfgeui @000440 
l.bf @000441 
l.srai @000442 
l.sfgts @000443 
l.bf @000444 
l.sfgtui @000445 
l.bf @000454 
l.xori @000455 
l.xor @000456 
l.sfgtu @000457 
l.bf @000458 
l.ff1 @000459 
l.ff1 @000468 
l.slli @000469 
l.muli @00046a 
l.sfges @00046b 
l.bf @00046c 
l.xor @00046d 
l.add @00046e 
l.sfgeui @00046f 
l.bf @000470 
l.movhi @000471 
l.ori @000480 
l.sfeq @000481 
l.bf @000482 
l.add @000483 
l.msb @000484 
l.sfgesi @000485 
l.bf @000486 
l.addi @000487 
l.sfges @000496 
l.bf @000497 
l.or @000498 
l.sfleui @0004a7 
l.bf @0004a8 
l.sfltsi @0004a9 
l.bf @0004b8 
l.sfltu @0004b9 
l.bnf @0004c8 
l.sub @0004c9 
l.xori @0004ca 
l.xori @0004cb 
l.sfgtsi @0004cc 
l.bf @0004cd 
l.fl1 @0004ce 
l.mac @0004dd 
l.mac @0004de 
l.msb @0004df 
l.or @0004e0 
l.sll @0004e1 
l.xori @0004e2 
l.msb @0004e3 
l.ori @0004e4 
l.mul @0004e5 
l.sflesi @0004e6 
l.bf @0004e7 
l.msb @0004e8 
l.cmov @0004e9 
l.sfltu @0004ea 
l.bf @0004eb 
l.fl1 @0004ec 
l.xori @0004ed 
l.sfnei @0004ee 
l.bf @0004ef 
l.slli @0004f0 
l.rori @0004ff 
l.sra @000500 
l.maci @000501 
l.srai @000502 
l.sfgts @000503 
l.bf @000504 
l.sfltui @000505 
l.bf @000506 
l.srli @000507 
l.sra @000516 
l.sfgesi @000517 
l.bf @000518 
l.mul @000519 
l.xor @000528 
l.add @000529 
l.andi @00052a 
l.or @00052b 
l.sfeq @00052c 
l.bf @00052d 
l.ff1 @00052e 
l.srli @00052f 
l.sfgeu @000530 
l.bf @000531 
l.sflesi @000532 
l.bf @000541 
l.and @000542 
l.xor @000543 
l.addc @000544 
l.sfgtu @000545 
l.bf @000546 
l.addic @000547 
l.sfgtsi @000548 
l.bf @000549 
l.sfgesi @00054a 
l.bf @00054b 
l.sfleu @00054c 
l.bf @00055b 
l.ror @00055c 
l.sfgtsi @00056b 
l.bf @00056c 
l.sfgts @00056d 
l.bf @00056e 
l.or @00056f 
l.sfeq @000570 
l.bf @000571 
l.mac @000572 
l.add @000581 
l.sfeqi @000582 
l.bnf @000583 
l.sfgtu @000584 
l.bf @000593 
l.movhi @000594 
l.sfgtsi @000595 
l.bf @000596 
l.or @000597 
l.sfleu @000598 
l.bf @000599 
l.macrc @00059a 
l.sfgesi @00059b 
l.bnf @00059c 
l.movhi @00059d 
l.sfleu @00059e 
l.bf @00059f 
l.sub @0005a0 
l.sfeq @0005a1 
l.bf @0005a2 
l.sfeq @0005a3 
l.bf @0005a4 
l.sfeqi @0005a5 
l.bnf @0005a6 
l.sfges @0005a7 
l.bf @0005b6 
l.mac @0005b7 
l.sflts @0005c6 
l.bnf @0005c7 
l.sfnei @0005c8 
l.bnf @0005c9 
l.ff1 @0005ca 
l.sfltu @0005cb 
l.bnf @0005cc 
l.fl1 @0005cd 
l.and @0005dc 
l.or @0005dd 
l.muli @0005de 
l.mac @0005df 
l.ori @0005e0 
l.addic @0005e1 
l.sfgts @0005e2 
l.bf @0005e3 
l.sfltu @0005e4 
l.bf @0005e5 
l.fl1 @0005e6 
l.xor @0005e7 
l.addic @0005e8 
l.sfltu @0005e9 
l.bf @0005ea 
l.sfltui @0005eb 
l.bf @0005ec 
l.sflesi @0005ed 
l.bf @0005fc 
l.sfgesi @0005fd 
l.bf @00060c 
l.muli @00060d 
l.sfnei @00061c 
l.bnf @00061d 
l.addc @00061e 
l.sfltu @00061f 
l.bf @000620 
l.and @000621 
l.sub @000630 
l.sfleu @000631 
l.bnf @000632 
l.slli @000633 
l.add @000634 
l.xor @000635 
l.or @000636 
l.msb @000637 
l.addi @000638 
l.sfgtsi @000639 
l.bnf @00063a 
l.addic @00063b 
l.mac @00064a 
l.movhi @00064b 
l.sfltu @00064c 
l.bf @00064d 
l.xori @00064e 
l.maci @00064f 
l.addc @000650 
l.sfleui @000651 
l.bf @000652 
l.addc @000653 
l.mac @000662 
l.sflesi @000663 
l.bf @000664 
l.sfles @000665 
l.bf @000666 
l.sfltsi @000667 
l.bf @000676 
l.sfges @000677 
l.bf @000686 
l.addic @000687 
l.sfltu @000688 
l.bf @000689 
l.xori @00068a 
l.xori @00068b 
l.or @00068c 
l.sfltu @00068d 
l.bf @00068e 
l.sfgts @00068f 
l.bf @000690 
l.sfeq @000691 
l.bf @000692 
l.sub @000693 
l.ff1 @000694 
l.cmov @000695 
l.mul @000696 
l.sfeqi @000697 
l.bnf @000698 
l.macrc @000699 
l.add @0006a8 
l.muli @0006a9 
l.sfnei @0006aa 
l.bnf @0006ab 
l.xori @0006ac 
l.sfeqi @0006ad 
l.bf @0006ae 
l.addc @0006af 
l.sra @0006b0 
l.and @0006b1 
l.sfgeui @0006b2 
l.bnf @0006b3 
l.add @0006b4 
l.sfgeu @0006c3 
l.bf @0006c4 
l.sfleui @0006c5 
l.bf @0006d4 
l.muli @0006d5 
l.add @0006d6 
l.sfnei @0006d7 
l.bf @0006d8 
l.sfleu @0006d9 
l.bf @0006e8 
l.sfles @0006e9 
l.bf @0006f8 
l.msb @0006f9 
l.sfleu @000708 
l.bnf @000709 
l.xor @00070a 
l.sfeq @00070b 
l.bf @00070c 
l.sfgeui @00070d 
l.bnf @00070e 
l.sflts @00070f 
l.bnf @000710 
l.add @000711 
l.and @000720 
l.sfgts @000721 
l.bf @000722 
l.sra @000723 
l.sfgesi @000732 
l.bf @000733 
l.sfeqi @000734 
l.bf @000735 
l.cmov @000736 
l.sub @000737 
l.sflts @000738 
l.bf @000739 
l.addi @00073a 
l.or @000749 
l.cmov @00074a 
l.sfltui @00074b 
l.bnf @00074c 
l.fl1 @00074d 
l.sfgtui @00074e 
l.bnf @00074f 
l.sfgts @000750 
l.bnf @00075f 
l.cmov @000760 
l.sfgesi @000761 
l.bnf @000762 
l.or @000763 
l.ff1 @000772 
l.sflesi @000773 
l.bf @000774 
l.muli @000775 
l.mul @000776 
l.sfltu @000777 
l.bf @000778 
l.movhi @000779 
l.sfgtui @000788 
l.bf @000789 
l.ori @00078a 
l.srli @000799 
l.srai @00079a 
l.sfeq @00079b 
l.bnf @00079c 
l.sfgtsi @00079d 
l.bf @0007ac 
l.sfgesi @0007ad 
l.bf @0007ae 
l.sfgesi @0007af 
l.bf @0007b0 
l.and @0007b1 
l.ori @0007c0 
l.sfgtsi @0007c1 
l.bf @0007c2 
l.andi @0007c3 
l.srli @0007c4 
l.or @0007c5 
l.mac @0007c6 
l.sflts @0007c7 
l.bnf @0007c8 
l.maci @0007c9 
l.or @0007d8 
l.srai @0007d9 
l.macrc @0007da 
l.sub @0007db 
l.rori @0007dc 
l.andi @0007dd 
l.sfltu @0007de 
l.bf @0007df 
l.addic @0007e0 
l.xor @0007ef 
l.or @0007f0 
l.sfles @0007f1 
l.bf @0007f2 
l.sfeqi @0007f3 
l.bf @000802 
l.mul @000803 
l.sfgeu @000804 
l.bf @000805 
l.andi @000806 
l.mac @000807 
l.sfles @000808 
l.bnf @000809 
l.sfleu @00080a 
l.bf @00080b 
l.rori @00080c 
l.add @00081b 
l.mac @00081c 
l.add @00081d 
l.mac @00081e 
l.sfgesi @00081f 
l.bf @000820 
l.or @000821 
l.muli @000830 
l.sfgtsi @000831 
l.bnf @000832 
l.sfles @000833 
l.bf @000834 
l.sfgtui @000835 
l.bf @000844 
l.maci @000845 
l.sfeqi @000846 
l.bnf @000847 
l.rori @000848 
l.addi @000857 
l.sfeq @000858 
l.bf @000859 
l.sll @00085a 
l.msb @00085b 
l.sflts @00085c 
l.bf @00085d 
l.slli @00085e 
l.sfgeu @00085f 
l.bf @000860 
l.ori @000861 
l.maci @000870 
l.macrc @000871 
l.sll @000872 
l.slli @000873 
l.sfgesi @000874 
l.bnf @000875 
l.movhi @000876 
l.add @000885 
l.sfgts @000886 
l.bf @000887 
l.ff1 @000888 
l.addi @000897 
l.sfleui @000898 
l.bnf @000899 
l.fl1 @00089a 
l.and @00089b 
l.add @00089c 
l.srli @00089d 
l.srai @00089e 
l.or @00089f 
l.addi @0008a0 
l.xori @0008a1 
l.srai @0008a2 
l.sflts @0008a3 
l.bf @0008a4 
l.sfeqi @0008a5 
l.bf @0008a6 
l.sub @0008a7 
l.addc @0008a8 
l.srai @0008a9 
l.andi @0008aa 
l.slli @0008ab 
l.srli @0008ac 
l.add @0008ad 
l.addi @0008ae 
l.sfgeui @0008af 
l.bf @0008b0 
l.slli @0008b1 
l.sra @0008b2 
l.andi @0008b3 
l.xor @0008b4 
l.sflesi @0008b5 
l.bf @0008b6 
l.fl1 @0008b7 
l.or @0008c6 
l.movhi @0008c7 
l.sub @0008c8 
l.addc @0008c9 
l.addic @0008ca 
l.sfgtu @0008cb 
l.bf @0008cc 
l.sub @0008cd 
l.add @0008ce 
l.and @0008cf 
l.sll @0008d0 
l.mac @0008d1 
l.sfgtu @0008d2 
l.bf @0008d3 
l.or @0008d4 
l.xor @0008e3 
l.slli @0008e4 
l.xori @0008e5 
l.sfltui @0008e6 
l.bf @0008e7 
l.addi @0008e8 
l.rori @0008e9 
l.xori @0008ea 
l.msb @0008eb 
l.xor @0008ec 
l.sra @0008ed 
l.sfltu @0008ee 
l.bf @0008ef 
l.ff1 @0008f0 
l.ff1 @0008f1 
l.sfltu @0008f2 
l.bf @0008f3 
l.srai @0008f4 
l.sfleui @000903 
l.bf @000904 
l.sfltu @000905 
l.bf @000914 
l.ff1 @000915 
l.mac @000924 
l.sfeqi @000925 
l.bf @000926 
l.cmov @000927 
l.addc @000928 
l.addi @000929 
l.rori @00092a 
l.cmov @00092b 
l.or @00092c 
l.sflts @00092d 
l.bnf @00092e 
l.rori @00092f 
l.sfles @000930 
l.bnf @000931 
l.andi @000932 
l.sfltsi @000941 
l.bf @000942 
l.sfles @000943 
l.bf @000952 
l.slli @000953 
l.sfltu @000962 
l.bf @000963 
l.addi @000964 
l.srai @000973 
l.sfleu @000974 
l.bf @000975 
l.sfltui @000976 
l.bf @000985 
l.macrc @000986 
l.sll @000995 
l.maci @000996 
l.or @000997 
l.addic @000998 
l.macrc @000999 
l.sfltsi @00099a 
l.bf @00099b 
l.addc @00099c 
l.msb @0009ab 
l.ori @0009ac 
l.addic @0009ad 
l.sub @0009ae 
l.sll @0009af 
l.msb @0009b0 
l.addc @0009b1 
l.xor @0009b2 
l.sfnei @0009b3 
l.bf @0009b4 
l.slli @0009b5 
l.sflesi @0009c4 
l.bf @0009c5 
l.ori @0009c6 
l.and @0009d5 
l.add @0009d6 
l.xor @0009d7 
l.sfgtui @0009d8 
l.bf @0009d9 
l.sfges @0009da 
l.bf @0009db 
l.sub @0009dc 
l.sfltsi @0009dd 
l.bf @0009de 
l.sub @0009df 
l.sflts @0009ee 
l.bf @0009ef 
l.mul @0009f0 
l.maci @0009ff 
l.muli @000a00 
l.macrc @000a01 
l.addi @000a02 
l.addc @000a03 
l.msb @000a04 
l.mac @000a05 
l.sfgtui @000a06 
l.bnf @000a07 
l.sll @000a08 
l.or @000a17 
l.srli @000a18 
l.ff1 @000a19 
l.sfleu @000a1a 
l.bf @000a1b 
l.sfleu @000a1c 
l.bf @000a2b 
l.sfgesi @000a2c 
l.bf @000a2d 
l.sfles @000a2e 
l.bf @000a2f 
l.fl1 @000a30 
l.add @000a31 
l.sfltu @000a32 
l.bf @000a33 
l.sfeq @000a34 
l.bf @000a43 
l.or @000a44 
l.sfgeu @000a45 
l.bf @000a46 
l.xor @000a47 
l.andi @000a56 
l.macrc @000a57 
l.xori @000a58 
l.srli @000a59 
l.sfgeu @000a5a 
l.bnf @000a5b 
l.macrc @000a5c 
l.srl @000a5d 
l.sfgts @000a5e 
l.bf @000a5f 
l.sfgts @000a60 
l.bf @000a6f 
l.addc @000a70 
l.srli @000a71 
l.srl @000a72 
l.sfeqi @000a73 
l.bf @000a74 
l.sfgtu @000a75 
l.bf @000a76 
l.rori @000a77 
l.cmov @000a78 
l.msb @000a79 
l.movhi @000a7a 
l.ori @000a7b 
l.sfgeu @000a7c 
l.bf @000a7d 
l.sfeq @000a7e 
l.bf @000a7f 
l.sfgtui @000a80 
l.bnf @000a81 
l.sfeqi @000a82 
l.bf @000a91 
l.or @000a92 
l.maci @000a93 
l.sfgtu @000a94 
l.bf @000a95 
l.sfgts @000a96 
l.bf @000a97 
l.andi @000a98 
l.macrc @000aa7 
l.ori @000aa8 
l.mul @000aa9 
l.sll @000aaa 
l.sra @000aab 
l.and @000aac 
l.sfltui @000aad 
l.bnf @000aae 
l.addi @000aaf 
l.sfgtu @000ab0 
l.bf @000ab1 
l.srl @000ab2 
l.xori @000ab3 
l.sflesi @000ab4 
l.bnf @000ab5 
l.rori @000ab6 
l.xori @000ac5 
l.sflts @000ac6 
l.bnf @000ac7 
l.sfnei @000ac8 
l.bf @000ac9 
l.srai @000aca 
l.msb @000ad9 
l.sfleui @000ada 
l.bf @000adb 
l.sflesi @000adc 
l.bnf @000aeb 
l.sfnei @000aec 
l.bnf @000afb 
l.sfgts @000afc 
l.bf @000afd 
l.add @000afe 
l.fl1 @000aff 
l.rori @000b00 
l.rori @000b01 
l.srai @000b02 
l.sflesi @000b03 
l.bf @000b04 
l.add @000b05 
l.sfgts @000b14 
l.bf @000b15 
l.movhi @000b16 
l.ror @000b17 
l.sfltu @000b18 
l.bf @000b19 
l.or @000b1a 
l.sfleu @000b29 
l.bf @000b2a 
l.sfleu @000b2b 
l.bnf @000b2c 
l.add @000b2d 
l.sfnei @000b3c 
l.bf @000b3d 
l.sfgeu @000b3e 
l.bnf @000b4d 
l.maci @000b4e 
l.ff1 @000b5d 
l.or @000b5e 
l.sfgeu @000b5f 
l.bf @000b60 
l.xori @000b61 
l.sfgeui @000b62 
l.bnf @000b63 
l.sfleui @000b64 
l.bf @000b73 
l.xor @000b74 
l.sfltu @000b75 
l.bf @000b76 
l.sfgtui @000b77 
l.bf @000b86 
l.sub @000b87 
l.addi @000b88 
l.sfleui @000b89 
l.bnf @000b8a 
l.xor @000b8b 
l.sfleui @000b8c 
l.bf @000b8d 
l.macrc @000b8e 
l.or @000b9d 
l.sfges @000b9e 
l.bf @000b9f 
l.addic @000ba0 
l.maci @000baf 
l.sll @000bb0 
l.sfeqi @000bb1 
l.bf @000bb2 
l.ror @000bb3 
l.sll @000bb4 
l.sflesi @000bb5 
l.bf @000bb6 
l.sfltu @000bb7 
l.bf @000bc6 
l.sflesi @000bc7 
l.bf @000bd6 
l.srli @000bd7 
l.sfles @000be6 
l.bf @000be7 
l.sfgtui @000be8 
l.bf @000be9 
l.muli @000bea 
l.and @000bf9 
l.sflesi @000bfa 
l.bf @000bfb 
l.and @000bfc 
l.fl1 @000bfd 
l.sfleu @000bfe 
l.bf @000bff 
l.sfles @000c00 
l.bf @000c0f 
l.sfleu @000c10 
l.bnf @000c1f 
l.movhi @000c20 
l.fl1 @000c21 
l.sfeq @000c22 
l.bf @000c23 
l.xori @000c24 
l.sflts @000c25 
l.bf @000c26 
l.sfgtui @000c27 
l.bf @000c28 
l.or @000c29 
l.ff1 @000c38 
l.sfgeu @000c39 
l.bnf @000c3a 
l.sfgtsi @000c3b 
l.bf @000c3c 
l.and @000c3d 
l.sfeqi @000c4c 
l.bf @000c4d 
l.and @000c4e 
l.sll @000c4f 
l.sfles @000c50 
l.bf @000c51 
l.addic @000c52 
l.sfnei @000c61 
l.bf @000c62 
l.ff1 @000c63 
l.rori @000c72 
l.sfges @000c73 
l.bf @000c74 
l.addc @000c75 
l.sub @000c76 
l.sfgeui @000c77 
l.bf @000c78 
l.sfltu @000c79 
l.bf @000c7a 
l.sfeqi @000c7b 
l.bf @000c7c 
l.sfltu @000c7d 
l.bf @000c7e 
l.sfeq @000c7f 
l.bnf @000c8e 
l.sfgtui @000c8f 
l.bf @000c90 
l.sflts @000c91 
l.bf @000c92 
l.sfges @000c93 
l.bf @000c94 
l.muli @000c95 
l.or @000c96 
l.addic @000c97 
l.sfleui @000c98 
l.bf @000c99 
l.fl1 @000c9a 
l.sfeqi @000c9b 
l.bf @000c9c 
l.mac @000c9d 
l.sub @000c9e 
l.mac @000c9f 
l.msb @000ca0 
l.srai @000ca1 
l.sfeq @000ca2 
l.bf @000ca3 
l.sfeqi @000ca4 
l.bnf @000ca5 
l.addi @000ca6 
l.fl1 @000cb5 
l.muli @000cb6 
l.sfnei @000cb7 
l.bf @000cb8 
l.sflts @000cb9 
l.bf @000cc8 
l.sfgeu @000cc9 
l.bf @000cca 
l.sfnei @000ccb 
l.bnf @000cda 
l.sfltu @000cdb 
l.bf @000cdc 
l.sfgesi @000cdd 
l.bf @000cde 
l.andi @000cdf 
l.sfltu @000ce0 
l.bf @000ce1 
l.sfleu @000ce2 
l.bf @000ce3 
l.muli @000ce4 
l.and @000ce5 
l.srli @000ce6 
l.sfleui @000ce7 
l.bf @000ce8 
l.sfgesi @000ce9 
l.bf @000cf8 
l.sfles @000cf9 
l.bnf @000d08 
l.movhi @000d09 
l.sra @000d18 
l.sfges @000d19 
l.bf @000d1a 
l.sfltu @000d1b 
l.bf @000d1c 
l.ror @000d1d 
l.slli @000d1e 
l.xori @000d1f 
l.maci @000d20 
l.movhi @000d21 
l.xor @000d22 
l.ori @000d23 
l.sfeq @000d24 
l.bf @000d25 
l.add @000d26 
l.sfgtu @000d27 
l.bnf @000d28 
l.sfgtsi @000d29 
l.bf @000d2a 
l.mac @000d2b 
l.ror @000d2c 
l.xori @000d2d 
l.sfles @000d2e 
l.bf @000d2f 
l.fl1 @000d30 
l.mul @000d3f 
l.maci @000d40 
l.msb @000d41 
l.muli @000d42 
l.movhi @000d43 
l.fl1 @000d44 
l.or @000d45 
l.sfgts @000d46 
l.bf @000d47 
l.or @000d48 
l.mul @000d49 
l.sra @000d4a 
l.sfgtu @000d4b 
l.bf @000d4c 
l.ori @000d4d 
l.sfgeui @000d5c 
l.bf @000d5d 
l.mac @000d5e 
l.sfgeui @000d5f 
l.bf @000d60 
l.sfgtsi @000d61 
l.bf @000d62 
l.sll @000d63 
l.ori @000d64 
l.sfgtui @000d65 
l.bnf @000d66 
l.addc @000d67 
l.sfgesi @000d68 
l.bf @000d69 
l.sfgts @000d6a 
l.bf @000d79 
l.sfgtsi @000d7a 
l.bnf @000d7b 
l.sfltu @000d7c 
l.bf @000d8b 
l.mul @000d8c 
l.srl @000d9b 
l.sfltu @000d9c 
l.bnf @000d9d 
l.addi @000d9e 
l.or @000d9f 
l.sflesi @000da0 
l.bf @000da1 
l.sll @000da2 
l.fl1 @000db1 
l.sfeqi @000db2 
l.bnf @000db3 
l.addic @000db4 
l.or @000dc3 
l.srli @000dc4 
l.cmov @000dc5 
l.sll @000dc6 
l.fl1 @000dc7 
l.xori @000dc8 
l.sll @000dc9 
l.ori @000dca 
l.add @000dcb 
l.addc @000dcc 
l.sfgtui @000dcd 
l.bf @000dce 
l.sfgeui @000dcf 
l.bf @000dd0 
l.sfgeu @000dd1 
l.bf @000dd2 
l.slli @000dd3 
l.mac @000dd4 
l.ror @000dd5 
l.ff1 @000dd6 
l.sll @000dd7 
l.addi @000dd8 
l.addic @000dd9 
l.addic @000dda 
l.sfgeu @000ddb 
l.bnf @000ddc 
l.cmov @000ddd 
l.addi @000dde 
l.macrc @000ddf 
l.sfgeui @000de0 
l.bf @000de1 
l.add @000de2 
l.sfgtu @000df1 
l.bf @000df2 
l.sfgesi @000df3 
l.bf @000e02 
l.sfeqi @000e03 
l.bnf @000e04 
l.sub @000e05 
l.addic @000e14 
l.xori @000e15 
l.mac @000e16 
l.sfltsi @000e17 
l.bnf @000e18 
l.ror @000e19 
l.sfles @000e28 
l.bf @000e29 
l.sfltsi @000e2a 
l.bf @000e2b 
l.sub @000e2c 
l.movhi @000e2d 
l.muli @000e2e 
l.slli @000e2f 
l.maci @000e30 
l.cmov @000e31 
l.addc @000e32 
l.macrc @000e33 
l.slli @000e34 
l.andi @000e35 
l.addic @000e36 
l.slli @000e37 
l.sflts @000e38 
l.bf @000e39 
l.sfeq @000e3a 
l.bf @000e49 
l.sfeq @000e4a 
l.bnf @000e4b 
l.sfltu @000e4c 
l.bf @000e4d 
l.sfles @000e4e 
l.bnf @000e5d 
l.and @000e5e 
l.srli @000e5f 
l.mul @000e60 
l.sfltui @000e61 
l.bf @000e62 
l.add @000e63 
l.maci @000e72 
l.srl @000e73 
l.sfgtui @000e74 
l.bf @000e75 
l.ff1 @000e76 
l.addi @000e77 
l.slli @000e78 
l.add @000e79 
l.sfgesi @000e7a 
l.bf @000e7b 
l.or @000e7c 
l.sub @000e8b 
l.sfltu @000e8c 
l.bnf @000e8d 
l.andi @000e8e 
l.sfleu @000e9d 
l.bnf @000e9e 
l.sfgtsi @000e9f 
l.bnf @000eae 
l.sfleu @000eaf 
l.bf @000eb0 
l.sfltu @000eb1 
l.bf @000eb2 
l.sflesi @000eb3 
l.bf @000ec2 
l.sub @000ec3 
l.sflts @000ec4 
l.bf @000ec5 
l.ror @000ec6 
l.sfles @000ed5 
l.bf @000ed6 
l.and @000ed7 
l.sfgtu @000ee6 
l.bf @000ee7 
l.sfeq @000ee8 
l.bf @000ee9 
l.and @000eea 
l.sll @000eeb 
l.sfgeu @000eec 
l.bf @000eed 
l.ff1 @000eee 
l.sub @000eef 
l.sfltsi @000ef0 
l.bf @000ef1 
l.macrc @000ef2 
l.andi @000ef3 
l.slli @000ef4 
l.sfgeui @000ef5 
l.bf @000ef6 
l.srai @000ef7 
l.msb @000f06 
l.xori @000f07 
l.or @000f08 
l.add @000f09 
l.add @000f0a 
l.sfgeu @000f0b 
l.bf @000f0c 
l.sfgtu @000f0d 
l.bf @000f0e 
l.sfltui @000f0f 
l.bf @000f10 
l.slli @000f11 
l.sfgesi @000f12 
l.bf @000f13 
l.sfltui @000f14 
l.bf @000f15 
l.addic @000f16 
l.sfleui @000f17 
l.bf @000f18 
l.sll @000f19 
l.mul @000f28 
l.mul @000f29 
l.addic @000f2a 
l.addc @000f2b 
l.and @000f2c 
l.srl @000f2d 
l.sfgtui @000f2e 
l.bf @000f2f 
l.add @000f30 
l.add @000f31 
l.srl @000f32 
l.sfnei @000f33 
l.bf @000f34 
l.msb @000f35 
l.ror @000f44 
l.sflesi @000f45 
l.bf @000f46 
l.sra @000f47 
l.srli @000f48 
l.macrc @000f49 
l.xori @000f4a 
l.addc @000f4b 
l.fl1 @000f4c 
l.sfnei @000f4d 
l.bf @000f4e 
l.slli @000f4f 
l.sfeqi @000f5e 
l.bf @000f5f 
l.sfltui @000f60 
l.bf @000f61 
l.sfnei @000f62 
l.bnf @000f63 
l.msb @000f64 
l.add @000f65 
l.add @000f66 
l.sfltu @000f67 
l.bf @000f68 
l.macrc @000f69 
l.muli @000f78 
l.sflts @000f79 
l.bf @000f7a 
l.sflts @000f7b 
l.bf @000f7c 
l.sflesi @000f7d 
l.bf @000f8c 
l.sfgtu @000f8d 
l.bf @000f8e 
l.sfgeui @000f8f 
l.bf @000f90 
l.xor @000f91 
l.msb @000fa0 
l.sfles @000fa1 
l.bf @000fa2 
l.sfgts @000fa3 
l.bf @000fa4 
l.sra @000fa5 
l.sfgtui @000fa6 
l.bf @000fa7 
l.xori @000fa8 
l.srl @000fb7 
l.add @000fb8 
l.ff1 @000fb9 
l.add @000fba 
l.add @000fbb 
l.sfeqi @000fbc 
l.bf @000fbd 
l.sfgeu @000fbe 
l.bf @000fbf 
l.or @000fc0 
l.mul @000fcf 
l.addi @000fd0 
l.addi @000fd1 
l.macrc @000fd2 
l.sll @000fd3 
l.movhi @000fd4 
l.srl @000fd5 
l.rori @000fd6 
l.srli @000fd7 
l.maci @000fd8 
l.addc @000fd9 
l.fl1 @000fda 
l.slli @000fdb 
l.msb @000fdc 
l.addic @000fdd 
l.xori @000fde 
l.xor @000fdf 
l.addic @000fe0 
l.fl1 @000fe1 
l.add @000fe2 
l.maci @000fe3 
l.maci @000fe4 
l.srai @000fe5 
l.addi @000fe6 
l.srai @000fe7 
l.cmov @000fe8 
l.fl1 @000fe9 
l.mac @000fea 
l.xori @000feb 
l.andi @000fec 
l.ff1 @000fed 
l.xori @000fee 
l.mac @000fef 
l.addic @000ff0 
l.and @000ff1 
l.macrc @000ff2 
l.ori @000ff3 
l.sub @000ff4 
l.sub @000ff5 
l.ff1 @000ff6 
l.addc @000ff7 
l.macrc @000ff8 
l.xori @000ff9 
l.cmov @000ffa 
@000ffa ac000000  c
l.slli @000ffb 
@000ffb 54000000  c
l.ff1 @000ffc 
@000ffc 54000000  d
l.andi @0001c0 
l.addic @0001c1 
l.sfgtu @0001c2 
l.bf @0001c3 
l.sfleui @0001c4 
l.bf @0001c5 
l.xor @0001c6 
l.msb @0001c7 
l.sflesi @0001c8 
l.bnf @0001c9 
l.sfgtui @0001ca 
l.bf @0001cb 
l.sfgesi @0001cc 
l.bf @0001db 
l.add @0001dc 
l.sfges @0001dd 
l.bf @0001de 
l.srli @0001df 
l.msb @0001e0 
l.sfles @0001e1 
l.bf @0001e2 
l.msb @0001e3 
l.sfeqi @0001f2 
l.bf @0001f3 
l.addic @0001f4 
l.sfltu @0001f5 
l.bf @0001f6 
l.sfnei @0001f7 
l.bf @0001f8 
l.movhi @0001f9 
l.maci @000208 
l.addc @000209 
l.sfgeui @00020a 
l.bf @00020b 
l.sfgtu @00020c 
l.bf @00020d 
l.addi @00020e 
l.sfeqi @00020f 
l.bnf @000210 
l.sfleu @000211 
l.bf @000220 
l.sfltui @000221 
l.bf @000222 
l.and @000223 
l.sfltu @000232 
l.bnf @000233 
l.sflesi @000234 
l.bnf @000243 
l.movhi @000244 
l.xor @000245 
l.addc @000246 
l.ori @000247 
l.sfgeui @000248 
l.bnf @000249 
l.srli @00024a 
l.sflts @00024b 
l.bf @00024c 
l.sfnei @00024d 
l.bf @00025c 
l.sfltu @00025d 
l.bf @00026c 
l.macrc @00026d 
l.sfles @00026e 
l.bf @00026f 
l.xori @000270 
l.macrc @00027f 
l.sfltui @000280 
l.bf @000281 
l.andi @000282 
l.fl1 @000291 
l.srli @000292 
l.rori @000293 
l.muli @000294 
l.msb @000295 
l.sflesi @000296 
l.bf @000297 
l.sfgts @000298 
l.bf @000299 
l.xori @00029a 
l.addi @0002a9 
l.addc @0002aa 
l.sfgtui @0002ab 
l.bf @0002ac 
l.msb @0002ad 
l.sfleu @0002bc 
l.bf @0002bd 
l.sflesi @0002be 
l.bf @0002bf 
l.sfeqi @0002c0 
l.bf @0002c1 
l.xori @0002c2 
l.sflts @0002c3 
l.bf @0002c4 
l.ff1 @0002c5 
l.sflesi @0002d4 
l.bf @0002d5 
l.sfltui @0002d6 
l.bnf @0002d7 
l.ror @0002d8 
l.msb @0002d9 
l.addc @0002da 
l.sll @0002db 
l.or @0002dc 
l.sfgeu @0002dd 
l.bf @0002de 
l.sll @0002df 
l.sfgts @0002ee 
l.bf @0002ef 
l.muli @0002f0 
l.sub @0002f1 
l.addc @0002f2 
l.sfleui @0002f3 
l.bnf @0002f4 
l.sfgts @0002f5 
l.bnf @0002f6 
l.sfleui @0002f7 
l.bf @0002f8 
l.sfeq @0002f9 
l.bf @000308 
l.sfeq @000309 
l.bf @00030a 
l.or @00030b 
l.srai @00030c 
l.sfgts @00030d 
l.bf @00030e 
l.slli @00030f 
l.mac @000310 
l.add @000311 
l.and @000312 
l.macrc @000313 
l.slli @000314 
l.mac @000315 
l.addic @000316 
l.movhi @000317 
l.sra @000318 
l.sfnei @000319 
l.bf @00031a 
l.macrc @00031b 
l.srai @00032a 
l.sfges @00032b 
l.bf @00032c 
l.andi @00032d 
l.srai @00032e 
l.cmov @00032f 
l.sra @000330 
l.sra @000331 
l.sfles @000332 
l.bf @000333 
l.sfgeui @000334 
l.bf @000343 
l.sll @000344 
l.cmov @000345 
l.sfgtsi @000346 
l.bf @000347 
l.sfgtu @000348 
l.bf @000349 
l.or @00034a 
l.sfgesi @000359 
l.bf @00035a 
l.mul @00035b 
l.sfles @00036a 
l.bf @00036b 
l.andi @00036c 
l.sfltui @00036d 
l.bf @00036e 
l.fl1 @00036f 
l.srl @00037e 
l.slli @00037f 
l.add @000380 
l.sfgtsi @000381 
l.bf @000382 
l.sfges @000383 
l.bf @000384 
l.xor @000385 
l.addc @000394 
l.ror @000395 
l.andi @000396 
l.addc @000397 
l.add @000398 
l.sfeqi @000399 
l.bf @00039a 
l.sfltu @00039b 
l.bnf @00039c 
l.sfgtsi @00039d 
l.bf @00039e 
l.srli @00039f 
l.sfleui @0003a0 
l.bf @0003a1 
l.mac @0003a2 
l.sfges @0003a3 
l.bf @0003a4 
l.sfltu @0003a5 
l.bf @0003a6 
l.sfnei @0003a7 
l.bf @0003b6 
l.sfgeu @0003b7 
l.bf @0003c6 
l.maci @0003c7 
l.sfgesi @0003d6 
l.bf @0003d7 
l.muli @0003d8 
l.sub @0003d9 
l.srl @0003da 
l.sfgeu @0003db 
l.bf @0003dc 
l.mul @0003dd 
l.ff1 @0003de 
l.or @0003df 
l.xori @0003e0 
l.sfgesi @0003e1 
l.bf @0003e2 
l.rori @0003e3 
l.xor @0003e4 
l.sub @0003e5 
l.addic @0003e6 
l.add @0003e7 
l.add @0003e8 
l.sflesi @0003e9 
l.bnf @0003ea 
l.sfnei @0003eb 
l.bf @0003fa 
l.sfltui @0003fb 
l.bf @00040a 
l.srl @00040b 
l.srl @00041a 
l.sfltui @00041b 
l.bnf @00041c 
l.ror @00041d 
l.xor @00041e 
l.or @00041f 
l.add @000420 
l.srai @000421 
l.fl1 @000422 
l.sfgts @000423 
l.bf @000424 
l.sflesi @000425 
l.bf @000434 
l.and @000435 
l.muli @000436 
l.addic @000437 
l.sfgtu @000438 
l.bf @000439 
l.muli @00043a 
l.srli @00043b 
l.sfeq @00043c 
l.bnf @00043d 
l.fl1 @00043e 
l.msb @00044d 
l.rori @00044e 
l.srl @00044f 
l.sfleui @000450 
l.bnf @000451 
l.sll @000452 
l.sfltu @000453 
l.bf @000454 
l.fl1 @000455 
l.add @000464 
l.rori @000465 
l.movhi @000466 
l.srli @000467 
l.ori @000468 
l.sfleui @000469 
l.bf @00046a 
l.sfges @00046b 
l.bf @00047a 
l.addc @00047b 
l.sfgtui @00047c 
l.bnf @00047d 
l.addc @00047e 
l.srai @00048d 
l.sfgesi @00048e 
l.bf @00048f 
l.sfleu @000490 
l.bf @000491 
l.cmov @000492 
l.addi @000493 
l.sfnei @000494 
l.bf @000495 
l.srli @000496 
l.andi @0004a5 
l.sfleui @0004a6 
l.bf @0004a7 
l.mac @0004a8 
l.sflts @0004b7 
l.bf @0004b8 
l.sfnei @0004b9 
l.bnf @0004c8 
l.sfgeu @0004c9 
l.bf @0004ca 
l.sub @0004cb 
l.sfltsi @0004da 
l.bf @0004db 
l.sfgeui @0004dc 
l.bnf @0004eb 
l.sfleu @0004ec 
l.bf @0004fb 
l.andi @0004fc 
l.sll @00050b 
l.sfltu @00050c 
l.bf @00050d 
l.sra @00050e 
l.ror @00051d 
l.fl1 @00051e 
l.sflesi @00051f 
l.bnf @000520 
l.muli @000521 
l.sfgeu @000530 
l.bnf @000531 
l.sfgtu @000532 
l.bf @000533 
l.sfgts @000534 
l.bf @000543 
l.sfgtsi @000544 
l.bnf @000545 
l.xori @000546 
l.maci @000547 
l.sub @000548 
l.sfgtsi @000549 
l.bf @00054a 
l.sfleui @00054b 
l.bf @00055a 
l.sub @00055b 
l.sfleui @00056a 
l.bf @00056b 
l.sub @00056c 
l.andi @00057b 
l.or @00057c 
l.sfgtsi @00057d 
l.bf @00057e 
l.macrc @00057f 
l.muli @00058e 
l.andi @00058f 
l.sfltu @000590 
l.bf @000591 
l.movhi @000592 
l.sfgtui @0005a1 
l.bf @0005a2 
l.sfgts @0005a3 
l.bnf @0005b2 
l.mul @0005b3 
l.muli @0005b4 
l.mac @0005b5 
l.srl @0005b6 
l.movhi @0005b7 
l.fl1 @0005b8 
l.sfges @0005b9 
l.bf @0005ba 
l.sfeqi @0005bb 
l.bf @0005ca 
l.maci @0005cb 
l.sfnei @0005cc 
l.bf @0005cd 
l.mac @0005ce 
l.and @0005dd 
l.sflesi @0005de 
l.bf @0005df 
l.msb @0005e0 
l.srai @0005ef 
l.xor @0005f0 
l.sfeqi @0005f1 
l.bf @0005f2 
l.ff1 @0005f3 
l.rori @0005f4 
l.mac @0005f5 
l.sfltu @0005f6 
l.bf @0005f7 
l.macrc @0005f8 
l.sra @000607 
l.mac @000608 
l.movhi @000609 
l.mac @00060a 
l.sfgtu @00060b 
l.bnf @00060c 
l.add @00060d 
l.muli @00061c 
l.mul @00061d 
l.ff1 @00061e 
l.maci @00061f 
l.srai @000620 
l.sra @000621 
l.sfgtui @000622 
l.bf @000623 
l.addc @000624 
l.sflesi @000625 
l.bf @000626 
l.sflesi @000627 
l.bf @000628 
l.sfltu @000629 
l.bf @000638 
l.and @000639 
l.add @00063a 
l.sfgtui @00063b 
l.bf @00063c 
l.sfgts @00063d 
l.bf @00064c 
l.sflesi @00064d 
l.bf @00065c 
l.maci @00065d 
l.ror @00065e 
l.sfltu @00065f 
l.bf @000660 
l.sfgtui @000661 
l.bf @000670 
l.sfgeui @000671 
l.bf @000672 
l.sfleui @000673 
l.bf @000674 
l.sfleu @000675 
l.bnf @000676 
l.andi @000677 
l.and @000686 
l.sfgeu @000687 
l.bf @000688 
l.msb @000689 
l.add @000698 
l.sfles @000699 
l.bnf @00069a 
l.slli @00069b 
l.sfgesi @00069c 
l.bf @00069d 
l.addc @00069e 
l.sfgtui @0006ad 
l.bf @0006ae 
l.sfltu @0006af 
l.bnf @0006be 
l.srli @0006bf 
l.sflts @0006ce 
l.bnf @0006cf 
l.maci @0006d0 
l.mul @0006df 
l.sfgeui @0006e0 
l.bf @0006e1 
l.addic @0006e2 
l.add @0006e3 
l.or @0006e4 
l.mul @0006e5 
l.sfgeu @0006e6 
l.bf @0006e7 
l.sfgtsi @0006e8 
l.bf @0006f7 
l.sfgtu @0006f8 
l.bf @000707 
l.addc @000708 
l.srai @000717 
l.sub @000718 
l.ff1 @000719 
l.addc @00071a 
l.sra @00071b 
l.sfltsi @00071c 
l.bf @00071d 
l.sra @00071e 
l.srai @00071f 
l.sfleu @000720 
l.bf @000721 
l.add @000722 
l.ori @000731 
l.ror @000732 
l.sfgeui @000733 
l.bf @000734 
l.sfgeui @000735 
l.bf @000744 
l.sflesi @000745 
l.bnf @000746 
l.sfeq @000747 
l.bf @000756 
l.mul @000757 
l.addi @000758 
l.movhi @000759 
l.addi @00075a 
l.sfgtsi @00075b 
l.bnf @00075c 
l.sub @00075d 
l.sfgesi @00076c 
l.bf @00076d 
l.sfgtsi @00076e 
l.bf @00076f 
l.sfgtsi @000770 
l.bf @00077f 
l.movhi @000780 
l.sfgtu @00078f 
l.bnf @000790 
l.ori @000791 
l.or @000792 
l.sfeqi @000793 
l.bf @000794 
l.sfgesi @000795 
l.bf @000796 
l.ori @000797 
l.fl1 @0007a6 
l.addic @0007a7 
l.sfgtu @0007a8 
l.bf @0007a9 
l.or @0007aa 
l.slli @0007b9 
l.ror @0007ba 
l.sfges @0007bb 
l.bf @0007bc 
l.muli @0007bd 
l.andi @0007be 
l.sflesi @0007bf 
l.bf @0007c0 
l.ori @0007c1 
l.sfgeui @0007c2 
l.bf @0007c3 
l.and @0007c4 
l.add @0007c5 
l.sfles @0007c6 
l.bf @0007c7 
l.rori @0007c8 
l.sfgeui @0007c9 
l.bf @0007ca 
l.andi @0007cb 
l.rori @0007cc 
l.srli @0007cd 
l.add @0007ce 
l.sfleu @0007cf 
l.bnf @0007d0 
l.srai @0007d1 
l.sfltsi @0007e0 
l.bf @0007e1 
l.sfgeui @0007e2 
l.bf @0007f1 
l.andi @0007f2 
l.sfgtu @0007f3 
l.bf @0007f4 
l.sfeq @0007f5 
l.bnf @0007f6 
l.xori @0007f7 
l.ror @000806 
l.addic @000807 
l.sfgesi @000808 
l.bf @000809 
l.cmov @00080a 
l.xor @00080b 
l.sra @00080c 
l.sfgtui @00080d 
l.bf @00080e 
l.cmov @00080f 
l.sfltsi @000810 
l.bnf @000811 
l.movhi @000812 
l.macrc @000813 
l.addc @000814 
l.sfltui @000815 
l.bf @000816 
l.sfeqi @000817 
l.bnf @000826 
l.msb @000827 
l.addi @000836 
l.sfgeui @000837 
l.bf @000838 
l.sfgts @000839 
l.bnf @000848 
l.andi @000849 
l.cmov @000858 
l.srli @000859 
l.add @00085a 
l.sfgtu @00085b 
l.bf @00085c 
l.or @00085d 
l.slli @00085e 
l.sfltui @00085f 
l.bf @000860 
l.addi @000861 
l.addc @000870 
l.sfles @000871 
l.bf @000872 
l.ori @000873 
l.add @000874 
l.ff1 @000875 
l.sfgtsi @000876 
l.bf @000877 
l.or @000878 
l.mac @000879 
l.or @00087a 
l.rori @00087b 
l.srli @00087c 
l.macrc @00087d 
l.sfgtui @00087e 
l.bnf @00087f 
l.macrc @000880 
l.sfgeu @00088f 
l.bf @000890 
l.sfgtu @000891 
l.bf @0008a0 
l.xori @0008a1 
l.macrc @0008a2 
l.cmov @0008a3 
l.mul @0008a4 
l.sfgtui @0008a5 
l.bf @0008a6 
l.sfleu @0008a7 
l.bf @0008a8 
l.rori @0008a9 
l.sfgesi @0008b8 
l.bnf @0008b9 
l.sfgts @0008ba 
l.bf @0008c9 
l.addc @0008ca 
l.sfgesi @0008d9 
l.bf @0008da 
l.xori @0008db 
l.sfles @0008ea 
l.bf @0008eb 
l.or @0008ec 
l.sflts @0008fb 
l.bnf @0008fc 
l.sflesi @0008fd 
l.bnf @0008fe 
l.mac @0008ff 
l.fl1 @000900 
l.movhi @000901 
l.maci @000902 
l.slli @000903 
l.sfltsi @000904 
l.bf @000905 
l.add @000906 
l.fl1 @000907 
l.sfges @000908 
l.bnf @000909 
l.sfles @00090a 
l.bnf @00090b 
l.sfleu @00090c 
l.bf @00091b 
l.sub @00091c 
l.sfleu @00092b 
l.bf @00092c 
l.sfleu @00092d 
l.bf @00093c 
l.sfgesi @00093d 
l.bnf @00094c 
l.movhi @00094d 
l.macrc @00095c 
l.srl @00095d 
l.or @00095e 
l.sfgtui @00095f 
l.bf @000960 
l.mul @000961 
l.sfges @000962 
l.bnf @000963 
l.add @000964 
l.sfgeui @000965 
l.bnf @000966 
l.sfeqi @000967 
l.bnf @000976 
l.or @000977 
l.sub @000986 
l.sfleui @000987 
l.bnf @000988 
l.ori @000989 
l.sra @00098a 
l.ror @00098b 
l.mac @00098c 
l.addi @00098d 
l.sfltsi @00098e 
l.bf @00098f 
l.ff1 @000990 
l.sfgtui @000991 
l.bnf @000992 
l.sfleu @000993 
l.bf @0009a2 
l.ror @0009a3 
l.slli @0009a4 
l.addi @0009a5 
l.sll @0009a6 
l.movhi @0009a7 
l.sfltu @0009a8 
l.bf @0009a9 
l.addc @0009aa 
l.addi @0009ab 
l.rori @0009ac 
l.sfgtui @0009ad 
l.bf @0009ae 
l.srai @0009af 
l.slli @0009b0 
l.fl1 @0009b1 
l.sfgts @0009b2 
l.bf @0009b3 
l.mac @0009b4 
l.sfges @0009b5 
l.bnf @0009b6 
l.or @0009b7 
l.movhi @0009b8 
l.addic @0009b9 
l.msb @0009ba 
l.and @0009bb 
l.sfltui @0009bc 
l.bnf @0009bd 
l.sfgts @0009be 
l.bf @0009bf 
l.srli @0009c0 
l.add @0009c1 
l.cmov @0009c2 
l.maci @0009c3 
l.andi @0009c4 
l.ff1 @0009c5 
l.cmov @0009c6 
l.sfles @0009c7 
l.bf @0009c8 
l.sfgtsi @0009c9 
l.bf @0009ca 
l.sfleui @0009cb 
l.bf @0009da 
l.sfltu @0009db 
l.bf @0009dc 
l.sfgtu @0009dd 
l.bf @0009ec 
l.addi @0009ed 
l.sfgtsi @0009ee 
l.bnf @0009ef 
l.sfleu @0009f0 
l.bf @0009ff 
l.sra @000a00 
l.sflesi @000a0f 
l.bf @000a10 
l.maci @000a11 
l.sfgtui @000a12 
l.bf @000a13 
l.mul @000a14 
l.or @000a15 
l.sfleu @000a16 
l.bf @000a17 
l.sfeq @000a18 
l.bf @000a19 
l.sfgtu @000a1a 
l.bf @000a1b 
l.andi @000a1c 
l.muli @000a1d 
l.andi @000a1e 
l.sfgtsi @000a1f 
l.bnf @000a20 
l.maci @000a21 
l.and @000a30 
l.addi @000a31 
l.msb @000a32 
l.mac @000a33 
l.add @000a34 
l.sflts @000a35 
l.bnf @000a36 
l.sflts @000a37 
l.bf @000a46 
l.sfltsi @000a47 
l.bf @000a56 
l.sfleui @000a57 
l.bf @000a66 
l.sfltu @000a67 
l.bf @000a76 
l.or @000a77 
l.sfleui @000a86 
l.bnf @000a87 
l.sfltu @000a88 
l.bf @000a89 
l.xor @000a8a 
l.sfltsi @000a99 
l.bf @000a9a 
l.sflts @000a9b 
l.bf @000aaa 
l.sfgtsi @000aab 
l.bf @000aac 
l.sflesi @000aad 
l.bf @000abc 
l.add @000abd 
l.sfltsi @000abe 
l.bf @000abf 
l.sfgeu @000ac0 
l.bf @000ac1 
l.sfgtsi @000ac2 
l.bf @000ad1 
l.rori @000ad2 
l.sll @000ae1 
l.sfltsi @000ae2 
l.bf @000ae3 
l.ori @000ae4 
l.sub @000af3 
l.or @000af4 
l.sfgts @000af5 
l.bf @000af6 
l.sflesi @000af7 
l.bnf @000b06 
l.cmov @000b07 
l.sfltui @000b16 
l.bf @000b17 
l.sfltu @000b18 
l.bf @000b27 
l.sflts @000b28 
l.bf @000b37 
l.mac @000b38 
l.sub @000b39 
l.cmov @000b3a 
l.sfgtsi @000b3b 
l.bf @000b3c 
l.addc @000b3d 
l.sfeqi @000b3e 
l.bf @000b3f 
l.sfgesi @000b40 
l.bf @000b41 
l.sfgeui @000b42 
l.bnf @000b51 
l.addic @000b52 
l.sfgeui @000b61 
l.bf @000b62 
l.sfnei @000b63 
l.bf @000b64 
l.addc @000b65 
l.cmov @000b74 
l.sub @000b75 
l.sfgtui @000b76 
l.bnf @000b77 
l.sfleui @000b78 
l.bf @000b87 
l.ori @000b88 
l.sfgeui @000b97 
l.bf @000b98 
l.fl1 @000b99 
l.cmov @000b9a 
l.macrc @000b9b 
l.addic @000b9c 
l.add @000b9d 
l.sflts @000b9e 
l.bf @000b9f 
l.mac @000ba0 
l.sfeqi @000ba1 
l.bf @000ba2 
l.maci @000ba3 
l.sfges @000ba4 
l.bf @000ba5 
l.movhi @000ba6 
l.maci @000bb5 
l.sfgeui @000bb6 
l.bf @000bb7 
l.andi @000bb8 
l.cmov @000bb9 
l.sfgeu @000bba 
l.bnf @000bbb 
l.msb @000bbc 
l.add @000bcb 
l.cmov @000bcc 
l.addc @000bcd 
l.sfgtui @000bce 
l.bf @000bcf 
l.sfles @000bd0 
l.bf @000bdf 
l.mac @000be0 
l.rori @000be1 
l.fl1 @000be2 
l.sfgtui @000be3 
l.bf @000be4 
l.srli @000be5 
l.sub @000bf4 
l.movhi @000bf5 
l.sub @000bf6 
l.maci @000bf7 
l.addic @000bf8 
l.srli @000bf9 
l.addc @000bfa 
l.sflesi @000bfb 
l.bf @000bfc 
l.add @000bfd 
l.sfgeu @000c0c 
l.bf @000c0d 
l.rori @000c0e 
l.fl1 @000c0f 
l.sfltui @000c10 
l.bf @000c11 
l.sfgeui @000c12 
l.bf @000c21 
l.xor @000c22 
l.add @000c23 
l.macrc @000c24 
l.xori @000c25 
l.or @000c26 
l.slli @000c27 
l.muli @000c28 
l.sfltsi @000c29 
l.bnf @000c2a 
l.add @000c2b 
l.sfgtsi @000c2c 
l.bf @000c2d 
l.cmov @000c2e 
l.sll @000c3d 
l.sfnei @000c3e 
l.bnf @000c3f 
l.fl1 @000c40 
l.srl @000c41 
l.cmov @000c42 
l.ror @000c43 
l.msb @000c44 
l.movhi @000c45 
l.srli @000c46 
l.mac @000c47 
l.sfltu @000c48 
l.bf @000c49 
l.add @000c4a 
l.sfgtui @000c59 
l.bf @000c5a 
l.movhi @000c5b 
l.srli @000c5c 
l.cmov @000c5d 
l.slli @000c5e 
l.add @000c5f 
l.sflts @000c60 
l.bf @000c61 
l.macrc @000c62 
l.or @000c63 
l.fl1 @000c64 
l.sra @000c65 
l.sfltsi @000c66 
l.bf @000c67 
l.sflts @000c68 
l.bnf @000c77 
l.sfleui @000c78 
l.bf @000c87 
l.fl1 @000c88 
l.xor @000c97 
l.srl @000c98 
l.fl1 @000c99 
l.srai @000c9a 
l.srli @000c9b 
l.sfgtui @000c9c 
l.bf @000c9d 
l.sfgtsi @000c9e 
l.bnf @000cad 
l.muli @000cae 
l.sfltu @000cbd 
l.bf @000cbe 
l.muli @000cbf 
l.sfltu @000cce 
l.bnf @000ccf 
l.mul @000cd0 
l.ror @000cdf 
l.sflts @000ce0 
l.bnf @000ce1 
l.and @000ce2 
l.maci @000cf1 
l.srai @000cf2 
l.addc @000cf3 
l.srli @000cf4 
l.sfnei @000cf5 
l.bf @000cf6 
l.sll @000cf7 
l.movhi @000d06 
l.ori @000d07 
l.sub @000d08 
l.msb @000d09 
l.msb @000d0a 
l.ori @000d0b 
l.andi @000d0c 
l.sfgesi @000d0d 
l.bf @000d0e 
l.sfges @000d0f 
l.bnf @000d10 
l.sub @000d11 
l.sub @000d20 
l.sfges @000d21 
l.bf @000d22 
l.fl1 @000d23 
l.sra @000d24 
l.maci @000d25 
l.msb @000d26 
l.sfles @000d27 
l.bf @000d28 
l.sra @000d29 
l.addic @000d38 
l.add @000d39 
l.movhi @000d3a 
l.sra @000d3b 
l.sflts @000d3c 
l.bf @000d3d 
l.or @000d3e 
l.muli @000d4d 
l.addc @000d4e 
l.movhi @000d4f 
l.sfltsi @000d50 
l.bnf @000d51 
l.sfnei @000d52 
l.bf @000d61 
l.andi @000d62 
l.andi @000d71 
l.mul @000d72 
l.addi @000d73 
l.xor @000d74 
l.ror @000d75 
l.macrc @000d76 
l.sfeqi @000d77 
l.bf @000d78 
l.sfltu @000d79 
l.bf @000d7a 
l.sflts @000d7b 
l.bnf @000d8a 
l.maci @000d8b 
l.sfeq @000d9a 
l.bf @000d9b 
l.muli @000d9c 
l.sflts @000d9d 
l.bnf @000d9e 
l.sfgtsi @000d9f 
l.bf @000da0 
l.maci @000da1 
l.addc @000db0 
l.movhi @000db1 
l.muli @000db2 
l.sfgeui @000db3 
l.bnf @000db4 
l.msb @000db5 
l.xori @000dc4 
l.sfleui @000dc5 
l.bf @000dc6 
l.sub @000dc7 
l.srl @000dd6 
l.addic @000dd7 
l.addi @000dd8 
l.or @000dd9 
l.sflts @000dda 
l.bf @000ddb 
l.sfltui @000ddc 
l.bf @000ddd 
l.movhi @000dde 
l.or @000ddf 
l.sfges @000de0 
l.bf @000de1 
l.sfeqi @000de2 
l.bf @000de3 
l.sfleu @000de4 
l.bf @000de5 
l.sflts @000de6 
l.bnf @000de7 
l.sfleui @000de8 
l.bf @000de9 
l.sfgts @000dea 
l.bf @000deb 
l.sfgts @000dec 
l.bf @000dfb 
l.sfeq @000dfc 
l.bf @000dfd 
l.sfltui @000dfe 
l.bf @000dff 
l.or @000e00 
l.cmov @000e0f 
l.movhi @000e10 
l.ror @000e11 
l.addi @000e12 
l.sfgtui @000e13 
l.bf @000e14 
l.sfles @000e15 
l.bnf @000e24 
l.and @000e25 
l.addi @000e26 
l.sfgts @000e27 
l.bf @000e28 
l.sfnei @000e29 
l.bf @000e2a 
l.sfltu @000e2b 
l.bf @000e3a 
l.ff1 @000e3b 
l.sflts @000e3c 
l.bnf @000e3d 
l.srai @000e3e 
l.sfgtui @000e3f 
l.bf @000e40 
l.movhi @000e41 
l.sfleui @000e42 
l.bf @000e43 
l.sfgeui @000e44 
l.bnf @000e53 
l.sfgtsi @000e54 
l.bf @000e63 
l.sfltsi @000e64 
l.bnf @000e73 
l.srl @000e74 
l.maci @000e83 
l.sfgesi @000e84 
l.bf @000e85 
l.msb @000e86 
l.slli @000e95 
l.sfnei @000e96 
l.bnf @000e97 
l.sflts @000e98 
l.bf @000e99 
l.sfltu @000e9a 
l.bf @000e9b 
l.sfgtsi @000e9c 
l.bnf @000e9d 
l.mul @000e9e 
l.slli @000ead 
l.sll @000eae 
l.mac @000eaf 
l.sflts @000eb0 
l.bf @000eb1 
l.sfleu @000eb2 
l.bf @000eb3 
l.sub @000eb4 
l.sll @000eb5 
l.sfgts @000eb6 
l.bnf @000eb7 
l.sfgeui @000eb8 
l.bnf @000eb9 
l.xor @000eba 
l.xor @000ec9 
l.fl1 @000eca 
l.sfltui @000ecb 
l.bf @000ecc 
l.xor @000ecd 
l.sub @000ece 
l.cmov @000ecf 
l.macrc @000ed0 
l.msb @000ed1 
l.slli @000ed2 
l.sub @000ed3 
l.muli @000ed4 
l.sfles @000ed5 
l.bf @000ed6 
l.maci @000ed7 
l.and @000ed8 
l.and @000ed9 
l.add @000eda 
l.sfeq @000edb 
l.bnf @000edc 
l.sfeqi @000edd 
l.bnf @000eec 
l.sfleu @000eed 
l.bnf @000efc 
l.sfnei @000efd 
l.bnf @000efe 
l.sub @000eff 
l.sfles @000f00 
l.bf @000f01 
l.ror @000f02 
l.sfleui @000f11 
l.bf @000f12 
l.addc @000f13 
l.rori @000f14 
l.sfgesi @000f15 
l.bf @000f16 
l.ror @000f17 
l.sfltu @000f18 
l.bf @000f19 
l.muli @000f1a 
l.sfleu @000f1b 
l.bf @000f1c 
l.addic @000f1d 
l.andi @000f1e 
l.sfnei @000f1f 
l.bf @000f20 
l.add @000f21 
l.fl1 @000f30 
l.ori @000f31 
l.sll @000f32 
l.andi @000f33 
l.sfleu @000f34 
l.bf @000f35 
l.sfleu @000f36 
l.bf @000f37 
l.sfges @000f38 
l.bf @000f39 
l.sfles @000f3a 
l.bf @000f49 
l.ff1 @000f4a 
l.rori @000f4b 
l.sflts @000f4c 
l.bf @000f4d 
l.ror @000f4e 
l.sra @000f4f 
l.sfges @000f50 
l.bf @000f51 
l.sfeq @000f52 
l.bf @000f61 
l.sfgtu @000f62 
l.bf @000f71 
l.or @000f72 
l.sub @000f81 
l.sfles @000f82 
l.bnf @000f83 
l.sfgtu @000f84 
l.bf @000f93 
l.addc @000f94 
l.sra @000fa3 
l.sfltu @000fa4 
l.bnf @000fa5 
l.sfeqi @000fa6 
l.bf @000fb5 
l.cmov @000fb6 
l.msb @000fb7 
l.ror @000fb8 
l.sfltu @000fb9 
l.bnf @000fba 
l.xor @000fbb 
l.sfgtu @000fbc 
l.bf @000fbd 
l.sfeqi @000fbe 
l.srli @000fcd 
l.srai @000fce 
l.rori @000fcf 
l.mac @000fd0 
l.sll @000fd1 
l.srli @000fd2 
l.srl @000fd3 
l.add @000fd4 
l.addi @000fd5 
l.addi @000fd6 
l.ror @000fd7 
l.movhi @000fd8 
l.cmov @000fd9 
l.cmov @000fda 
l.srli @000fdb 
l.mul @000fdc 
l.srli @000fdd 
l.slli @000fde 
l.xori @000fdf 
l.or @000fe0 
l.cmov @000fe1 
l.or @000fe2 
l.srli @000fe3 
l.ori @000fe4 
l.addi @000fe5 
l.add @000fe6 
l.srl @000fe7 
l.fl1 @000fe8 
l.sra @000fe9 
l.msb @000fea 
l.xor @000feb 
l.and @000fec 
l.macrc @000fed 
l.ff1 @000fee 
l.sub @000fef 
l.mul @000ff0 
l.msb @000ff1 
l.or @000ff2 
l.xori @000ff3 
l.srli @000ff4 
l.srl @000ff5 
l.slli @000ff6 
l.add @000ff7 
l.sub @000ff8 
l.movhi @000ff9 
l.xor @000ffa 
@000ffa 1ac0500c  c
l.ori @000ffb 
@000ffb 54000000  c
l.or @000ffc 
@000ffc 54000000  d
l.bf @0001c0 
l.sfleu @0001c1 
l.bf @0001c2 
l.cmov @0001c3 
l.sll @0001d2 
l.sfltu @0001d3 
l.bnf @0001d4 
l.rori @0001d5 
l.sfnei @0001d6 
l.bnf @0001d7 
l.srai @0001d8 
l.sfltsi @0001d9 
l.bf @0001da 
l.add @0001db 
l.sfeq @0001dc 
l.bf @0001dd 
l.add @0001de 
l.and @0001df 
l.sfgts @0001e0 
l.bnf @0001e1 
l.srai @0001e2 
l.sfgeui @0001e3 
l.bf @0001e4 
l.sfnei @0001e5 
l.bf @0001f4 
l.sfltu @0001f5 
l.bnf @000204 
l.sflts @000205 
l.bf @000214 
l.and @000215 
l.sub @000224 
l.sfles @000225 
l.bnf @000226 
l.mac @000227 
l.sfles @000228 
l.bf @000229 
l.sfgts @00022a 
l.bf @000239 
l.or @00023a 
l.fl1 @00023b 
l.or @00023c 
l.sfltsi @00023d 
l.bf @00023e 
l.sfgtui @00023f 
l.bf @000240 
l.sfgesi @000241 
l.bf @000242 
l.mac @000243 
l.sfleu @000252 
l.bf @000253 
l.sfltui @000254 
l.bf @000255 
l.sfgeu @000256 
l.bnf @000257 
l.sfeqi @000258 
l.bf @000259 
l.sfgtsi @00025a 
l.bnf @00025b 
l.sfges @00025c 
l.bf @00025d 
l.addc @00025e 
l.sfgeui @00025f 
l.bnf @000260 
l.and @000261 
l.add @000270 
l.sfgeu @000271 
l.bf @000272 
l.sfltu @000273 
l.bf @000282 
l.fl1 @000283 
l.sfnei @000284 
l.bf @000285 
l.muli @000286 
l.sfgtu @000295 
l.bf @000296 
l.ori @000297 
l.xor @000298 
l.sfgeu @000299 
l.bf @00029a 
l.sfltu @00029b 
l.bf @00029c 
l.ff1 @00029d 
l.sfgeui @00029e 
l.bnf @00029f 
l.sfleui @0002a0 
l.bf @0002a1 
l.srli @0002a2 
l.sra @0002a3 
l.macrc @0002a4 
l.sfgesi @0002a5 
l.bf @0002a6 
l.sfltu @0002a7 
l.bf @0002b6 
l.macrc @0002b7 
l.sfgts @0002c6 
l.bnf @0002c7 
l.sflesi @0002c8 
l.bf @0002c9 
l.sfeq @0002ca 
l.bnf @0002d9 
l.macrc @0002da 
l.sfgtsi @0002e9 
l.bnf @0002ea 
l.sub @0002eb 
l.addc @0002ec 
l.macrc @0002ed 
l.sfgts @0002ee 
l.bnf @0002ef 
l.sfltsi @0002f0 
l.bnf @0002f1 
l.addc @0002f2 
l.srli @000301 
l.srai @000302 
l.ori @000303 
l.sfgesi @000304 
l.bnf @000305 
l.ff1 @000306 
l.add @000307 
l.sfltu @000308 
l.bf @000309 
l.macrc @00030a 
l.slli @00030b 
l.sfgeui @00030c 
l.bf @00030d 
l.sfleu @00030e 
l.bf @00030f 
l.sfgtu @000310 
l.bf @00031f 
l.mac @000320 
l.macrc @00032f 
l.sfgtui @000330 
l.bf @000331 
l.addi @000332 
l.msb @000333 
l.addc @000334 
l.sfgts @000335 
l.bf @000336 
l.sfeqi @000337 
l.bf @000338 
l.sfges @000339 
l.bnf @00033a 
l.or @00033b 
l.sfltsi @00034a 
l.bf @00034b 
l.sub @00034c 
l.add @00035b 
l.maci @00035c 
l.sfltu @00035d 
l.bnf @00035e 
l.sfgtsi @00035f 
l.bf @000360 
l.sfltui @000361 
l.bf @000370 
l.sfles @000371 
l.bf @000372 
l.add @000373 
l.rori @000382 
l.srai @000383 
l.sll @000384 
l.maci @000385 
l.sfgtu @000386 
l.bf @000387 
l.sfgtui @000388 
l.bf @000389 
l.sfgtui @00038a 
l.bf @000399 
l.muli @00039a 
l.sfgtui @00039b 
l.bf @00039c 
l.movhi @00039d 
l.sra @0003ac 
l.addi @0003ad 
l.xor @0003ae 
l.sfges @0003af 
l.bf @0003b0 
l.sfles @0003b1 
l.bf @0003c0 
l.maci @0003c1 
l.sfgeui @0003d0 
l.bf @0003d1 
l.addc @0003d2 
l.srai @0003d3 
l.sfges @0003d4 
l.bnf @0003d5 
l.sfgeui @0003d6 
l.bnf @0003d7 
l.add @0003d8 
l.and @0003e7 
l.addi @0003e8 
l.sfnei @0003e9 
l.bf @0003ea 
l.sub @0003eb 
l.cmov @0003fa 
l.slli @0003fb 
l.maci @0003fc 
l.muli @0003fd 
l.maci @0003fe 
l.xor @0003ff 
l.slli @000400 
l.sfgesi @000401 
l.bf @000402 
l.ff1 @000403 
l.sfles @000412 
l.bf @000413 
l.mac @000414 
l.sfgeui @000423 
l.bf @000424 
l.ff1 @000425 
l.sfnei @000426 
l.bf @000427 
l.sfeq @000428 
l.bf @000437 
l.sfeqi @000438 
l.bf @000447 
l.sfgtu @000448 
l.bf @000449 
l.sfeq @00044a 
l.bnf @00044b 
l.sfgtu @00044c 
l.bnf @00044d 
l.mac @00044e 
l.sfgesi @00045d 
l.bf @00045e 
l.andi @00045f 
l.movhi @000460 
l.xori @000461 
l.sfgtu @000462 
l.bf @000463 
l.cmov @000464 
l.muli @000465 
l.sfltu @000466 
l.bf @000467 
l.rori @000468 
l.slli @000477 
l.msb @000478 
l.slli @000479 
l.sfltui @00047a 
l.bf @00047b 
l.add @00047c 
l.ori @00047d 
l.sub @00047e 
l.and @00047f 
l.or @000480 
l.sfgesi @000481 
l.bf @000482 
l.andi @000483 
l.fl1 @000492 
l.addic @000493 
l.cmov @000494 
l.sfltui @000495 
l.bf @000496 
l.sfnei @000497 
l.bf @0004a6 
l.sfltsi @0004a7 
l.bf @0004b6 
l.sflesi @0004b7 
l.bf @0004c6 
l.sfltu @0004c7 
l.bf @0004c8 
l.sfeq @0004c9 
l.bf @0004ca 
l.andi @0004cb 
l.sfltu @0004cc 
l.bf @0004cd 
l.sfgesi @0004ce 
l.bf @0004cf 
l.ff1 @0004d0 
l.sfeq @0004df 
l.bf @0004e0 
l.sfltu @0004e1 
l.bnf @0004e2 
l.fl1 @0004e3 
l.or @0004e4 
l.cmov @0004e5 
l.sfltsi @0004e6 
l.bf @0004e7 
l.mul @0004e8 
l.macrc @0004e9 
l.srai @0004ea 
l.sfltu @0004eb 
l.bf @0004ec 
l.addic @0004ed 
l.sflts @0004fc 
l.bf @0004fd 
l.mac @0004fe 
l.sfltui @0004ff 
l.bf @000500 
l.macrc @000501 
l.andi @000502 
l.srl @000503 
l.sfnei @000504 
l.bnf @000505 
l.sfgesi @000506 
l.bnf @000507 
l.sfgtui @000508 
l.bf @000509 
l.sflesi @00050a 
l.bf @00050b 
l.addi @00050c 
l.or @00050d 
l.sfgtu @00050e 
l.bnf @00050f 
l.sub @000510 
l.sfgeui @00051f 
l.bnf @000520 
l.xori @000521 
l.addi @000522 
l.xor @000523 
l.cmov @000524 
l.sfnei @000525 
l.bf @000526 
l.sflts @000527 
l.bf @000536 
l.rori @000537 
l.rori @000546 
l.maci @000547 
l.ori @000548 
l.sflesi @000549 
l.bf @00054a 
l.and @00054b 
l.sfleu @00055a 
l.bf @00055b 
l.movhi @00055c 
l.mul @00056b 
l.and @00056c 
l.sfgesi @00056d 
l.bf @00056e 
l.muli @00056f 
l.slli @000570 
l.sfeqi @000571 
l.bnf @000572 
l.sfltu @000573 
l.bf @000582 
l.macrc @000583 
l.srai @000592 
l.xori @000593 
l.sfles @000594 
l.bf @000595 
l.sfgtu @000596 
l.bf @0005a5 
l.sflts @0005a6 
l.bnf @0005a7 
l.sfgtu @0005a8 
l.bf @0005b7 
l.sfges @0005b8 
l.bf @0005b9 
l.sub @0005ba 
l.sfgtui @0005bb 
l.bf @0005bc 
l.addic @0005bd 
l.sfltu @0005be 
l.bnf @0005bf 
l.muli @0005c0 
l.sfeq @0005c1 
l.bf @0005c2 
l.sfltsi @0005c3 
l.bf @0005c4 
l.addic @0005c5 
l.sfleu @0005d4 
l.bf @0005d5 
l.sfgeu @0005d6 
l.bf @0005d7 
l.muli @0005d8 
l.srl @0005e7 
l.sub @0005e8 
l.sfles @0005e9 
l.bf @0005ea 
l.msb @0005eb 
l.sfles @0005ec 
l.bnf @0005ed 
l.sfges @0005ee 
l.bnf @0005fd 
l.sfeq @0005fe 
l.bf @0005ff 
l.addi @000600 
l.mul @000601 
l.add @000602 
l.andi @000603 
l.sfgtu @000604 
l.bnf @000605 
l.sfgesi @000606 
l.bnf @000607 
l.msb @000608 
l.srai @000617 
l.maci @000618 
l.sfgtu @000619 
l.bnf @00061a 
l.mul @00061b 
l.sfgts @00062a 
l.bf @00062b 
l.and @00062c 
l.slli @00063b 
l.movhi @00063c 
l.srai @00063d 
l.sfltu @00063e 
l.bf @00063f 
l.or @000640 
l.sfgts @000641 
l.bf @000642 
l.or @000643 
l.sfgts @000644 
l.bnf @000645 
l.macrc @000646 
l.add @000647 
l.ori @000648 
l.addc @000649 
l.macrc @00064a 
l.sfltsi @00064b 
l.bnf @00064c 
l.or @00064d 
l.msb @00065c 
l.sfltu @00065d 
l.bnf @00065e 
l.muli @00065f 
l.xori @00066e 
l.sfleu @00066f 
l.bnf @000670 
l.xori @000671 
l.sfgeu @000680 
l.bf @000681 
l.sfleui @000682 
l.bf @000691 
l.and @000692 
l.cmov @000693 
l.msb @000694 
l.sfltsi @000695 
l.bf @000696 
l.or @000697 
l.ori @0006a6 
l.msb @0006a7 
l.sfleui @0006a8 
l.bf @0006a9 
l.sfltsi @0006aa 
l.bf @0006b9 
l.add @0006ba 
l.add @0006bb 
l.xori @0006bc 
l.sfeq @0006bd 
l.bf @0006be 
l.sfltsi @0006bf 
l.bf @0006c0 
l.cmov @0006c1 
l.xori @0006c2 
l.sfgtu @0006c3 
l.bf @0006c4 
l.addi @0006c5 
l.macrc @0006c6 
l.sfltu @0006c7 
l.bf @0006c8 
l.rori @0006c9 
l.sfgtui @0006ca 
l.bf @0006cb 
l.xori @0006cc 
l.sfgtsi @0006cd 
l.bnf @0006ce 
l.sfgtui @0006cf 
l.bf @0006d0 
l.ror @0006d1 
l.sfgtui @0006e0 
l.bf @0006e1 
l.movhi @0006e2 
l.srli @0006e3 
l.rori @0006e4 
l.sflts @0006e5 
l.bf @0006e6 
l.or @0006e7 
l.and @0006e8 
l.ori @0006e9 
l.sfltu @0006ea 
l.bf @0006eb 
l.sfgesi @0006ec 
l.bf @0006fb 
l.sfeq @0006fc 
l.bnf @0006fd 
l.srai @0006fe 
l.sfltsi @00070d 
l.bnf @00070e 
l.sfgts @00070f 
l.bnf @00071e 
l.mul @00071f 
l.sfles @000720 
l.bf @000721 
l.rori @000722 
l.ff1 @000723 
l.sfleu @000724 
l.bf @000725 
l.mac @000726 
l.andi @000735 
l.sfges @000736 
l.bnf @000737 
l.fl1 @000738 
l.sfltsi @000747 
l.bf @000748 
l.ff1 @000749 
l.sfltu @00074a 
l.bf @00074b 
l.sfeqi @00074c 
l.bnf @00075b 
l.addic @00075c 
l.xori @00076b 
l.mac @00076c 
l.addic @00076d 
l.sfgeu @00076e 
l.bf @00076f 
l.srli @000770 
l.sfleu @000771 
l.bnf @000772 
l.sfgtui @000773 
l.bnf @000782 
l.ror @000783 
l.sfleui @000792 
l.bf @000793 
l.or @000794 
l.sfltu @0007a3 
l.bnf @0007a4 
l.sflesi @0007a5 
l.bf @0007a6 
l.sfgtsi @0007a7 
l.bf @0007b6 
l.rori @0007b7 
l.sfleu @0007c6 
l.bf @0007c7 
l.sra @0007c8 
l.ror @0007c9 
l.ff1 @0007ca 
l.ror @0007cb 
l.sflts @0007cc 
l.bf @0007cd 
l.cmov @0007ce 
l.mul @0007dd 
l.sfleu @0007de 
l.bf @0007df 
l.slli @0007e0 
l.sfgtu @0007ef 
l.bnf @0007f0 
l.sfles @0007f1 
l.bf @0007f2 
l.muli @0007f3 
l.sfltu @000802 
l.bf @000803 
l.ff1 @000804 
l.sflesi @000813 
l.bf @000814 
l.sfleu @000815 
l.bnf @000816 
l.sfltu @000817 
l.bf @000818 
l.srai @000819 
l.sfltui @00081a 
l.bnf @00081b 
l.sll @00081c 
l.sfltu @00081d 
l.bnf @00081e 
l.slli @00081f 
l.movhi @000820 
l.addic @000821 
l.add @000822 
l.slli @000823 
l.maci @000824 
l.slli @000825 
l.srli @000826 
l.macrc @000827 
l.ror @000828 
l.or @000829 
l.ff1 @00082a 
l.slli @00082b 
l.or @00082c 
l.xori @00082d 
l.sfltsi @00082e 
l.bf @00082f 
l.addi @000830 
l.sfleui @00083f 
l.bnf @000840 
l.sflesi @000841 
l.bnf @000850 
l.sll @000851 
l.mul @000860 
l.muli @000861 
l.sflesi @000862 
l.bf @000863 
l.andi @000864 
l.sfleui @000873 
l.bf @000874 
l.sfgeui @000875 
l.bf @000884 
l.addic @000885 
l.movhi @000886 
l.sflesi @000887 
l.bf @000888 
l.slli @000889 
l.addc @000898 
l.sfgesi @000899 
l.bf @00089a 
l.ror @00089b 
l.sfnei @0008aa 
l.bnf @0008ab 
l.addc @0008ac 
l.msb @0008ad 
l.sll @0008ae 
l.sfleu @0008af 
l.bnf @0008b0 
l.or @0008b1 
l.mul @0008c0 
l.rori @0008c1 
l.sfleu @0008c2 
l.bnf @0008c3 
l.sflts @0008c4 
l.bnf @0008c5 
l.srai @0008c6 
l.ori @0008d5 
l.and @0008d6 
l.sfeqi @0008d7 
l.bf @0008d8 
l.rori @0008d9 
l.maci @0008da 
l.ori @0008db 
l.msb @0008dc 
l.add @0008dd 
l.sfgtu @0008de 
l.bf @0008df 
l.movhi @0008e0 
l.sfgts @0008e1 
l.bf @0008e2 
l.sfltsi @0008e3 
l.bnf @0008e4 
l.sfgtsi @0008e5 
l.bnf @0008e6 
l.sll @0008e7 
l.srli @0008e8 
l.sfleui @0008e9 
l.bf @0008ea 
l.add @0008eb 
l.sfgeui @0008fa 
l.bnf @0008fb 
l.cmov @0008fc 
l.sfeqi @00090b 
l.bf @00090c 
l.or @00090d 
l.sfgtu @00090e 
l.bnf @00090f 
l.ori @000910 
l.sub @00091f 
l.sfgts @000920 
l.bf @000921 
l.sfgesi @000922 
l.bf @000923 
l.add @000924 
l.sfltu @000933 
l.bf @000934 
l.cmov @000935 
l.xor @000944 
l.movhi @000945 
l.cmov @000946 
l.sfgtu @000947 
l.bnf @000948 
l.sll @000949 
l.sll @000958 
l.xori @000959 
l.fl1 @00095a 
l.sfltui @00095b 
l.bf @00095c 
l.add @00095d 
l.rori @00096c 
l.msb @00096d 
l.sub @00096e 
l.ror @00096f 
l.sfeqi @000970 
l.bf @000971 
l.or @000972 
l.add @000973 
l.sfleui @000974 
l.bf @000975 
l.sfles @000976 
l.bf @000985 
l.andi @000986 
l.sfgeu @000995 
l.bf @000996 
l.add @000997 
l.addc @0009a6 
l.sflesi @0009a7 
l.bf @0009a8 
l.macrc @0009a9 
l.slli @0009aa 
l.add @0009ab 
l.addi @0009ac 
l.mac @0009ad 
l.or @0009ae 
l.xori @0009af 
l.xor @0009b0 
l.sfgtsi @0009b1 
l.bf @0009b2 
l.sfles @0009b3 
l.bf @0009c2 
l.addc @0009c3 
l.sfltui @0009c4 
l.bf @0009c5 
l.fl1 @0009c6 
l.sfgts @0009d5 
l.bnf @0009d6 
l.macrc @0009d7 
l.mac @0009e6 
l.sfgesi @0009e7 
l.bf @0009e8 
l.sfgeu @0009e9 
l.bnf @0009f8 
l.cmov @0009f9 
l.sfltu @000a08 
l.bf @000a09 
l.or @000a0a 
l.ff1 @000a19 
l.addi @000a1a 
l.xor @000a1b 
l.sfeqi @000a1c 
l.bnf @000a1d 
l.mul @000a1e 
l.srai @000a2d 
l.sfeqi @000a2e 
l.bf @000a2f 
l.xori @000a30 
l.sll @000a31 
l.movhi @000a32 
l.cmov @000a33 
l.andi @000a34 
l.addi @000a35 
l.sfges @000a36 
l.bf @000a37 
l.rori @000a38 
l.ff1 @000a39 
l.sfltu @000a3a 
l.bf @000a3b 
l.msb @000a3c 
l.or @000a4b 
l.srai @000a4c 
l.sfltsi @000a4d 
l.bnf @000a4e 
l.or @000a4f 
l.or @000a5e 
l.sfgts @000a5f 
l.bnf @000a60 
l.or @000a61 
l.ror @000a70 
l.movhi @000a71 
l.sfltu @000a72 
l.bnf @000a73 
l.sfgtui @000a74 
l.bf @000a75 
l.sfnei @000a76 
l.bf @000a77 
l.xori @000a78 
l.sfeq @000a87 
l.bf @000a88 
l.sfgesi @000a89 
l.bf @000a8a 
l.sub @000a8b 
l.addic @000a9a 
l.andi @000a9b 
l.maci @000a9c 
l.addi @000a9d 
l.sfltu @000a9e 
l.bf @000a9f 
l.sfleui @000aa0 
l.bf @000aaf 
l.add @000ab0 
l.movhi @000ab1 
l.sfgtui @000ab2 
l.bf @000ab3 
l.sfgesi @000ab4 
l.bf @000ab5 
l.sfgtu @000ab6 
l.bf @000ac5 
l.ff1 @000ac6 
l.sfltu @000ac7 
l.bf @000ac8 
l.sfles @000ac9 
l.bf @000ad8 
l.addc @000ad9 
l.ror @000ada 
l.andi @000adb 
l.sfltu @000adc 
l.bf @000add 
l.sflts @000ade 
l.bf @000aed 
l.slli @000aee 
l.sfnei @000aef 
l.bnf @000af0 
l.sfgeui @000af1 
l.bf @000af2 
l.msb @000af3 
l.sfltu @000b02 
l.bf @000b03 
l.sfles @000b04 
l.bf @000b05 
l.sfges @000b06 
l.bnf @000b15 
l.sfleu @000b16 
l.bf @000b17 
l.sub @000b18 
l.macrc @000b19 
l.sfges @000b1a 
l.bf @000b1b 
l.sflesi @000b1c 
l.bnf @000b1d 
l.ori @000b1e 
l.sfgtu @000b2d 
l.bf @000b2e 
l.addi @000b2f 
l.sfeq @000b30 
l.bf @000b31 
l.sra @000b32 
l.or @000b33 
l.sfgeu @000b34 
l.bf @000b35 
l.ror @000b36 
l.sflesi @000b37 
l.bf @000b38 
l.cmov @000b39 
l.add @000b48 
l.sub @000b49 
l.sfltui @000b4a 
l.bnf @000b4b 
l.sflesi @000b4c 
l.bf @000b5b 
l.sra @000b5c 
l.addic @000b5d 
l.maci @000b5e 
l.sub @000b5f 
l.sfgtsi @000b60 
l.bnf @000b61 
l.andi @000b62 
l.sfleui @000b71 
l.bf @000b72 
l.andi @000b73 
l.muli @000b82 
l.ror @000b83 
l.xori @000b84 
l.sflesi @000b85 
l.bnf @000b86 
l.sub @000b87 
l.maci @000b88 
l.addc @000b89 
l.muli @000b8a 
l.sfltui @000b8b 
l.bf @000b8c 
l.addi @000b8d 
l.sll @000b8e 
l.sfgeu @000b8f 
l.bf @000b90 
l.muli @000b91 
l.sfltui @000b92 
l.bf @000b93 
l.sfles @000b94 
l.bf @000b95 
l.sra @000b96 
l.macrc @000ba5 
l.addi @000ba6 
l.addi @000ba7 
l.sfgeui @000ba8 
l.bf @000ba9 
l.movhi @000baa 
l.xori @000bb9 
l.sfltu @000bba 
l.bnf @000bbb 
l.rori @000bbc 
l.sfltu @000bbd 
l.bf @000bbe 
l.sfleu @000bbf 
l.bf @000bce 
l.sfges @000bcf 
l.bnf @000bd0 
l.cmov @000bd1 
l.maci @000be0 
l.srai @000be1 
l.sub @000be2 
l.xor @000be3 
l.sfeq @000be4 
l.bf @000be5 
l.addc @000be6 
l.fl1 @000be7 
l.movhi @000be8 
l.sfgtui @000be9 
l.bf @000bea 
l.sfgeui @000beb 
l.bf @000bfa 
l.add @000bfb 
l.maci @000bfc 
l.sfeq @000bfd 
l.bnf @000bfe 
l.or @000bff 
l.sfgtu @000c0e 
l.bnf @000c0f 
l.movhi @000c10 
l.andi @000c1f 
l.sfleu @000c20 
l.bf @000c21 
l.sll @000c22 
l.sfnei @000c31 
l.bnf @000c32 
l.srli @000c33 
l.ror @000c34 
l.fl1 @000c35 
l.andi @000c36 
l.addc @000c37 
l.mac @000c38 
l.slli @000c39 
l.mac @000c3a 
l.and @000c3b 
l.ff1 @000c3c 
l.maci @000c3d 
l.sflts @000c3e 
l.bf @000c3f 
l.sfgeui @000c40 
l.bf @000c41 
l.sfeqi @000c42 
l.bf @000c43 
l.ff1 @000c44 
l.sfltu @000c45 
l.bf @000c46 
l.sfnei @000c47 
l.bf @000c56 
l.srl @000c57 
l.sub @000c66 
l.sfltu @000c67 
l.bnf @000c68 
l.or @000c69 
l.sfeq @000c6a 
l.bf @000c6b 
l.addc @000c6c 
l.andi @000c6d 
l.sfleui @000c6e 
l.bf @000c6f 
l.srai @000c70 
l.srl @000c71 
l.sfeq @000c72 
l.bf @000c73 
l.xor @000c74 
l.sfeq @000c75 
l.bf @000c76 
l.srl @000c77 
l.sra @000c78 
l.fl1 @000c79 
l.sfeqi @000c7a 
l.bf @000c7b 
l.rori @000c7c 
l.sfltu @000c7d 
l.bf @000c7e 
l.sfltu @000c7f 
l.bf @000c8e 
l.andi @000c8f 
l.msb @000c90 
l.sfltui @000c91 
l.bf @000c92 
l.addic @000c93 
l.fl1 @000ca2 
l.fl1 @000ca3 
l.sll @000ca4 
l.or @000ca5 
l.sfltui @000ca6 
l.bf @000ca7 
l.cmov @000ca8 
l.sfltsi @000ca9 
l.bf @000caa 
l.sfleui @000cab 
l.bnf @000cba 
l.andi @000cbb 
l.sll @000cbc 
l.sub @000cbd 
l.sfltu @000cbe 
l.bf @000cbf 
l.and @000cc0 
l.sfleui @000cc1 
l.bf @000cc2 
l.addi @000cc3 
l.addic @000cd2 
l.sfgeui @000cd3 
l.bf @000cd4 
l.srai @000cd5 
l.muli @000cd6 
l.ror @000cd7 
l.fl1 @000cd8 
l.ff1 @000cd9 
l.msb @000cda 
l.sll @000cdb 
l.sfles @000cdc 
l.bnf @000cdd 
l.xor @000cde 
l.cmov @000cdf 
l.addi @000ce0 
l.sfeqi @000ce1 
l.bf @000ce2 
l.srai @000ce3 
l.maci @000ce4 
l.muli @000ce5 
l.sfles @000ce6 
l.bf @000ce7 
l.mac @000ce8 
l.sflts @000ce9 
l.bf @000cea 
l.sfltu @000ceb 
l.bf @000cfa 
l.ori @000cfb 
l.sfltu @000d0a 
l.bf @000d0b 
l.ror @000d0c 
l.and @000d1b 
l.add @000d1c 
l.srai @000d1d 
l.sfeqi @000d1e 
l.bf @000d1f 
l.sfltui @000d20 
l.bf @000d21 
l.srli @000d22 
l.slli @000d31 
l.muli @000d32 
l.addc @000d33 
l.mul @000d34 
l.fl1 @000d35 
l.sfgeui @000d36 
l.bf @000d37 
l.macrc @000d38 
l.sub @000d39 
l.xor @000d3a 
l.sfgeu @000d3b 
l.bnf @000d3c 
l.sfnei @000d3d 
l.bnf @000d4c 
l.sfleu @000d4d 
l.bnf @000d4e 
l.maci @000d4f 
l.or @000d5e 
l.ff1 @000d5f 
l.sflts @000d60 
l.bf @000d61 
l.macrc @000d62 
l.sfleu @000d63 
l.bf @000d64 
l.sfleu @000d65 
l.bnf @000d74 
l.maci @000d75 
l.sfleu @000d76 
l.bf @000d77 
l.sfgeui @000d78 
l.bf @000d87 
l.addic @000d88 
l.sflesi @000d89 
l.bf @000d8a 
l.cmov @000d8b 
l.sfges @000d8c 
l.bf @000d8d 
l.maci @000d8e 
l.sfgts @000d8f 
l.bf @000d90 
l.ror @000d91 
l.sfltu @000d92 
l.bf @000d93 
l.sfeq @000d94 
l.bnf @000da3 
l.sfgesi @000da4 
l.bnf @000db3 
l.cmov @000db4 
l.macrc @000dc3 
l.andi @000dc4 
l.sfgts @000dc5 
l.bf @000dc6 
l.sfges @000dc7 
l.bf @000dc8 
l.sub @000dc9 
l.mac @000dca 
l.andi @000dcb 
l.slli @000dcc 
l.xor @000dcd 
l.mac @000dce 
l.xori @000dcf 
l.add @000dd0 
l.fl1 @000dd1 
l.srli @000dd2 
l.movhi @000dd3 
l.msb @000dd4 
l.srli @000dd5 
l.sfgts @000dd6 
l.bf @000dd7 
l.fl1 @000dd8 
l.macrc @000dd9 
l.srai @000dda 
l.addi @000ddb 
l.ror @000ddc 
l.sfles @000ddd 
l.bf @000dde 
l.sfeq @000ddf 
l.bf @000de0 
l.sflesi @000de1 
l.bf @000de2 
l.slli @000de3 
l.addic @000de4 
l.sfltu @000de5 
l.bnf @000de6 
l.cmov @000de7 
l.addi @000df6 
l.slli @000df7 
l.sflts @000df8 
l.bnf @000df9 
l.slli @000dfa 
l.sfltui @000dfb 
l.bf @000dfc 
l.ror @000dfd 
l.addc @000dfe 
l.rori @000dff 
l.macrc @000e00 
l.ori @000e01 
l.ff1 @000e02 
l.sfeq @000e03 
l.bf @000e04 
l.ff1 @000e05 
l.sra @000e06 
l.slli @000e07 
l.sfgtui @000e08 
l.bf @000e09 
l.macrc @000e0a 
l.sfles @000e0b 
l.bf @000e0c 
l.sfltu @000e0d 
l.bf @000e1c 
l.or @000e1d 
l.movhi @000e1e 
l.sfeqi @000e1f 
l.bnf @000e20 
l.msb @000e21 
l.sfgtsi @000e30 
l.bnf @000e31 
l.sfltui @000e32 
l.bf @000e33 
l.sfgts @000e34 
l.bf @000e43 
l.sra @000e44 
l.sfnei @000e53 
l.bnf @000e54 
l.sfleui @000e55 
l.bnf @000e56 
l.sfgesi @000e57 
l.bf @000e58 
l.msb @000e59 
l.sfles @000e68 
l.bf @000e69 
l.sfgtu @000e6a 
l.bnf @000e79 
l.sfles @000e7a 
l.bf @000e89 
l.cmov @000e8a 
l.maci @000e99 
l.xor @000e9a 
l.xor @000e9b 
l.xor @000e9c 
l.sll @000e9d 
l.srai @000e9e 
l.sfleui @000e9f 
l.bf @000ea0 
l.and @000ea1 
l.rori @000eb0 
l.msb @000eb1 
l.mul @000eb2 
l.sfltu @000eb3 
l.bf @000eb4 
l.sfeqi @000eb5 
l.bf @000ec4 
l.sfgeu @000ec5 
l.bf @000ec6 
l.sflts @000ec7 
l.bnf @000ed6 
l.addc @000ed7 
l.sfgeui @000ee6 
l.bnf @000ee7 
l.addc @000ee8 
l.sfges @000ee9 
l.bf @000eea 
l.fl1 @000eeb 
l.or @000efa 
l.addi @000efb 
l.srai @000efc 
l.addic @000efd 
l.sfnei @000efe 
l.bf @000eff 
l.sub @000f00 
l.or @000f0f 
l.sfltu @000f10 
l.bf @000f11 
l.sfltu @000f12 
l.bf @000f21 
l.sfles @000f22 
l.bf @000f31 
l.addc @000f32 
l.sflts @000f41 
l.bf @000f42 
l.srli @000f43 
l.and @000f44 
l.xori @000f45 
l.slli @000f46 
l.sfgeui @000f47 
l.bnf @000f48 
l.srl @000f49 
l.sfgtu @000f58 
l.bf @000f59 
l.sfltu @000f5a 
l.bnf @000f5b 
l.sfltui @000f5c 
l.bf @000f6b 
l.sll @000f6c 
l.sflesi @000f7b 
l.bnf @000f7c 
l.srli @000f7d 
l.addi @000f8c 
l.sfltu @000f8d 
l.bf @000f8e 
l.slli @000f8f 
l.msb @000f9e 
l.sfles @000f9f 
l.bf @000fa0 
l.sfltui @000fa1 
l.bf @000fb0 
l.rori @000fb1 
l.maci @000fc0 
l.sfgtui @000fc1 
l.bf @000fc2 
l.sra @000fc3 
l.sfgtui @000fc4 
l.bf @000fc5 
l.xori @000fc6 
l.sfnei @000fc7 
l.bf @000fc8 
l.sfnei @000fc9 
l.add @000fd8 
l.mac @000fd9 
l.ror @000fda 
l.msb @000fdb 
l.maci @000fdc 
l.rori @000fdd 
l.sll @000fde 
l.addi @000fdf 
l.sll @000fe0 
l.sll @000fe1 
l.or @000fe2 
l.fl1 @000fe3 
l.addic @000fe4 
l.andi @000fe5 
l.andi @000fe6 
l.srl @000fe7 
l.muli @000fe8 
l.rori @000fe9 
l.addi @000fea 
l.ff1 @000feb 
l.srl @000fec 
l.muli @000fed 
l.sub @000fee 
l.maci @000fef 
l.ror @000ff0 
l.sub @000ff1 
l.addic @000ff2 
l.add @000ff3 
l.macrc @000ff4 
l.or @000ff5 
l.srai @000ff6 
l.ff1 @000ff7 
l.mul @000ff8 
l.msb @000ff9 
l.macrc @000ffa 
@000ffa c41bb802  c
l.and @000ffb 
@000ffb 54000000  c
l.srl @000ffc 
@000ffc 54000000  d
l.bnf @0001c0 
l.sfgtui @0001c1 
l.bf @0001c2 
l.ori @0001c3 
l.sfles @0001c4 
l.bnf @0001c5 
l.sub @0001c6 
l.sfgtu @0001d5 
l.bf @0001d6 
l.srl @0001d7 
l.addc @0001e6 
l.addi @0001e7 
l.addic @0001e8 
l.maci @0001e9 
l.ror @0001ea 
l.sfgeu @0001eb 
l.bf @0001ec 
l.or @0001ed 
l.xor @0001fc 
l.sfgesi @0001fd 
l.bf @0001fe 
l.xori @0001ff 
l.maci @000200 
l.slli @000201 
l.sfgeui @000202 
l.bf @000203 
l.xor @000204 
l.fl1 @000205 
l.cmov @000206 
l.sll @000207 
l.mul @000208 
l.xori @000209 
l.addic @00020a 
l.sfgtui @00020b 
l.bnf @00020c 
l.fl1 @00020d 
l.srai @00021c 
l.fl1 @00021d 
l.sfgtsi @00021e 
l.bf @00021f 
l.addic @000220 
l.srai @00022f 
l.sfeqi @000230 
l.bf @000231 
l.slli @000232 
l.xor @000233 
l.srai @000234 
l.srli @000235 
l.ff1 @000236 
l.sfgeui @000237 
l.bf @000238 
l.sfgtsi @000239 
l.bf @000248 
l.sfgeu @000249 
l.bf @000258 
l.rori @000259 
l.rori @000268 
l.add @000269 
l.sra @00026a 
l.sfltui @00026b 
l.bnf @00026c 
l.rori @00026d 
l.ff1 @00026e 
l.rori @00026f 
l.rori @000270 
l.srl @000271 
l.sfeqi @000272 
l.bnf @000273 
l.sfeqi @000274 
l.bf @000283 
l.sll @000284 
l.sfgeu @000285 
l.bf @000286 
l.ori @000287 
l.sfleui @000288 
l.bnf @000289 
l.sfleui @00028a 
l.bf @00028b 
l.sfltui @00028c 
l.bf @00029b 
l.sfles @00029c 
l.bf @0002ab 
l.sfles @0002ac 
l.bf @0002bb 
l.sfltu @0002bc 
l.bf @0002cb 
l.srai @0002cc 
l.macrc @0002db 
l.srl @0002dc 
l.mac @0002dd 
l.movhi @0002de 
l.sfgesi @0002df 
l.bf @0002e0 
l.mul @0002e1 
l.macrc @0002f0 
l.sfltui @0002f1 
l.bnf @0002f2 
l.srl @0002f3 
l.addc @0002f4 
l.xor @0002f5 
l.srli @0002f6 
l.sfgtsi @0002f7 
l.bf @0002f8 
l.add @0002f9 
l.sfleui @0002fa 
l.bf @0002fb 
l.ror @0002fc 
l.sfgtui @0002fd 
l.bf @0002fe 
l.sfgts @0002ff 
l.bf @000300 
l.sfleu @000301 
l.bf @000302 
l.sfleui @000303 
l.bf @000304 
l.sfges @000305 
l.bf @000314 
l.sfgeui @000315 
l.bf @000324 
l.sfnei @000325 
l.bf @000326 
l.sfgtui @000327 
l.bf @000336 
l.sfltsi @000337 
l.bf @000338 
l.maci @000339 
l.rori @00033a 
l.sfltui @00033b 
l.bnf @00033c 
l.sfgesi @00033d 
l.bnf @00033e 
l.ff1 @00033f 
l.sfgesi @000340 
l.bf @000341 
l.ori @000342 
l.addi @000351 
l.rori @000352 
l.sfgtui @000353 
l.bf @000354 
l.srli @000355 
l.sfltui @000356 
l.bnf @000357 
l.or @000358 
l.xori @000367 
l.msb @000368 
l.sfges @000369 
l.bf @00036a 
l.add @00036b 
l.movhi @00037a 
l.msb @00037b 
l.sflts @00037c 
l.bf @00037d 
l.sflesi @00037e 
l.bf @00037f 
l.addic @000380 
l.slli @000381 
l.movhi @000382 
l.srli @000383 
l.sfles @000384 
l.bf @000385 
l.sflts @000386 
l.bnf @000387 
l.sfgtu @000388 
l.bf @000389 
l.addc @00038a 
l.add @00038b 
l.sll @00038c 
l.rori @00038d 
l.muli @00038e 
l.or @00038f 
l.or @000390 
l.ror @000391 
l.or @000392 
l.sub @000393 
l.ff1 @000394 
l.srli @000395 
l.ff1 @000396 
l.macrc @000397 
l.sfltui @000398 
l.bnf @000399 
l.and @00039a 
l.xori @00039b 
l.fl1 @00039c 
l.sfltu @00039d 
l.bf @00039e 
l.sfgeui @00039f 
l.bf @0003ae 
l.add @0003af 
l.sfgtsi @0003b0 
l.bf @0003b1 
l.sfleui @0003b2 
l.bf @0003b3 
l.maci @0003b4 
l.msb @0003c3 
l.ff1 @0003c4 
l.ori @0003c5 
l.addic @0003c6 
l.sra @0003c7 
l.sfgtsi @0003c8 
l.bf @0003c9 
l.srl @0003ca 
l.or @0003cb 
l.sfges @0003cc 
l.bnf @0003cd 
l.sfgtsi @0003ce 
l.bf @0003cf 
l.cmov @0003d0 
l.macrc @0003d1 
l.sfltu @0003d2 
l.bf @0003d3 
l.sll @0003d4 
l.addc @0003e3 
l.ori @0003e4 
l.macrc @0003e5 
l.sfges @0003e6 
l.bnf @0003e7 
l.sfgesi @0003e8 
l.bnf @0003e9 
l.sfeq @0003ea 
l.bf @0003eb 
l.andi @0003ec 
l.or @0003ed 
l.sfgeui @0003ee 
l.bnf @0003ef 
l.addic @0003f0 
l.mul @0003f1 
l.xor @0003f2 
l.addc @0003f3 
l.andi @0003f4 
l.addic @0003f5 
l.sub @0003f6 
l.ori @0003f7 
l.sfleui @0003f8 
l.bf @0003f9 
l.addi @0003fa 
l.sfgtsi @0003fb 
l.bf @0003fc 
l.sfgts @0003fd 
l.bf @00040c 
l.macrc @00040d 
l.xori @00040e 
l.addic @00040f 
l.sfnei @000410 
l.bf @000411 
l.sfgts @000412 
l.bf @000421 
l.srai @000422 
l.sflesi @000431 
l.bf @000432 
l.or @000433 
l.mul @000434 
l.slli @000435 
l.xor @000436 
l.addi @000437 
l.mac @000438 
l.add @000439 
l.sfltui @00043a 
l.bf @00043b 
l.sfgtui @00043c 
l.bnf @00044b 
l.sfltu @00044c 
l.bf @00045b 
l.maci @00045c 
l.msb @00046b 
l.ff1 @00046c 
l.sfltu @00046d 
l.bnf @00046e 
l.mul @00046f 
l.ror @000470 
l.msb @000471 
l.sub @000472 
l.sll @000473 
l.srli @000474 
l.sfgtu @000475 
l.bf @000476 
l.srli @000477 
l.srli @000478 
l.sfgts @000479 
l.bnf @00047a 
l.addic @00047b 
l.sfltsi @00048a 
l.bf @00048b 
l.fl1 @00048c 
l.sfles @00048d 
l.bf @00048e 
l.mac @00048f 
l.addi @000490 
l.sfgesi @000491 
l.bf @000492 
l.fl1 @000493 
l.sfltu @000494 
l.bnf @000495 
l.ori @000496 
l.movhi @0004a5 
l.andi @0004a6 
l.sfltsi @0004a7 
l.bnf @0004a8 
l.sfges @0004a9 
l.bf @0004b8 
l.sfltsi @0004b9 
l.bf @0004c8 
l.sfltu @0004c9 
l.bnf @0004d8 
l.sfles @0004d9 
l.bf @0004da 
l.srli @0004db 
l.maci @0004ea 
l.sfleu @0004eb 
l.bnf @0004ec 
l.sfgtsi @0004ed 
l.bf @0004fc 
l.muli @0004fd 
l.cmov @0004fe 
l.ff1 @0004ff 
l.xori @000500 
l.sflts @000501 
l.bf @000502 
l.maci @000503 
l.slli @000504 
l.mul @000505 
l.sfltu @000506 
l.bf @000507 
l.sfnei @000508 
l.bf @000517 
l.slli @000518 
l.ror @000527 
l.sfgeu @000528 
l.bnf @000529 
l.sfltu @00052a 
l.bf @00052b 
l.sfgesi @00052c 
l.bf @00053b 
l.sfgeu @00053c 
l.bnf @00053d 
l.sfltu @00053e 
l.bf @00053f 
l.sfgts @000540 
l.bnf @000541 
l.mul @000542 
l.sfgesi @000551 
l.bnf @000552 
l.srl @000553 
l.msb @000562 
l.sfltu @000563 
l.bf @000564 
l.sfgtui @000565 
l.bf @000574 
l.sfgesi @000575 
l.bnf @000576 
l.sfgtui @000577 
l.bf @000578 
l.sfltu @000579 
l.bf @00057a 
l.or @00057b 
l.movhi @00057c 
l.ff1 @00057d 
l.addic @00057e 
l.mac @00057f 
l.movhi @000580 
l.sfleu @000581 
l.bf @000582 
l.rori @000583 
l.sfgesi @000592 
l.bnf @000593 
l.or @000594 
l.sfltu @000595 
l.bf @000596 
l.addc @000597 
l.or @000598 
l.addic @000599 
l.srl @00059a 
l.sfges @00059b 
l.bnf @00059c 
l.sfltui @00059d 
l.bnf @0005ac 
l.addc @0005ad 
l.cmov @0005ae 
l.sll @0005af 
l.xori @0005b0 
l.add @0005b1 
l.sfeq @0005b2 
l.bnf @0005b3 
l.maci @0005b4 
l.muli @0005c3 
l.sfgeu @0005c4 
l.bf @0005c5 
l.sfles @0005c6 
l.bnf @0005d5 
l.sfgtsi @0005d6 
l.bf @0005d7 
l.addc @0005d8 
l.sflesi @0005e7 
l.bf @0005e8 
l.sfgtsi @0005e9 
l.bnf @0005f8 
l.sfnei @0005f9 
l.bf @0005fa 
l.sfltsi @0005fb 
l.bf @00060a 
l.sfleu @00060b 
l.bnf @00061a 
l.sfnei @00061b 
l.bf @00062a 
l.srl @00062b 
l.add @00063a 
l.sfltu @00063b 
l.bnf @00063c 
l.ff1 @00063d 
l.or @00064c 
l.sfleui @00064d 
l.bf @00064e 
l.sfles @00064f 
l.bnf @00065e 
l.srli @00065f 
l.sfltui @000660 
l.bf @000661 
l.sfltu @000662 
l.bf @000671 
l.and @000672 
l.fl1 @000681 
l.sfgtu @000682 
l.bf @000683 
l.sfgeui @000684 
l.bf @000685 
l.sfeq @000686 
l.bf @000687 
l.sfnei @000688 
l.bnf @000689 
l.or @00068a 
l.mul @00068b 
l.or @00068c 
l.macrc @00068d 
l.and @00068e 
l.sfgeu @00068f 
l.bf @000690 
l.sub @000691 
l.add @000692 
l.or @000693 
l.sfles @000694 
l.bf @000695 
l.sfgeui @000696 
l.bf @000697 
l.muli @000698 
l.sfles @000699 
l.bf @00069a 
l.ori @00069b 
l.srli @0006aa 
l.sfgtu @0006ab 
l.bf @0006ac 
l.fl1 @0006ad 
l.sfltu @0006bc 
l.bnf @0006bd 
l.mul @0006be 
l.addi @0006cd 
l.sfeq @0006ce 
l.bf @0006cf 
l.mac @0006d0 
l.sfltu @0006d1 
l.bf @0006d2 
l.macrc @0006d3 
l.sfeq @0006d4 
l.bf @0006d5 
l.macrc @0006d6 
l.sfgtui @0006d7 
l.bf @0006d8 
l.sflts @0006d9 
l.bf @0006da 
l.and @0006db 
l.ori @0006dc 
l.mul @0006dd 
l.sfleu @0006de 
l.bnf @0006df 
l.srl @0006e0 
l.sfges @0006e1 
l.bnf @0006e2 
l.sfltui @0006e3 
l.bf @0006f2 
l.addi @0006f3 
l.and @0006f4 
l.sflts @0006f5 
l.bf @0006f6 
l.sfltsi @0006f7 
l.bf @0006f8 
l.movhi @0006f9 
l.mac @0006fa 
l.srli @0006fb 
l.msb @0006fc 
l.addic @0006fd 
l.andi @0006fe 
l.rori @0006ff 
l.sfleui @000700 
l.bnf @000701 
l.cmov @000702 
l.or @000711 
l.sfltsi @000712 
l.bnf @000713 
l.sub @000714 
l.sfgtsi @000723 
l.bf @000724 
l.ror @000725 
l.sfgeu @000734 
l.bf @000735 
l.sfgtsi @000736 
l.bf @000737 
l.add @000738 
l.sfgtsi @000747 
l.bnf @000748 
l.add @000749 
l.sfgeu @000758 
l.bnf @000759 
l.or @00075a 
l.cmov @00075b 
l.srli @00075c 
l.sfgeu @00075d 
l.bnf @00075e 
l.sfeqi @00075f 
l.bf @000760 
l.sfeqi @000761 
l.bf @000762 
l.sfges @000763 
l.bf @000764 
l.mac @000765 
l.sfleui @000774 
l.bf @000775 
l.addc @000776 
l.addc @000785 
l.ori @000786 
l.sfltui @000787 
l.bf @000788 
l.sflesi @000789 
l.bf @000798 
l.or @000799 
l.xori @0007a8 
l.sub @0007a9 
l.sfleui @0007aa 
l.bf @0007ab 
l.sflts @0007ac 
l.bnf @0007bb 
l.addc @0007bc 
l.sfltu @0007cb 
l.bnf @0007cc 
l.sflts @0007cd 
l.bf @0007ce 
l.sfeq @0007cf 
l.bf @0007d0 
l.addc @0007d1 
l.or @0007d2 
l.cmov @0007d3 
l.and @0007d4 
l.sfleui @0007d5 
l.bnf @0007d6 
l.and @0007d7 
l.macrc @0007d8 
l.addc @0007d9 
l.andi @0007da 
l.sra @0007db 
l.sfgtsi @0007dc 
l.bf @0007dd 
l.rori @0007de 
l.muli @0007ed 
l.sfltsi @0007ee 
l.bnf @0007ef 
l.sfltu @0007f0 
l.bnf @0007f1 
l.sfeqi @0007f2 
l.bf @000801 
l.movhi @000802 
l.ror @000803 
l.movhi @000804 
l.sfleu @000805 
l.bnf @000806 
l.and @000807 
l.rori @000808 
l.sub @000809 
l.sfles @00080a 
l.bf @00080b 
l.add @00080c 
l.xor @00080d 
l.sfles @00080e 
l.bnf @00080f 
l.sfgesi @000810 
l.bf @000811 
l.sfgtui @000812 
l.bf @000821 
l.maci @000822 
l.sfleu @000823 
l.bnf @000824 
l.or @000825 
l.slli @000834 
l.slli @000835 
l.sfgesi @000836 
l.bf @000837 
l.srli @000838 
l.ff1 @000839 
l.sfgtsi @00083a 
l.bf @00083b 
l.add @00083c 
l.srai @00084b 
l.srl @00084c 
l.slli @00084d 
l.ror @00084e 
l.sfnei @00084f 
l.bf @000850 
l.sfeqi @000851 
l.bnf @000860 
l.srl @000861 
l.addic @000870 
l.sfgts @000871 
l.bf @000872 
l.sflts @000873 
l.bf @000874 
l.sfges @000875 
l.bf @000876 
l.or @000877 
l.rori @000878 
l.or @000879 
l.sfltui @00087a 
l.bnf @00087b 
l.sfltu @00087c 
l.bf @00087d 
l.sflts @00087e 
l.bf @00088d 
l.ff1 @00088e 
l.mac @00088f 
l.sfeqi @000890 
l.bf @000891 
l.srai @000892 
l.srl @000893 
l.fl1 @000894 
l.sfleui @000895 
l.bf @000896 
l.srai @000897 
l.srai @0008a6 
l.add @0008a7 
l.sfeqi @0008a8 
l.bf @0008a9 
l.mul @0008aa 
l.sflts @0008ab 
l.bf @0008ac 
l.xori @0008ad 
l.andi @0008ae 
l.maci @0008af 
l.sfgesi @0008b0 
l.bf @0008b1 
l.andi @0008b2 
l.xori @0008b3 
l.macrc @0008b4 
l.andi @0008b5 
l.sfles @0008b6 
l.bf @0008b7 
l.sfgeu @0008b8 
l.bf @0008b9 
l.sub @0008ba 
l.sfgeui @0008c9 
l.bf @0008ca 
l.sfltui @0008cb 
l.bnf @0008cc 
l.sfgesi @0008cd 
l.bf @0008ce 
l.or @0008cf 
l.andi @0008de 
l.sfltu @0008df 
l.bf @0008e0 
l.sfgtu @0008e1 
l.bf @0008e2 
l.and @0008e3 
l.sfleui @0008f2 
l.bnf @0008f3 
l.sfltui @0008f4 
l.bf @0008f5 
l.or @0008f6 
l.add @000905 
l.mul @000906 
l.msb @000907 
l.muli @000908 
l.andi @000909 
l.add @00090a 
l.addc @00090b 
l.srli @00090c 
l.sfgtu @00090d 
l.bnf @00090e 
l.sflesi @00090f 
l.bf @000910 
l.srli @000911 
l.ff1 @000912 
l.or @000913 
l.msb @000914 
l.ori @000915 
l.sfltui @000916 
l.bf @000917 
l.mac @000918 
l.and @000927 
l.addi @000928 
l.muli @000929 
l.sfltui @00092a 
l.bnf @00092b 
l.xor @00092c 
l.sflts @00092d 
l.bf @00092e 
l.srai @00092f 
l.sflesi @00093e 
l.bf @00093f 
l.rori @000940 
l.sfltui @00094f 
l.bf @000950 
l.cmov @000951 
l.addc @000960 
l.slli @000961 
l.msb @000962 
l.maci @000963 
l.sfltui @000964 
l.bf @000965 
l.maci @000966 
l.andi @000975 
l.sfges @000976 
l.bf @000977 
l.sfltsi @000978 
l.bnf @000987 
l.andi @000988 
l.sfeqi @000989 
l.bnf @00098a 
l.sfltsi @00098b 
l.bf @00099a 
l.movhi @00099b 
l.fl1 @0009aa 
l.sflesi @0009ab 
l.bf @0009ac 
l.ori @0009ad 
l.maci @0009bc 
l.andi @0009bd 
l.or @0009be 
l.andi @0009bf 
l.sfnei @0009c0 
l.bf @0009c1 
l.muli @0009c2 
l.addi @0009d1 
l.ror @0009d2 
l.sflesi @0009d3 
l.bf @0009d4 
l.sfeq @0009d5 
l.bf @0009d6 
l.sfgtui @0009d7 
l.bf @0009d8 
l.sfgeui @0009d9 
l.bf @0009e8 
l.mac @0009e9 
l.cmov @0009ea 
l.ori @0009eb 
l.sflesi @0009ec 
l.bf @0009ed 
l.sfltui @0009ee 
l.bf @0009fd 
l.sfgesi @0009fe 
l.bf @0009ff 
l.sfltu @000a00 
l.bf @000a0f 
l.movhi @000a10 
l.ror @000a11 
l.add @000a12 
l.sub @000a13 
l.srl @000a14 
l.sfnei @000a15 
l.bf @000a16 
l.mul @000a17 
l.macrc @000a26 
l.sfgtui @000a27 
l.bnf @000a28 
l.sfgeu @000a29 
l.bf @000a38 
l.sfeq @000a39 
l.bnf @000a3a 
l.or @000a3b 
l.cmov @000a4a 
l.or @000a4b 
l.srli @000a4c 
l.sfgtsi @000a4d 
l.bf @000a4e 
l.andi @000a4f 
l.add @000a5e 
l.add @000a5f 
l.sfeq @000a60 
l.bnf @000a61 
l.addi @000a62 
l.mac @000a71 
l.sfleui @000a72 
l.bf @000a73 
l.or @000a74 
l.rori @000a75 
l.srl @000a76 
l.sfges @000a77 
l.bnf @000a78 
l.sfgtsi @000a79 
l.bf @000a7a 
l.sflesi @000a7b 
l.bf @000a7c 
l.sfeq @000a7d 
l.bf @000a7e 
l.or @000a7f 
l.add @000a80 
l.sfgtui @000a81 
l.bf @000a82 
l.xori @000a83 
l.addc @000a84 
l.sfnei @000a85 
l.bnf @000a86 
l.addic @000a87 
l.xori @000a88 
l.srai @000a89 
l.mac @000a8a 
l.addic @000a8b 
l.sfges @000a8c 
l.bf @000a8d 
l.sfltu @000a8e 
l.bf @000a9d 
l.sll @000a9e 
l.sfges @000a9f 
l.bnf @000aa0 
l.addc @000aa1 
l.sfleui @000ab0 
l.bf @000ab1 
l.sfgesi @000ab2 
l.bf @000ac1 
l.sfgts @000ac2 
l.bf @000ac3 
l.sfgtsi @000ac4 
l.bnf @000ad3 
l.movhi @000ad4 
l.ff1 @000ae3 
l.muli @000ae4 
l.sfgtsi @000ae5 
l.bf @000ae6 
l.addic @000ae7 
l.sfgesi @000ae8 
l.bf @000ae9 
l.sfgtui @000aea 
l.bf @000af9 
l.maci @000afa 
l.sfles @000afb 
l.bf @000afc 
l.sfnei @000afd 
l.bf @000afe 
l.sfges @000aff 
l.bf @000b0e 
l.sfges @000b0f 
l.bf @000b10 
l.or @000b11 
l.srl @000b12 
l.sfltui @000b13 
l.bf @000b14 
l.ori @000b15 
l.or @000b24 
l.sfgtu @000b25 
l.bf @000b26 
l.andi @000b27 
l.macrc @000b28 
l.ori @000b29 
l.srai @000b2a 
l.sfgtui @000b2b 
l.bf @000b2c 
l.rori @000b2d 
l.fl1 @000b2e 
l.maci @000b2f 
l.sfgtsi @000b30 
l.bf @000b31 
l.sfltsi @000b32 
l.bf @000b33 
l.xori @000b34 
l.maci @000b43 
l.sfgtsi @000b44 
l.bf @000b45 
l.sflesi @000b46 
l.bf @000b47 
l.movhi @000b48 
l.slli @000b49 
l.cmov @000b4a 
l.xor @000b4b 
l.xori @000b4c 
l.sflts @000b4d 
l.bnf @000b4e 
l.muli @000b4f 
l.sfgtsi @000b5e 
l.bnf @000b5f 
l.andi @000b60 
l.sfgtui @000b6f 
l.bf @000b70 
l.sfeq @000b71 
l.bf @000b72 
l.maci @000b73 
l.sfltu @000b74 
l.bf @000b75 
l.sflts @000b76 
l.bnf @000b77 
l.or @000b78 
l.sfleu @000b79 
l.bf @000b7a 
l.xor @000b7b 
l.sll @000b7c 
l.or @000b7d 
l.sfeq @000b7e 
l.bf @000b7f 
l.muli @000b80 
l.sfnei @000b81 
l.bnf @000b82 
l.xori @000b83 
l.sfeqi @000b84 
l.bf @000b85 
l.sub @000b86 
l.sfltsi @000b87 
l.bf @000b88 
l.sflesi @000b89 
l.bf @000b98 
l.or @000b99 
l.sfgtsi @000ba8 
l.bnf @000ba9 
l.add @000baa 
l.maci @000bab 
l.sflesi @000bac 
l.bf @000bad 
l.muli @000bae 
l.slli @000baf 
l.mac @000bb0 
l.addi @000bb1 
l.sfeqi @000bb2 
l.bnf @000bb3 
l.sfgts @000bb4 
l.bf @000bc3 
l.sra @000bc4 
l.cmov @000bc5 
l.rori @000bc6 
l.ff1 @000bc7 
l.maci @000bc8 
l.sfgtui @000bc9 
l.bnf @000bca 
l.addic @000bcb 
l.srl @000bda 
l.addi @000bdb 
l.sfges @000bdc 
l.bf @000bdd 
l.msb @000bde 
l.or @000bdf 
l.or @000be0 
l.ff1 @000be1 
l.mac @000be2 
l.msb @000be3 
l.srai @000be4 
l.mac @000be5 
l.rori @000be6 
l.slli @000be7 
l.sfeq @000be8 
l.bf @000be9 
l.sfgtsi @000bea 
l.bnf @000beb 
l.ror @000bec 
l.srai @000bed 
l.add @000bee 
l.cmov @000bef 
l.xor @000bf0 
l.srl @000bf1 
l.srl @000bf2 
l.sfleu @000bf3 
l.bf @000bf4 
l.srli @000bf5 
l.srai @000c04 
l.sfltu @000c05 
l.bf @000c06 
l.sfles @000c07 
l.bf @000c08 
l.macrc @000c09 
l.maci @000c0a 
l.srai @000c0b 
l.srai @000c0c 
l.sfgts @000c0d 
l.bf @000c0e 
l.xori @000c0f 
l.sflts @000c1e 
l.bf @000c1f 
l.xori @000c20 
l.srli @000c2f 
l.sflts @000c30 
l.bf @000c31 
l.srli @000c32 
l.movhi @000c41 
l.sfgtsi @000c42 
l.bf @000c43 
l.srai @000c44 
l.sfleu @000c53 
l.bnf @000c54 
l.sfges @000c55 
l.bf @000c56 
l.xori @000c57 
l.ff1 @000c66 
l.movhi @000c67 
l.add @000c68 
l.sfgtu @000c69 
l.bf @000c6a 
l.sfltu @000c6b 
l.bf @000c7a 
l.cmov @000c7b 
l.sfges @000c7c 
l.bf @000c7d 
l.sflts @000c7e 
l.bf @000c8d 
l.andi @000c8e 
l.sfgts @000c9d 
l.bnf @000c9e 
l.rori @000c9f 
l.sll @000cae 
l.movhi @000caf 
l.cmov @000cb0 
l.sfgtu @000cb1 
l.bf @000cb2 
l.or @000cb3 
l.mul @000cb4 
l.ori @000cb5 
l.slli @000cb6 
l.ror @000cb7 
l.and @000cb8 
l.macrc @000cb9 
l.and @000cba 
l.sfgesi @000cbb 
l.bf @000cbc 
l.sra @000cbd 
l.andi @000ccc 
l.sfgeu @000ccd 
l.bnf @000cce 
l.ff1 @000ccf 
l.srl @000cd0 
l.sra @000cd1 
l.and @000cd2 
l.maci @000cd3 
l.or @000cd4 
l.sub @000cd5 
l.sfgeui @000cd6 
l.bf @000cd7 
l.muli @000cd8 
l.mac @000cd9 
l.sfges @000cda 
l.bnf @000cdb 
l.addi @000cdc 
l.sfles @000cdd 
l.bf @000cde 
l.sfltsi @000cdf 
l.bf @000cee 
l.sfgtui @000cef 
l.bf @000cfe 
l.sfleui @000cff 
l.bf @000d0e 
l.mac @000d0f 
l.sfgtsi @000d1e 
l.bf @000d1f 
l.sfgeui @000d20 
l.bnf @000d2f 
l.sfgtu @000d30 
l.bf @000d31 
l.sfltu @000d32 
l.bnf @000d41 
l.sfltui @000d42 
l.bnf @000d43 
l.sfgeui @000d44 
l.bnf @000d53 
l.movhi @000d54 
/hpc/home/connect.ytan910/code/LLM/ChipVerilogSuite/Des/or1200_hp/des/verilog/or1200_top/or1200_tb.v:178: $stop called at 2000050 (1ps)
