#! /hpc/home/ytan910@CONNECT/lib/iverilog/bin/vvp
:ivl_version "13.0 (devel)" "(s20221226-518-g94d9d19)";
:ivl_delay_selection "TYPICAL";
:vpi_time_precision - 12;
:vpi_module "/hpc/home/connect.ytan910/lib/iverilog/lib/ivl/system.vpi";
:vpi_module "/hpc/home/connect.ytan910/lib/iverilog/lib/ivl/vhdl_sys.vpi";
:vpi_module "/hpc/home/connect.ytan910/lib/iverilog/lib/ivl/vhdl_textio.vpi";
:vpi_module "/hpc/home/connect.ytan910/lib/iverilog/lib/ivl/v2005_math.vpi";
:vpi_module "/hpc/home/connect.ytan910/lib/iverilog/lib/ivl/va_math.vpi";
S_0x16c1a60 .scope module, "or1200_testbench" "or1200_testbench" 2 12;
 .timescale -12 -12;
P_0x1901b40 .param/l "aw" 0 2 16, +C4<00000000000000000000000000100000>;
P_0x1901b80 .param/l "dw" 0 2 15, +C4<00000000000000000000000000100000>;
P_0x1901bc0 .param/l "ppic_ints" 0 2 17, +C4<00000000000000000000000000010100>;
v0x19f0750_0 .var "clk", 0 0;
v0x19f07f0_0 .var "clmode_i", 1 0;
v0x19f0890_0 .var/i "cnt", 31 0;
v0x19f0930_0 .net "dbg_ack_o", 0 0, v0x19d3bc0_0;  1 drivers
v0x19f09d0_0 .var "dbg_adr_i", 31 0;
v0x19f0a70_0 .net "dbg_bp_o", 0 0, L_0x1a25e00;  1 drivers
v0x19f0b10_0 .var "dbg_dat_i", 31 0;
v0x19f0bb0_0 .net "dbg_dat_o", 31 0, L_0x1a25400;  1 drivers
v0x19f0c50_0 .var "dbg_ewt_i", 0 0;
v0x19f0cf0_0 .net "dbg_is_o", 1 0, v0x19d4130_0;  1 drivers
L_0x7f106a89ba40 .functor BUFT 1, C4<0000>, C4<0>, C4<0>, C4<0>;
v0x19f0d90_0 .net "dbg_lss_o", 3 0, L_0x7f106a89ba40;  1 drivers
v0x19f0e30_0 .var "dbg_stall_i", 0 0;
v0x19f0ed0_0 .var "dbg_stb_i", 0 0;
v0x19f0f70_0 .var "dbg_we_i", 0 0;
L_0x7f106a89ba88 .functor BUFT 1, C4<00000000000>, C4<0>, C4<0>, C4<0>;
v0x19f1010_0 .net "dbg_wp_o", 10 0, L_0x7f106a89ba88;  1 drivers
v0x19f10b0_0 .var "dwb_ack_i", 0 0;
v0x19f1150_0 .net "dwb_adr_o", 31 0, v0x16898f0_0;  1 drivers
v0x19f1300_0 .net "dwb_cab_o", 0 0, v0x1692950_0;  1 drivers
v0x19f13a0_0 .net "dwb_cyc_o", 0 0, v0x16692c0_0;  1 drivers
v0x19f1440_0 .var "dwb_dat_i", 31 0;
v0x19f14e0_0 .net "dwb_dat_o", 31 0, v0x162c340_0;  1 drivers
v0x19f1580_0 .var "dwb_err_i", 0 0;
v0x19f1620_0 .var "dwb_rty_i", 0 0;
v0x19f16c0_0 .net "dwb_sel_o", 3 0, v0x15daf00_0;  1 drivers
v0x19f1760_0 .net "dwb_stb_o", 0 0, v0x15d8c40_0;  1 drivers
v0x19f1800_0 .net "dwb_we_o", 0 0, v0x15c6be0_0;  1 drivers
v0x19f18a0_0 .net "iwb_ack_i", 0 0, v0x19efb70_0;  1 drivers
v0x19f1940_0 .net "iwb_adr_o", 31 0, v0x1868df0_0;  1 drivers
v0x19f19e0_0 .net "iwb_cab_o", 0 0, v0x1921720_0;  1 drivers
v0x19f1a80_0 .net "iwb_cyc_o", 0 0, v0x191aea0_0;  1 drivers
v0x19f1b20_0 .net "iwb_dat_i", 31 0, v0x19cddf0_0;  1 drivers
v0x19f1bc0_0 .net "iwb_dat_o", 31 0, v0x18ce440_0;  1 drivers
v0x19f1c60_0 .var "iwb_err_i", 0 0;
v0x19f11f0_0 .var "iwb_rty_i", 0 0;
v0x19f1f10_0 .net "iwb_sel_o", 3 0, v0x18e81a0_0;  1 drivers
v0x19f1fb0_0 .net "iwb_stb_o", 0 0, v0x18e9610_0;  1 drivers
v0x19f2050_0 .net "iwb_we_o", 0 0, v0x18d8660_0;  1 drivers
v0x19f20f0_0 .var "pic_ints_i", 19 0;
v0x19f2190_0 .net "pm_clksd_o", 3 0, L_0x1a28840;  1 drivers
v0x19f2230_0 .net "pm_cpu_gate_o", 0 0, L_0x1a28b10;  1 drivers
v0x19f22d0_0 .var "pm_cpustall_i", 0 0;
v0x19f2370_0 .net "pm_dc_gate_o", 0 0, L_0x1a28c20;  1 drivers
v0x19f2410_0 .net "pm_dmmu_gate_o", 0 0, L_0x1a28d90;  1 drivers
v0x19f24b0_0 .net "pm_ic_gate_o", 0 0, L_0x1a28d20;  1 drivers
v0x19f2550_0 .net "pm_immu_gate_o", 0 0, L_0x1a28e00;  1 drivers
v0x19f25f0_0 .net "pm_lvolt_o", 0 0, L_0x1a29040;  1 drivers
v0x19f2690_0 .net "pm_tt_gate_o", 0 0, L_0x1a28f50;  1 drivers
v0x19f2730_0 .net "pm_wakeup_o", 0 0, L_0x1a28e70;  1 drivers
v0x19f27d0_0 .var "rst", 0 0;
E_0x1832e00 .event negedge, v0x173f060_0;
L_0x19f2870 .part v0x1868df0_0, 2, 24;
S_0x19613f0 .scope module, "or1200_top_i" "or1200_top" 2 202, 3 5 0, S_0x16c1a60;
 .timescale -12 -12;
    .port_info 0 /INPUT 1 "clk_i";
    .port_info 1 /INPUT 1 "rst_i";
    .port_info 2 /INPUT 20 "pic_ints_i";
    .port_info 3 /INPUT 2 "clmode_i";
    .port_info 4 /INPUT 1 "iwb_ack_i";
    .port_info 5 /INPUT 1 "iwb_err_i";
    .port_info 6 /INPUT 1 "iwb_rty_i";
    .port_info 7 /INPUT 32 "iwb_dat_i";
    .port_info 8 /OUTPUT 1 "iwb_cyc_o";
    .port_info 9 /OUTPUT 32 "iwb_adr_o";
    .port_info 10 /OUTPUT 1 "iwb_stb_o";
    .port_info 11 /OUTPUT 1 "iwb_we_o";
    .port_info 12 /OUTPUT 4 "iwb_sel_o";
    .port_info 13 /OUTPUT 32 "iwb_dat_o";
    .port_info 14 /OUTPUT 1 "iwb_cab_o";
    .port_info 15 /INPUT 1 "dwb_ack_i";
    .port_info 16 /INPUT 1 "dwb_err_i";
    .port_info 17 /INPUT 1 "dwb_rty_i";
    .port_info 18 /INPUT 32 "dwb_dat_i";
    .port_info 19 /OUTPUT 1 "dwb_cyc_o";
    .port_info 20 /OUTPUT 32 "dwb_adr_o";
    .port_info 21 /OUTPUT 1 "dwb_stb_o";
    .port_info 22 /OUTPUT 1 "dwb_we_o";
    .port_info 23 /OUTPUT 4 "dwb_sel_o";
    .port_info 24 /OUTPUT 32 "dwb_dat_o";
    .port_info 25 /OUTPUT 1 "dwb_cab_o";
    .port_info 26 /INPUT 1 "dbg_stall_i";
    .port_info 27 /INPUT 1 "dbg_ewt_i";
    .port_info 28 /OUTPUT 4 "dbg_lss_o";
    .port_info 29 /OUTPUT 2 "dbg_is_o";
    .port_info 30 /OUTPUT 11 "dbg_wp_o";
    .port_info 31 /OUTPUT 1 "dbg_bp_o";
    .port_info 32 /INPUT 1 "dbg_stb_i";
    .port_info 33 /INPUT 1 "dbg_we_i";
    .port_info 34 /INPUT 32 "dbg_adr_i";
    .port_info 35 /INPUT 32 "dbg_dat_i";
    .port_info 36 /OUTPUT 32 "dbg_dat_o";
    .port_info 37 /OUTPUT 1 "dbg_ack_o";
    .port_info 38 /INPUT 1 "pm_cpustall_i";
    .port_info 39 /OUTPUT 4 "pm_clksd_o";
    .port_info 40 /OUTPUT 1 "pm_dc_gate_o";
    .port_info 41 /OUTPUT 1 "pm_ic_gate_o";
    .port_info 42 /OUTPUT 1 "pm_dmmu_gate_o";
    .port_info 43 /OUTPUT 1 "pm_immu_gate_o";
    .port_info 44 /OUTPUT 1 "pm_tt_gate_o";
    .port_info 45 /OUTPUT 1 "pm_cpu_gate_o";
    .port_info 46 /OUTPUT 1 "pm_wakeup_o";
    .port_info 47 /OUTPUT 1 "pm_lvolt_o";
P_0x1901e40 .param/l "aw" 0 3 46, +C4<00000000000000000000000000100000>;
P_0x1901e80 .param/l "dw" 0 3 45, +C4<00000000000000000000000000100000>;
P_0x1901ec0 .param/l "ppic_ints" 0 3 47, +C4<00000000000000000000000000010100>;
L_0x1534910 .functor BUFZ 1, v0x19f0750_0, C4<0>, C4<0>, C4<0>;
L_0x1520e40 .functor BUFZ 1, v0x19f27d0_0, C4<0>, C4<0>, C4<0>;
L_0x15205b0 .functor BUFZ 1, v0x19f0750_0, C4<0>, C4<0>, C4<0>;
L_0x1521480 .functor BUFZ 1, v0x19f27d0_0, C4<0>, C4<0>, C4<0>;
v0x19e8130_0 .net "branch_op", 2 0, v0x1947d10_0;  1 drivers
v0x19e81d0_0 .net "clk_i", 0 0, v0x19f0750_0;  1 drivers
v0x19e8270_0 .net "clmode_i", 1 0, v0x19f07f0_0;  1 drivers
v0x19e8310_0 .net "dbg_ack_o", 0 0, v0x19d3bc0_0;  alias, 1 drivers
v0x19e83b0_0 .net "dbg_adr_i", 31 0, v0x19f09d0_0;  1 drivers
v0x19e8450_0 .net "dbg_bp_o", 0 0, L_0x1a25e00;  alias, 1 drivers
v0x19e84f0_0 .net "dbg_dat_i", 31 0, v0x19f0b10_0;  1 drivers
v0x19e8590_0 .net "dbg_dat_o", 31 0, L_0x1a25400;  alias, 1 drivers
v0x19e8630_0 .net "dbg_ewt_i", 0 0, v0x19f0c50_0;  1 drivers
v0x19e86d0_0 .net "dbg_is_o", 1 0, v0x19d4130_0;  alias, 1 drivers
v0x19e8770_0 .net "dbg_lss_o", 3 0, L_0x7f106a89ba40;  alias, 1 drivers
v0x19e8810_0 .net "dbg_stall_i", 0 0, v0x19f0e30_0;  1 drivers
v0x19e88b0_0 .net "dbg_stb_i", 0 0, v0x19f0ed0_0;  1 drivers
v0x19e8950_0 .net "dbg_we_i", 0 0, v0x19f0f70_0;  1 drivers
v0x19e89f0_0 .net "dbg_wp_o", 10 0, L_0x7f106a89ba88;  alias, 1 drivers
v0x19e8a90_0 .net "dc_en", 0 0, L_0x1a05150;  1 drivers
v0x19e8b30_0 .net "dcpu_ack_qmem", 0 0, L_0x1a23d10;  1 drivers
v0x19e8ce0_0 .net "dcpu_adr_cpu", 31 0, L_0x1a14d40;  1 drivers
v0x19e8d80_0 .net "dcpu_cycstb_cpu", 0 0, L_0x1a15200;  1 drivers
v0x19e8e20_0 .net "dcpu_dat_cpu", 31 0, L_0x1a15730;  1 drivers
v0x19e8ec0_0 .net "dcpu_dat_qmem", 31 0, L_0x1a23c10;  1 drivers
v0x19e8f60_0 .net "dcpu_err_dmmu", 0 0, L_0x1997630;  1 drivers
v0x19e9000_0 .net "dcpu_rty_qmem", 0 0, L_0x1a23df0;  1 drivers
v0x19e90a0_0 .net "dcpu_sel_cpu", 3 0, v0x1974950_0;  1 drivers
v0x19e9140_0 .net "dcpu_tag_cpu", 3 0, L_0x1a15470;  1 drivers
v0x19e91e0_0 .net "dcpu_tag_dmmu", 3 0, L_0x1a1d970;  1 drivers
v0x19e9280_0 .net "dcpu_we_cpu", 0 0, L_0x1a15340;  1 drivers
v0x19e9320_0 .net "dcqmem_ack_dc", 0 0, L_0x1a1f3b0;  1 drivers
v0x19e93c0_0 .net "dcqmem_adr_qmem", 31 0, L_0x1a24110;  1 drivers
v0x19e9460_0 .net "dcqmem_ci_qmem", 0 0, L_0x1a243a0;  1 drivers
v0x19e9500_0 .net "dcqmem_cycstb_qmem", 0 0, L_0x1a242a0;  1 drivers
v0x19e95a0_0 .net "dcqmem_dat_dc", 31 0, L_0x1a1fa70;  1 drivers
v0x19e9640_0 .net "dcqmem_dat_qmem", 31 0, L_0x1a24780;  1 drivers
v0x19e8bd0_0 .net "dcqmem_err_dc", 0 0, L_0x1a1f5e0;  1 drivers
v0x19e98f0_0 .net "dcqmem_rty_dc", 0 0, L_0x1a1f0d0;  1 drivers
v0x19e9990_0 .net "dcqmem_sel_qmem", 3 0, L_0x1a24540;  1 drivers
v0x19e9a30_0 .net "dcqmem_tag_dc", 3 0, L_0x1a1f1b0;  1 drivers
v0x19e9ad0_0 .net "dcqmem_tag_qmem", 3 0, L_0x1a244a0;  1 drivers
v0x19e9b70_0 .net "dcqmem_we_qmem", 0 0, L_0x1a24210;  1 drivers
v0x19e9c10_0 .net "dcsb_ack_sb", 0 0, L_0x1a25160;  1 drivers
v0x19e9cb0_0 .net "dcsb_adr_dc", 31 0, L_0x19971b0;  1 drivers
v0x19e9d50_0 .net "dcsb_cab_dc", 0 0, L_0x1a1efe0;  1 drivers
v0x19e9df0_0 .net "dcsb_cyc_dc", 0 0, L_0x1a1e590;  1 drivers
v0x19e9e90_0 .net "dcsb_dat_dc", 31 0, L_0x1a1e460;  1 drivers
v0x19e9f30_0 .net "dcsb_dat_sb", 31 0, L_0x1a25060;  1 drivers
v0x19e9fd0_0 .net "dcsb_err_sb", 0 0, L_0x1a25260;  1 drivers
v0x19ea070_0 .net "dcsb_sel_dc", 3 0, L_0x1a1ee60;  1 drivers
v0x19ea110_0 .net "dcsb_stb_dc", 0 0, L_0x1a1e800;  1 drivers
v0x19ea1b0_0 .net "dcsb_we_dc", 0 0, L_0x1a1e8f0;  1 drivers
v0x19ea250_0 .net "dmmu_en", 0 0, L_0x1a05570;  1 drivers
v0x19ea2f0_0 .net "du_addr", 31 0, L_0x1a254e0;  1 drivers
v0x19ea390_0 .net "du_dat_cpu", 31 0, L_0x1a0c810;  1 drivers
v0x19ea430_0 .net "du_dat_du", 31 0, L_0x1a25550;  1 drivers
v0x19ea4d0_0 .net "du_dsr", 13 0, v0x19d51a0_0;  1 drivers
v0x19ea570_0 .net "du_except", 12 0, L_0x14c9b00;  1 drivers
L_0x7f106a89c100 .functor BUFT 1, C4<0>, C4<0>, C4<0>, C4<0>;
v0x19ea610_0 .net "du_hwbkpt", 0 0, L_0x7f106a89c100;  1 drivers
v0x19ea6b0_0 .net "du_read", 0 0, L_0x1a25660;  1 drivers
v0x19ea750_0 .net "du_stall", 0 0, L_0x1a25470;  1 drivers
v0x19ea7f0_0 .net "du_write", 0 0, L_0x1a256d0;  1 drivers
v0x19ea890_0 .net "dwb_ack_i", 0 0, v0x19f10b0_0;  1 drivers
v0x19ea930_0 .net "dwb_adr_o", 31 0, v0x16898f0_0;  alias, 1 drivers
v0x19ea9d0_0 .net "dwb_cab_o", 0 0, v0x1692950_0;  alias, 1 drivers
v0x19eaa70_0 .net "dwb_clk_i", 0 0, L_0x15205b0;  1 drivers
v0x19eab10_0 .net "dwb_cyc_o", 0 0, v0x16692c0_0;  alias, 1 drivers
v0x19eabb0_0 .net "dwb_dat_i", 31 0, v0x19f1440_0;  1 drivers
v0x19e96e0_0 .net "dwb_dat_o", 31 0, v0x162c340_0;  alias, 1 drivers
v0x19e9780_0 .net "dwb_err_i", 0 0, v0x19f1580_0;  1 drivers
v0x19e9820_0 .net "dwb_rst_i", 0 0, L_0x1521480;  1 drivers
v0x19eb060_0 .net "dwb_rty_i", 0 0, v0x19f1620_0;  1 drivers
v0x19eb100_0 .net "dwb_sel_o", 3 0, v0x15daf00_0;  alias, 1 drivers
v0x19eb1a0_0 .net "dwb_stb_o", 0 0, v0x15d8c40_0;  alias, 1 drivers
v0x19eb240_0 .net "dwb_we_o", 0 0, v0x15c6be0_0;  alias, 1 drivers
v0x19eb2e0_0 .net "ex_freeze", 0 0, L_0x1a16030;  1 drivers
v0x19eb380_0 .net "ex_insn", 31 0, v0x19200b0_0;  1 drivers
v0x19eb420_0 .net "ic_en", 0 0, L_0x1a054d0;  1 drivers
v0x19eb4c0_0 .net "icbiu_ack_biu", 0 0, L_0x1522320;  1 drivers
v0x19eb560_0 .net "icbiu_adr_ic", 31 0, L_0x14bdde0;  1 drivers
v0x19eb600_0 .net "icbiu_cab_ic", 0 0, L_0x1a03750;  1 drivers
v0x19eb6a0_0 .net "icbiu_cyc_ic", 0 0, L_0x1a03460;  1 drivers
v0x19eb740_0 .net "icbiu_dat_biu", 31 0, L_0x19f29b0;  1 drivers
L_0x7f106a89a138 .functor BUFT 1, C4<00000000000000000000000000000000>, C4<0>, C4<0>, C4<0>;
v0x19eb7e0_0 .net "icbiu_dat_ic", 31 0, L_0x7f106a89a138;  1 drivers
v0x19eb880_0 .net "icbiu_err_biu", 0 0, L_0x14e46f0;  1 drivers
v0x19eb920_0 .net "icbiu_sel_ic", 3 0, L_0x1a036b0;  1 drivers
v0x19eb9c0_0 .net "icbiu_stb_ic", 0 0, L_0x1a03500;  1 drivers
L_0x7f106a89a180 .functor BUFT 1, C4<0>, C4<0>, C4<0>, C4<0>;
v0x19eba60_0 .net "icbiu_we_ic", 0 0, L_0x7f106a89a180;  1 drivers
v0x19ebb00_0 .net "icpu_ack_qmem", 0 0, L_0x1a23280;  1 drivers
v0x19ebba0_0 .net "icpu_adr_cpu", 31 0, L_0x1a05c00;  1 drivers
v0x19ebc40_0 .net "icpu_adr_immu", 31 0, v0x19de180_0;  1 drivers
v0x19ebce0_0 .net "icpu_cycstb_cpu", 0 0, L_0x1a05ca0;  1 drivers
v0x19ebd80_0 .net "icpu_dat_qmem", 31 0, L_0x1a23180;  1 drivers
v0x19ebe20_0 .net "icpu_err_immu", 0 0, L_0x14c1f50;  1 drivers
v0x19ebec0_0 .net "icpu_rty_immu", 0 0, L_0x14caa30;  1 drivers
L_0x7f106a89a4e0 .functor BUFT 1, C4<1111>, C4<0>, C4<0>, C4<0>;
v0x19ebf60_0 .net "icpu_sel_cpu", 3 0, L_0x7f106a89a4e0;  1 drivers
L_0x7f106a89a528 .functor BUFT 1, C4<0001>, C4<0>, C4<0>, C4<0>;
v0x19ec000_0 .net "icpu_tag_cpu", 3 0, L_0x7f106a89a528;  1 drivers
v0x19ec0a0_0 .net "icpu_tag_immu", 3 0, L_0x14d4c70;  1 drivers
v0x19ec140_0 .net "icqmem_ack_ic", 0 0, L_0x1a03890;  1 drivers
v0x19ec1e0_0 .net "icqmem_adr_qmem", 31 0, L_0x1a23710;  1 drivers
v0x19ec280_0 .net "icqmem_ci_qmem", 0 0, L_0x1a23910;  1 drivers
v0x19ec320_0 .net "icqmem_cycstb_qmem", 0 0, L_0x1a23810;  1 drivers
v0x19ec3c0_0 .net "icqmem_dat_ic", 31 0, L_0x1a03b10;  1 drivers
v0x19ec460_0 .net "icqmem_err_ic", 0 0, L_0x1a03930;  1 drivers
v0x19ec500_0 .net "icqmem_rty_ic", 0 0, L_0x14b9190;  1 drivers
v0x19ec5a0_0 .net "icqmem_sel_qmem", 3 0, L_0x1a23a10;  1 drivers
v0x19ec640_0 .net "icqmem_tag_ic", 3 0, L_0x1a037f0;  1 drivers
v0x19ec6e0_0 .net "icqmem_tag_qmem", 3 0, L_0x1a23b10;  1 drivers
v0x19ec780_0 .net "id_pc", 31 0, v0x1855e60_0;  1 drivers
v0x19ec820_0 .net "immu_en", 0 0, L_0x1a05610;  1 drivers
v0x19ec8c0_0 .net "iwb_ack_i", 0 0, v0x19efb70_0;  alias, 1 drivers
v0x19ec960_0 .net "iwb_adr_o", 31 0, v0x1868df0_0;  alias, 1 drivers
v0x19eca00_0 .net "iwb_cab_o", 0 0, v0x1921720_0;  alias, 1 drivers
v0x19ecaa0_0 .net "iwb_clk_i", 0 0, L_0x1534910;  1 drivers
v0x19ecb40_0 .net "iwb_cyc_o", 0 0, v0x191aea0_0;  alias, 1 drivers
v0x19ecbe0_0 .net "iwb_dat_i", 31 0, v0x19cddf0_0;  alias, 1 drivers
v0x19ecc80_0 .net "iwb_dat_o", 31 0, v0x18ce440_0;  alias, 1 drivers
v0x19ecd20_0 .net "iwb_err_i", 0 0, v0x19f1c60_0;  1 drivers
v0x19ecdc0_0 .net "iwb_rst_i", 0 0, L_0x1520e40;  1 drivers
v0x19ece60_0 .net "iwb_rty_i", 0 0, v0x19f11f0_0;  1 drivers
v0x19ecf00_0 .net "iwb_sel_o", 3 0, v0x18e81a0_0;  alias, 1 drivers
v0x19ecfa0_0 .net "iwb_stb_o", 0 0, v0x18e9610_0;  alias, 1 drivers
v0x19ed040_0 .net "iwb_we_o", 0 0, v0x18d8660_0;  alias, 1 drivers
v0x19ed0e0_0 .net "pic_ints_i", 19 0, v0x19f20f0_0;  1 drivers
v0x19ed180_0 .net "pic_wakeup", 0 0, L_0x1a138e0;  1 drivers
v0x19ed220_0 .net "pm_clksd_o", 3 0, L_0x1a28840;  alias, 1 drivers
v0x19ed2c0_0 .net "pm_cpu_gate_o", 0 0, L_0x1a28b10;  alias, 1 drivers
v0x19ed360_0 .net "pm_cpustall_i", 0 0, v0x19f22d0_0;  1 drivers
v0x19ed400_0 .net "pm_dc_gate_o", 0 0, L_0x1a28c20;  alias, 1 drivers
v0x19ed4a0_0 .net "pm_dmmu_gate_o", 0 0, L_0x1a28d90;  alias, 1 drivers
v0x19ed540_0 .net "pm_ic_gate_o", 0 0, L_0x1a28d20;  alias, 1 drivers
v0x19ed5e0_0 .net "pm_immu_gate_o", 0 0, L_0x1a28e00;  alias, 1 drivers
v0x19eac50_0 .net "pm_lvolt_o", 0 0, L_0x1a29040;  alias, 1 drivers
v0x19eacf0_0 .net "pm_tt_gate_o", 0 0, L_0x1a28f50;  alias, 1 drivers
v0x19ead90_0 .net "pm_wakeup_o", 0 0, L_0x1a28e70;  alias, 1 drivers
v0x19eae30_0 .net "qmemdmmu_adr_dmmu", 31 0, L_0x1a0ef00;  1 drivers
v0x19eaf20_0 .net "qmemdmmu_ci_dmmu", 0 0, L_0x1a1dc70;  1 drivers
v0x19ede90_0 .net "qmemdmmu_cycstb_dmmu", 0 0, L_0x1a1d9e0;  1 drivers
v0x19edf30_0 .net "qmemdmmu_err_qmem", 0 0, L_0x1a23ef0;  1 drivers
v0x19edfd0_0 .net "qmemdmmu_tag_qmem", 3 0, L_0x1a23d80;  1 drivers
v0x19ee070_0 .net "qmemimmu_adr_immu", 31 0, L_0x14e72f0;  1 drivers
L_0x7f106a89a0f0 .functor BUFT 1, C4<0>, C4<0>, C4<0>, C4<0>;
v0x19ee110_0 .net "qmemimmu_ci_immu", 0 0, L_0x7f106a89a0f0;  1 drivers
v0x19ee1b0_0 .net "qmemimmu_cycstb_immu", 0 0, L_0x14b4500;  1 drivers
v0x19ee250_0 .net "qmemimmu_err_qmem", 0 0, L_0x1a23480;  1 drivers
v0x19ee2f0_0 .net "qmemimmu_rty_qmem", 0 0, L_0x1a232f0;  1 drivers
v0x19ee390_0 .net "qmemimmu_tag_qmem", 3 0, L_0x1a23580;  1 drivers
v0x19ee430_0 .net "rf_dataw", 31 0, v0x151e320_0;  1 drivers
v0x19ee4d0_0 .net "rst_i", 0 0, v0x19f27d0_0;  1 drivers
v0x19ee570_0 .net "sbbiu_ack_biu", 0 0, L_0x14e2a10;  1 drivers
v0x19ee610_0 .net "sbbiu_adr_sb", 31 0, L_0x1a24940;  1 drivers
v0x19ee6b0_0 .net "sbbiu_cab_sb", 0 0, L_0x1a24e60;  1 drivers
v0x19ee750_0 .net "sbbiu_cyc_sb", 0 0, L_0x1a24a40;  1 drivers
v0x19ee7f0_0 .net "sbbiu_dat_biu", 31 0, L_0x14e7f70;  1 drivers
v0x19ee890_0 .net "sbbiu_dat_sb", 31 0, L_0x1a24640;  1 drivers
v0x19ee930_0 .net "sbbiu_err_biu", 0 0, L_0x14e3e10;  1 drivers
v0x19ee9d0_0 .net "sbbiu_sel_sb", 3 0, L_0x1a24f60;  1 drivers
v0x19eea70_0 .net "sbbiu_stb_sb", 0 0, L_0x1a24bd0;  1 drivers
v0x19eeb10_0 .net "sbbiu_we_sb", 0 0, L_0x1a24d60;  1 drivers
v0x19eebb0_0 .net "sig_int", 0 0, L_0x1a13840;  1 drivers
v0x19eec50_0 .net "sig_tick", 0 0, L_0x1a28000;  1 drivers
v0x19eecf0_0 .net "spr_addr", 31 0, L_0x1a0c2f0;  1 drivers
v0x19eed90_0 .net "spr_cs", 31 0, L_0x1a0cb40;  1 drivers
v0x19eee30_0 .net "spr_cs_group_dc", 0 0, L_0x1a1dd10;  1 drivers
v0x19eeed0_0 .net "spr_cs_group_dmmu", 0 0, L_0x1a1d290;  1 drivers
v0x19eef70_0 .net "spr_cs_group_du", 0 0, L_0x1a25360;  1 drivers
v0x19ef010_0 .net "spr_cs_group_ic", 0 0, L_0x1a031e0;  1 drivers
v0x19ef0b0_0 .net "spr_cs_group_immu", 0 0, L_0x19f2ff0;  1 drivers
v0x19ef150_0 .net "spr_cs_group_pic", 0 0, L_0x1a25f70;  1 drivers
v0x19ef1f0_0 .net "spr_cs_group_tt", 0 0, L_0x1a13950;  1 drivers
v0x19ef290_0 .net "spr_dat_cpu", 31 0, L_0x1a0c4c0;  1 drivers
L_0x7f106a89b608 .functor BUFT 1, C4<00000000000000000000000000000000>, C4<0>, C4<0>, C4<0>;
v0x19ef330_0 .net "spr_dat_dmmu", 31 0, L_0x7f106a89b608;  1 drivers
v0x19ef3d0_0 .net "spr_dat_du", 31 0, v0x19d6870_0;  1 drivers
L_0x7f106a89a0a8 .functor BUFT 1, C4<00000000000000000000000000000000>, C4<0>, C4<0>, C4<0>;
v0x19ef470_0 .net "spr_dat_immu", 31 0, L_0x7f106a89a0a8;  1 drivers
v0x19ef510_0 .net "spr_dat_npc", 31 0, L_0x1a16c50;  1 drivers
v0x19ef5b0_0 .net "spr_dat_pic", 31 0, v0x19e0620_0;  1 drivers
v0x19ef650_0 .net "spr_dat_pm", 31 0, L_0x1a285d0;  1 drivers
v0x19ef6f0_0 .net "spr_dat_tt", 31 0, v0x19e7cd0_0;  1 drivers
v0x19ef790_0 .net "spr_we", 0 0, L_0x19dd030;  1 drivers
v0x19ef830_0 .net "supv", 0 0, L_0x1a056b0;  1 drivers
L_0x19f2ff0 .part L_0x1a0cb40, 2, 1;
L_0x1a031e0 .part L_0x1a0cb40, 4, 1;
L_0x1a1d290 .part L_0x1a0cb40, 1, 1;
L_0x1a1dd10 .part L_0x1a0cb40, 3, 1;
L_0x1a25360 .part L_0x1a0cb40, 6, 1;
L_0x1a25f70 .part L_0x1a0cb40, 9, 1;
L_0x1a13950 .part L_0x1a0cb40, 10, 1;
S_0x1831a80 .scope module, "dwb_biu" "or1200_wb_biu" 3 405, 4 5 0, S_0x19613f0;
 .timescale -12 -12;
    .port_info 0 /INPUT 1 "clk";
    .port_info 1 /INPUT 1 "rst";
    .port_info 2 /INPUT 2 "clmode";
    .port_info 3 /INPUT 1 "wb_clk_i";
    .port_info 4 /INPUT 1 "wb_rst_i";
    .port_info 5 /INPUT 1 "wb_ack_i";
    .port_info 6 /INPUT 1 "wb_err_i";
    .port_info 7 /INPUT 1 "wb_rty_i";
    .port_info 8 /INPUT 32 "wb_dat_i";
    .port_info 9 /OUTPUT 1 "wb_cyc_o";
    .port_info 10 /OUTPUT 32 "wb_adr_o";
    .port_info 11 /OUTPUT 1 "wb_stb_o";
    .port_info 12 /OUTPUT 1 "wb_we_o";
    .port_info 13 /OUTPUT 4 "wb_sel_o";
    .port_info 14 /OUTPUT 32 "wb_dat_o";
    .port_info 15 /OUTPUT 1 "wb_cab_o";
    .port_info 16 /INPUT 32 "biu_dat_i";
    .port_info 17 /INPUT 32 "biu_adr_i";
    .port_info 18 /INPUT 1 "biu_cyc_i";
    .port_info 19 /INPUT 1 "biu_stb_i";
    .port_info 20 /INPUT 1 "biu_we_i";
    .port_info 21 /INPUT 4 "biu_sel_i";
    .port_info 22 /INPUT 1 "biu_cab_i";
    .port_info 23 /OUTPUT 32 "biu_dat_o";
    .port_info 24 /OUTPUT 1 "biu_ack_o";
    .port_info 25 /OUTPUT 1 "biu_err_o";
P_0x1991110 .param/l "aw" 0 4 25, +C4<00000000000000000000000000100000>;
P_0x1991150 .param/l "dw" 0 4 24, +C4<00000000000000000000000000100000>;
L_0x14e7f70 .functor BUFZ 32, v0x19f1440_0, C4<00000000000000000000000000000000>, C4<00000000000000000000000000000000>, C4<00000000000000000000000000000000>;
L_0x14e2dd0 .functor NOT 1, L_0x19f2e10, C4<0>, C4<0>, C4<0>;
L_0x14e77f0 .functor OR 1, L_0x19f2d70, L_0x14e2dd0, C4<0>, C4<0>;
L_0x14e2a10 .functor AND 1, L_0x14e7bb0, L_0x14e77f0, C4<1>, C4<1>;
L_0x14e91a0 .functor NOT 1, v0x187f6c0_0, C4<0>, C4<0>, C4<0>;
L_0x14e7bb0 .functor AND 1, v0x19f10b0_0, L_0x14e91a0, C4<1>, C4<1>;
L_0x14e5a40 .functor NOT 1, L_0x19f2f50, C4<0>, C4<0>, C4<0>;
L_0x14e4a20 .functor OR 1, L_0x19f2eb0, L_0x14e5a40, C4<0>, C4<0>;
L_0x14e3e10 .functor AND 1, L_0x14e43f0, L_0x14e4a20, C4<1>, C4<1>;
L_0x14e3ae0 .functor NOT 1, v0x187f6c0_0, C4<0>, C4<0>, C4<0>;
L_0x14e43f0 .functor AND 1, v0x19f1580_0, L_0x14e3ae0, C4<1>, C4<1>;
L_0x14e5d70 .functor AND 1, L_0x1a24a40, L_0x1a24bd0, C4<1>, C4<1>;
L_0x14ea920 .functor NOT 1, L_0x14e5d70, C4<0>, C4<0>, C4<0>;
L_0x14e7570 .functor AND 1, v0x15d8c40_0, L_0x14ea920, C4<1>, C4<1>;
L_0x14e5560 .functor OR 1, v0x19f10b0_0, v0x19f1580_0, C4<0>, C4<0>;
L_0x14e7180 .functor NOT 1, L_0x14e5560, C4<0>, C4<0>, C4<0>;
L_0x14e2c90 .functor AND 1, L_0x14e7570, L_0x14e7180, C4<1>, C4<1>;
v0x1821480_0 .net *"_ivl_12", 0 0, L_0x14e91a0;  1 drivers
v0x18213a0_0 .net *"_ivl_17", 0 0, L_0x19f2eb0;  1 drivers
v0x1820a30_0 .net *"_ivl_19", 0 0, L_0x19f2f50;  1 drivers
v0x1820950_0 .net *"_ivl_20", 0 0, L_0x14e5a40;  1 drivers
v0x181fe10_0 .net *"_ivl_22", 0 0, L_0x14e4a20;  1 drivers
v0x181fd30_0 .net *"_ivl_26", 0 0, L_0x14e3ae0;  1 drivers
v0x181e580_0 .net *"_ivl_3", 0 0, L_0x19f2d70;  1 drivers
v0x181e4a0_0 .net *"_ivl_32", 0 0, L_0x14e5d70;  1 drivers
v0x181dcc0_0 .net *"_ivl_34", 0 0, L_0x14ea920;  1 drivers
v0x181dbe0_0 .net *"_ivl_36", 0 0, L_0x14e7570;  1 drivers
v0x189d5d0_0 .net *"_ivl_38", 0 0, L_0x14e5560;  1 drivers
v0x189d4f0_0 .net *"_ivl_40", 0 0, L_0x14e7180;  1 drivers
v0x1881310_0 .net *"_ivl_5", 0 0, L_0x19f2e10;  1 drivers
v0x1881230_0 .net *"_ivl_6", 0 0, L_0x14e2dd0;  1 drivers
v0x1880590_0 .net *"_ivl_8", 0 0, L_0x14e77f0;  1 drivers
v0x18804b0_0 .net "aborted", 0 0, L_0x14e2c90;  1 drivers
v0x187f6c0_0 .var "aborted_r", 0 0;
v0x187f5e0_0 .net "biu_ack_o", 0 0, L_0x14e2a10;  alias, 1 drivers
v0x187a000_0 .net "biu_adr_i", 31 0, L_0x1a24940;  alias, 1 drivers
v0x1859690_0 .net "biu_cab_i", 0 0, L_0x1a24e60;  alias, 1 drivers
v0x18d2230_0 .net "biu_cyc_i", 0 0, L_0x1a24a40;  alias, 1 drivers
v0x18ff280_0 .net "biu_dat_i", 31 0, L_0x1a24640;  alias, 1 drivers
v0x1982a60_0 .net "biu_dat_o", 31 0, L_0x14e7f70;  alias, 1 drivers
v0x1982980_0 .net "biu_err_o", 0 0, L_0x14e3e10;  alias, 1 drivers
v0x19c02b0_0 .net "biu_sel_i", 3 0, L_0x1a24f60;  alias, 1 drivers
v0x1833520_0 .net "biu_stb_i", 0 0, L_0x1a24bd0;  alias, 1 drivers
v0x16f35a0_0 .net "biu_we_i", 0 0, L_0x1a24d60;  alias, 1 drivers
v0x173f060_0 .net "clk", 0 0, v0x19f0750_0;  alias, 1 drivers
v0x16c0e10_0 .net "clmode", 1 0, v0x19f07f0_0;  alias, 1 drivers
v0x16c1dd0_0 .net "long_ack_o", 0 0, L_0x14e7bb0;  1 drivers
v0x16b0200_0 .net "long_err_o", 0 0, L_0x14e43f0;  1 drivers
L_0x7f106a89a060 .functor BUFT 1, C4<0>, C4<0>, C4<0>, C4<0>;
v0x16b0080_0 .net "retry", 0 0, L_0x7f106a89a060;  1 drivers
v0x16b0370_0 .net "rst", 0 0, v0x19f27d0_0;  alias, 1 drivers
v0x16b7600_0 .var "valid_div", 1 0;
v0x16ba650_0 .net "wb_ack_i", 0 0, v0x19f10b0_0;  alias, 1 drivers
v0x16898f0_0 .var "wb_adr_o", 31 0;
v0x1692950_0 .var "wb_cab_o", 0 0;
v0x1683820_0 .net "wb_clk_i", 0 0, L_0x15205b0;  alias, 1 drivers
v0x16692c0_0 .var "wb_cyc_o", 0 0;
v0x165fb00_0 .net "wb_dat_i", 31 0, v0x19f1440_0;  alias, 1 drivers
v0x162c340_0 .var "wb_dat_o", 31 0;
v0x160e930_0 .net "wb_err_i", 0 0, v0x19f1580_0;  alias, 1 drivers
v0x1605eb0_0 .net "wb_rst_i", 0 0, L_0x1521480;  alias, 1 drivers
v0x15f96f0_0 .net "wb_rty_i", 0 0, v0x19f1620_0;  alias, 1 drivers
v0x15daf00_0 .var "wb_sel_o", 3 0;
v0x15d8c40_0 .var "wb_stb_o", 0 0;
v0x15c6be0_0 .var "wb_we_o", 0 0;
E_0x1996fa0 .event posedge, v0x1605eb0_0, v0x1683820_0;
E_0x1996c00 .event posedge, v0x16b0370_0, v0x173f060_0;
L_0x19f2d70 .part v0x16b7600_0, 0, 1;
L_0x19f2e10 .part v0x19f07f0_0, 0, 1;
L_0x19f2eb0 .part v0x16b7600_0, 0, 1;
L_0x19f2f50 .part v0x19f07f0_0, 0, 1;
S_0x1834440 .scope module, "iwb_biu" "or1200_iwb_biu" 3 362, 5 5 0, S_0x19613f0;
 .timescale -12 -12;
    .port_info 0 /INPUT 1 "clk";
    .port_info 1 /INPUT 1 "rst";
    .port_info 2 /INPUT 2 "clmode";
    .port_info 3 /INPUT 1 "wb_clk_i";
    .port_info 4 /INPUT 1 "wb_rst_i";
    .port_info 5 /INPUT 1 "wb_ack_i";
    .port_info 6 /INPUT 1 "wb_err_i";
    .port_info 7 /INPUT 1 "wb_rty_i";
    .port_info 8 /INPUT 32 "wb_dat_i";
    .port_info 9 /OUTPUT 1 "wb_cyc_o";
    .port_info 10 /OUTPUT 32 "wb_adr_o";
    .port_info 11 /OUTPUT 1 "wb_stb_o";
    .port_info 12 /OUTPUT 1 "wb_we_o";
    .port_info 13 /OUTPUT 4 "wb_sel_o";
    .port_info 14 /OUTPUT 32 "wb_dat_o";
    .port_info 15 /OUTPUT 1 "wb_cab_o";
    .port_info 16 /INPUT 32 "biu_dat_i";
    .port_info 17 /INPUT 32 "biu_adr_i";
    .port_info 18 /INPUT 1 "biu_cyc_i";
    .port_info 19 /INPUT 1 "biu_stb_i";
    .port_info 20 /INPUT 1 "biu_we_i";
    .port_info 21 /INPUT 4 "biu_sel_i";
    .port_info 22 /INPUT 1 "biu_cab_i";
    .port_info 23 /OUTPUT 32 "biu_dat_o";
    .port_info 24 /OUTPUT 1 "biu_ack_o";
    .port_info 25 /OUTPUT 1 "biu_err_o";
P_0x18ebd70 .param/l "aw" 0 5 25, +C4<00000000000000000000000000100000>;
P_0x18ebdb0 .param/l "dw" 0 5 24, +C4<00000000000000000000000000100000>;
L_0x1522120 .functor AND 1, L_0x19f2910, v0x1859990_0, C4<1>, C4<1>;
L_0x1521800 .functor OR 1, v0x157ed30_0, L_0x151f9c0, C4<0>, C4<0>;
L_0x151fd80 .functor NOT 1, v0x19b99d0_0, C4<0>, C4<0>, C4<0>;
L_0x151fc40 .functor AND 1, L_0x1521800, L_0x151fd80, C4<1>, C4<1>;
L_0x1520cd0 .functor NOT 1, L_0x19f2af0, C4<0>, C4<0>, C4<0>;
L_0x15210c0 .functor OR 1, L_0x19f2a50, L_0x1520cd0, C4<0>, C4<0>;
L_0x1522320 .functor AND 1, L_0x151fc40, L_0x15210c0, C4<1>, C4<1>;
L_0x151f9c0 .functor BUFZ 1, v0x19efb70_0, C4<0>, C4<0>, C4<0>;
L_0x15207f0 .functor NOT 1, L_0x19f2c30, C4<0>, C4<0>, C4<0>;
L_0x15224f0 .functor OR 1, L_0x19f2b90, L_0x15207f0, C4<0>, C4<0>;
L_0x14e46f0 .functor AND 1, L_0x14e37e0, L_0x15224f0, C4<1>, C4<1>;
L_0x14e57d0 .functor NOT 1, v0x19b99d0_0, C4<0>, C4<0>, C4<0>;
L_0x14e37e0 .functor AND 1, v0x19f1c60_0, L_0x14e57d0, C4<1>, C4<1>;
L_0x14e6ca0 .functor AND 1, L_0x1a03460, L_0x1a03500, C4<1>, C4<1>;
L_0x14e7430 .functor NOT 1, L_0x14e6ca0, C4<0>, C4<0>, C4<0>;
L_0x14e2b50 .functor AND 1, v0x18e9610_0, L_0x14e7430, C4<1>, C4<1>;
L_0x14e3340 .functor OR 1, v0x19efb70_0, v0x19f1c60_0, C4<0>, C4<0>;
L_0x14e7cf0 .functor NOT 1, L_0x14e3340, C4<0>, C4<0>, C4<0>;
L_0x14e7a70 .functor AND 1, L_0x14e2b50, L_0x14e7cf0, C4<1>, C4<1>;
v0x15b6160_0 .net *"_ivl_10", 0 0, L_0x151fc40;  1 drivers
v0x15adf20_0 .net *"_ivl_13", 0 0, L_0x19f2a50;  1 drivers
v0x1588130_0 .net *"_ivl_15", 0 0, L_0x19f2af0;  1 drivers
v0x155d5a0_0 .net *"_ivl_16", 0 0, L_0x1520cd0;  1 drivers
v0x156d940_0 .net *"_ivl_18", 0 0, L_0x15210c0;  1 drivers
v0x1556a90_0 .net *"_ivl_25", 0 0, L_0x19f2b90;  1 drivers
v0x1549790_0 .net *"_ivl_27", 0 0, L_0x19f2c30;  1 drivers
v0x15366a0_0 .net *"_ivl_28", 0 0, L_0x15207f0;  1 drivers
v0x15343e0_0 .net *"_ivl_30", 0 0, L_0x15224f0;  1 drivers
v0x14da7c0_0 .net *"_ivl_34", 0 0, L_0x14e57d0;  1 drivers
v0x14855a0_0 .net *"_ivl_40", 0 0, L_0x14e6ca0;  1 drivers
v0x199e810_0 .net *"_ivl_42", 0 0, L_0x14e7430;  1 drivers
v0x1919690_0 .net *"_ivl_44", 0 0, L_0x14e2b50;  1 drivers
v0x18d2060_0 .net *"_ivl_46", 0 0, L_0x14e3340;  1 drivers
v0x1866650_0 .net *"_ivl_48", 0 0, L_0x14e7cf0;  1 drivers
v0x181af90_0 .net *"_ivl_6", 0 0, L_0x1521800;  1 drivers
v0x181bc50_0 .net *"_ivl_8", 0 0, L_0x151fd80;  1 drivers
v0x18d1c70_0 .net "aborted", 0 0, L_0x14e7a70;  1 drivers
v0x19b99d0_0 .var "aborted_r", 0 0;
v0x1835d10_0 .net "biu_ack_o", 0 0, L_0x1522320;  alias, 1 drivers
v0x1992740_0 .net "biu_adr_i", 31 0, L_0x14bdde0;  alias, 1 drivers
v0x19baff0_0 .net "biu_cab_i", 0 0, L_0x1a03750;  alias, 1 drivers
v0x1830e80_0 .net "biu_cyc_i", 0 0, L_0x1a03460;  alias, 1 drivers
v0x1826810_0 .net "biu_dat_i", 31 0, L_0x7f106a89a138;  alias, 1 drivers
v0x14b30b0_0 .net "biu_dat_o", 31 0, L_0x19f29b0;  alias, 1 drivers
v0x18d5d90_0 .net "biu_err_o", 0 0, L_0x14e46f0;  alias, 1 drivers
v0x1901f40_0 .net "biu_sel_i", 3 0, L_0x1a036b0;  alias, 1 drivers
v0x1902040_0 .net "biu_stb_i", 0 0, L_0x1a03500;  alias, 1 drivers
v0x185a130_0 .net "biu_we_i", 0 0, L_0x7f106a89a180;  alias, 1 drivers
v0x1859e60_0 .net "clk", 0 0, v0x19f0750_0;  alias, 1 drivers
v0x1859a90_0 .net "clmode", 1 0, v0x19f07f0_0;  alias, 1 drivers
v0x1859b90_0 .net "long_ack_o", 0 0, L_0x151f9c0;  1 drivers
v0x1859890_0 .net "long_err_o", 0 0, L_0x14e37e0;  1 drivers
v0x1859990_0 .var "previous_complete", 0 0;
v0x1859790_0 .net "repeated_access", 0 0, L_0x1522120;  1 drivers
v0x157ed30_0 .var "repeated_access_ack", 0 0;
L_0x7f106a89a018 .functor BUFT 1, C4<0>, C4<0>, C4<0>, C4<0>;
v0x15f0330_0 .net "retry", 0 0, L_0x7f106a89a018;  1 drivers
v0x15abe90_0 .net "rst", 0 0, v0x19f27d0_0;  alias, 1 drivers
v0x18260e0_0 .net "same_addr", 0 0, L_0x19f2910;  1 drivers
v0x1826900_0 .var "valid_div", 1 0;
v0x18b7b60_0 .net "wb_ack_i", 0 0, v0x19efb70_0;  alias, 1 drivers
v0x1868df0_0 .var "wb_adr_o", 31 0;
v0x1921720_0 .var "wb_cab_o", 0 0;
v0x1921b40_0 .net "wb_clk_i", 0 0, L_0x1534910;  alias, 1 drivers
v0x191aea0_0 .var "wb_cyc_o", 0 0;
v0x18cca10_0 .net "wb_dat_i", 31 0, v0x19cddf0_0;  alias, 1 drivers
v0x18ce440_0 .var "wb_dat_o", 31 0;
v0x18cebe0_0 .var "wb_dat_r", 31 0;
v0x18d6690_0 .net "wb_err_i", 0 0, v0x19f1c60_0;  alias, 1 drivers
v0x18e5910_0 .net "wb_rst_i", 0 0, L_0x1520e40;  alias, 1 drivers
v0x18e6d30_0 .net "wb_rty_i", 0 0, v0x19f11f0_0;  alias, 1 drivers
v0x18e81a0_0 .var "wb_sel_o", 3 0;
v0x18e9610_0 .var "wb_stb_o", 0 0;
v0x18d8660_0 .var "wb_we_o", 0 0;
E_0x14b12e0 .event posedge, v0x18e5910_0, v0x1921b40_0;
L_0x19f2910 .cmp/eq 32, v0x1868df0_0, L_0x14bdde0;
L_0x19f29b0 .functor MUXZ 32, v0x19cddf0_0, v0x18cebe0_0, v0x157ed30_0, C4<>;
L_0x19f2a50 .part v0x1826900_0, 0, 1;
L_0x19f2af0 .part v0x19f07f0_0, 0, 1;
L_0x19f2b90 .part v0x1826900_0, 0, 1;
L_0x19f2c30 .part v0x19f07f0_0, 0, 1;
S_0x1833f90 .scope module, "or1200_cpu" "or1200_cpu" 3 539, 6 5 0, S_0x19613f0;
 .timescale -12 -12;
    .port_info 0 /INPUT 1 "clk";
    .port_info 1 /INPUT 1 "rst";
    .port_info 2 /OUTPUT 1 "ic_en";
    .port_info 3 /OUTPUT 32 "icpu_adr_o";
    .port_info 4 /OUTPUT 1 "icpu_cycstb_o";
    .port_info 5 /OUTPUT 4 "icpu_sel_o";
    .port_info 6 /OUTPUT 4 "icpu_tag_o";
    .port_info 7 /INPUT 32 "icpu_dat_i";
    .port_info 8 /INPUT 1 "icpu_ack_i";
    .port_info 9 /INPUT 1 "icpu_rty_i";
    .port_info 10 /INPUT 1 "icpu_err_i";
    .port_info 11 /INPUT 32 "icpu_adr_i";
    .port_info 12 /INPUT 4 "icpu_tag_i";
    .port_info 13 /OUTPUT 1 "immu_en";
    .port_info 14 /OUTPUT 32 "ex_insn";
    .port_info 15 /OUTPUT 1 "ex_freeze";
    .port_info 16 /OUTPUT 32 "id_pc";
    .port_info 17 /OUTPUT 3 "branch_op";
    .port_info 18 /OUTPUT 32 "spr_dat_npc";
    .port_info 19 /OUTPUT 32 "rf_dataw";
    .port_info 20 /INPUT 1 "du_stall";
    .port_info 21 /INPUT 32 "du_addr";
    .port_info 22 /INPUT 32 "du_dat_du";
    .port_info 23 /INPUT 1 "du_read";
    .port_info 24 /INPUT 1 "du_write";
    .port_info 25 /INPUT 14 "du_dsr";
    .port_info 26 /INPUT 1 "du_hwbkpt";
    .port_info 27 /OUTPUT 13 "du_except";
    .port_info 28 /OUTPUT 32 "du_dat_cpu";
    .port_info 29 /OUTPUT 1 "dc_en";
    .port_info 30 /OUTPUT 32 "dcpu_adr_o";
    .port_info 31 /OUTPUT 1 "dcpu_cycstb_o";
    .port_info 32 /OUTPUT 1 "dcpu_we_o";
    .port_info 33 /OUTPUT 4 "dcpu_sel_o";
    .port_info 34 /OUTPUT 4 "dcpu_tag_o";
    .port_info 35 /OUTPUT 32 "dcpu_dat_o";
    .port_info 36 /INPUT 32 "dcpu_dat_i";
    .port_info 37 /INPUT 1 "dcpu_ack_i";
    .port_info 38 /INPUT 1 "dcpu_rty_i";
    .port_info 39 /INPUT 1 "dcpu_err_i";
    .port_info 40 /INPUT 4 "dcpu_tag_i";
    .port_info 41 /OUTPUT 1 "dmmu_en";
    .port_info 42 /INPUT 1 "sig_int";
    .port_info 43 /INPUT 1 "sig_tick";
    .port_info 44 /OUTPUT 1 "supv";
    .port_info 45 /OUTPUT 32 "spr_addr";
    .port_info 46 /OUTPUT 32 "spr_dat_cpu";
    .port_info 47 /INPUT 32 "spr_dat_pic";
    .port_info 48 /INPUT 32 "spr_dat_tt";
    .port_info 49 /INPUT 32 "spr_dat_pm";
    .port_info 50 /INPUT 32 "spr_dat_dmmu";
    .port_info 51 /INPUT 32 "spr_dat_immu";
    .port_info 52 /INPUT 32 "spr_dat_du";
    .port_info 53 /OUTPUT 32 "spr_cs";
    .port_info 54 /OUTPUT 1 "spr_we";
P_0x18e6be0 .param/l "aw" 0 6 36, +C4<00000000000000000000000000000101>;
P_0x18e6c20 .param/l "dw" 0 6 35, +C4<00000000000000000000000000100000>;
L_0x14c9b00 .functor BUFZ 13, L_0x1a1c960, C4<0000000000000>, C4<0000000000000>, C4<0000000000000>;
L_0x7f106a89b530 .functor BUFT 1, C4<00>, C4<0>, C4<0>, C4<0>;
v0x15dcc80_0 .net/2u *"_ivl_24", 1 0, L_0x7f106a89b530;  1 drivers
v0x147fac0_0 .net "abort_ex", 0 0, L_0x1a18500;  1 drivers
v0x147fb80_0 .net "alu_dataout", 31 0, v0x1989170_0;  1 drivers
v0x147fc20_0 .net "alu_op", 3 0, v0x181a8b0_0;  1 drivers
v0x147fce0_0 .net "branch_addrofs", 31 2, L_0x1a07d60;  1 drivers
v0x147fdf0_0 .net "branch_op", 2 0, v0x1947d10_0;  alias, 1 drivers
v0x19c33e0_0 .net "branch_taken", 0 0, v0x19868d0_0;  1 drivers
v0x19c3480_0 .net "carry", 0 0, L_0x1a12020;  1 drivers
v0x19c3520_0 .net "clk", 0 0, v0x19f0750_0;  alias, 1 drivers
v0x19c35c0_0 .net "comp_op", 3 0, v0x19435c0_0;  1 drivers
v0x19c3660_0 .net "cust5_limm", 5 0, L_0x1a07f70;  1 drivers
v0x19c3700_0 .net "cust5_op", 4 0, L_0x1a08050;  1 drivers
v0x19c37a0_0 .net "cy_we", 0 0, v0x183df40_0;  1 drivers
v0x19c3840_0 .net "cyforw", 0 0, v0x19931b0_0;  1 drivers
v0x19c38e0_0 .net "dc_en", 0 0, L_0x1a05150;  alias, 1 drivers
v0x19c3980_0 .net "dcpu_ack_i", 0 0, L_0x1a23d10;  alias, 1 drivers
v0x19c3a20_0 .net "dcpu_adr_o", 31 0, L_0x1a14d40;  alias, 1 drivers
v0x19c3bd0_0 .net "dcpu_cycstb_o", 0 0, L_0x1a15200;  alias, 1 drivers
v0x19c3c70_0 .net "dcpu_dat_i", 31 0, L_0x1a23c10;  alias, 1 drivers
v0x19c3d10_0 .net "dcpu_dat_o", 31 0, L_0x1a15730;  alias, 1 drivers
v0x19c3db0_0 .net "dcpu_err_i", 0 0, L_0x1997630;  alias, 1 drivers
v0x19c3e50_0 .net "dcpu_rty_i", 0 0, L_0x1a23df0;  alias, 1 drivers
v0x19c3ef0_0 .net "dcpu_sel_o", 3 0, v0x1974950_0;  alias, 1 drivers
v0x19c3f90_0 .net "dcpu_tag_i", 3 0, L_0x1a1d970;  alias, 1 drivers
v0x19c4030_0 .net "dcpu_tag_o", 3 0, L_0x1a15470;  alias, 1 drivers
v0x19c40d0_0 .net "dcpu_we_o", 0 0, L_0x1a15340;  alias, 1 drivers
v0x19c4170_0 .net "dmmu_en", 0 0, L_0x1a05570;  alias, 1 drivers
v0x19c4210_0 .net "du_addr", 31 0, L_0x1a254e0;  alias, 1 drivers
v0x19c42b0_0 .net "du_dat_cpu", 31 0, L_0x1a0c810;  alias, 1 drivers
v0x19c4350_0 .net "du_dat_du", 31 0, L_0x1a25550;  alias, 1 drivers
v0x19c43f0_0 .net "du_dsr", 13 0, v0x19d51a0_0;  alias, 1 drivers
v0x19c4490_0 .net "du_except", 12 0, L_0x14c9b00;  alias, 1 drivers
v0x19c4530_0 .net "du_hwbkpt", 0 0, L_0x7f106a89c100;  alias, 1 drivers
v0x19c3ac0_0 .net "du_read", 0 0, L_0x1a25660;  alias, 1 drivers
v0x19c47e0_0 .net "du_stall", 0 0, L_0x1a25470;  alias, 1 drivers
v0x19c4880_0 .net "du_write", 0 0, L_0x1a256d0;  alias, 1 drivers
v0x19c4920_0 .net "eear", 31 0, v0x1997e20_0;  1 drivers
v0x19c49c0_0 .net "eear_we", 0 0, L_0x1560bf0;  1 drivers
v0x19c4a60_0 .net "epcr", 31 0, v0x198ed40_0;  1 drivers
v0x19c4b00_0 .net "epcr_we", 0 0, L_0x14c3f40;  1 drivers
v0x19c4ba0_0 .net "esr", 15 0, v0x1963100_0;  1 drivers
v0x19c4c40_0 .net "esr_we", 0 0, L_0x17e10e0;  1 drivers
v0x19c4ce0_0 .net "ex_freeze", 0 0, L_0x1a16030;  alias, 1 drivers
v0x19c4d80_0 .net "ex_insn", 31 0, v0x19200b0_0;  alias, 1 drivers
v0x19c4e20_0 .net "ex_macrc_op", 0 0, v0x185d6d0_0;  1 drivers
v0x19c4ec0_0 .net "ex_void", 0 0, L_0x14c1360;  1 drivers
v0x19c4f60_0 .net "except_align", 0 0, L_0x1a145e0;  1 drivers
v0x19c5000_0 .net "except_dbuserr", 0 0, L_0x1a14c10;  1 drivers
v0x19c50a0_0 .net "except_dmmufault", 0 0, L_0x1a149f0;  1 drivers
v0x19c5140_0 .net "except_dtlbmiss", 0 0, L_0x1a14880;  1 drivers
v0x19c51e0_0 .net "except_ibuserr", 0 0, L_0x14ba450;  1 drivers
v0x19c5280_0 .net "except_illegal", 0 0, v0x18686b0_0;  1 drivers
v0x19c5320_0 .net "except_immufault", 0 0, L_0x14bd600;  1 drivers
v0x19c53c0_0 .net "except_itlbmiss", 0 0, L_0x14bfb70;  1 drivers
v0x19c5460_0 .net "except_prefix", 0 0, L_0x1a057e0;  1 drivers
v0x19c5500_0 .net "except_start", 0 0, L_0x1a16eb0;  1 drivers
v0x19c55a0_0 .net "except_started", 0 0, L_0x1862b50;  1 drivers
v0x19c5640_0 .net "except_stop", 12 0, L_0x1a1c960;  1 drivers
v0x19c56e0_0 .net "except_type", 3 0, v0x18a1430_0;  1 drivers
v0x19c5780_0 .net "extend_flush", 0 0, v0x18c9db0_0;  1 drivers
v0x19c5820_0 .net "flag", 0 0, L_0x1a131a0;  1 drivers
v0x19c58c0_0 .net "flag_we", 0 0, v0x1830f70_0;  1 drivers
v0x19c5960_0 .net "flagforw", 0 0, v0x19b8d80_0;  1 drivers
v0x19c5a00_0 .net "flushpipe", 0 0, L_0x1a1c7d0;  1 drivers
L_0x7f106a89a720 .functor BUFT 1, C4<0>, C4<0>, C4<0>, C4<0>;
v0x19c5aa0_0 .net "force_dslot_fetch", 0 0, L_0x7f106a89a720;  1 drivers
v0x19c45d0_0 .net "genpc_freeze", 0 0, L_0x1a14ba0;  1 drivers
v0x19c4670_0 .net "genpc_refetch", 0 0, L_0x14bff60;  1 drivers
v0x19c5f50_0 .net "ic_en", 0 0, L_0x1a054d0;  alias, 1 drivers
v0x19c5ff0_0 .net "icpu_ack_i", 0 0, L_0x1a23280;  alias, 1 drivers
v0x19c6090_0 .net "icpu_adr_i", 31 0, v0x19de180_0;  alias, 1 drivers
v0x19c6130_0 .net "icpu_adr_o", 31 0, L_0x1a05c00;  alias, 1 drivers
v0x19c61d0_0 .net "icpu_cycstb_o", 0 0, L_0x1a05ca0;  alias, 1 drivers
v0x19c6270_0 .net "icpu_dat_i", 31 0, L_0x1a23180;  alias, 1 drivers
v0x19c6310_0 .net "icpu_err_i", 0 0, L_0x14c1f50;  alias, 1 drivers
v0x19c63b0_0 .net "icpu_rty_i", 0 0, L_0x14caa30;  alias, 1 drivers
v0x19c6450_0 .net "icpu_sel_o", 3 0, L_0x7f106a89a4e0;  alias, 1 drivers
v0x19c64f0_0 .net "icpu_tag_i", 3 0, L_0x14d4c70;  alias, 1 drivers
v0x19c6590_0 .net "icpu_tag_o", 3 0, L_0x7f106a89a528;  alias, 1 drivers
v0x19c6630_0 .net "id_freeze", 0 0, L_0x1a15f70;  1 drivers
v0x19c66d0_0 .net "id_macrc_op", 0 0, L_0x1486b30;  1 drivers
v0x19c6770_0 .net "id_pc", 31 0, v0x1855e60_0;  alias, 1 drivers
v0x19c6810_0 .net "if_freeze", 0 0, L_0x1a14cd0;  1 drivers
v0x19c68b0_0 .net "if_insn", 31 0, L_0x1a060c0;  1 drivers
v0x19c6950_0 .net "if_pc", 31 0, L_0x1a06160;  1 drivers
v0x19c69f0_0 .net "if_stall", 0 0, L_0x14bd1f0;  1 drivers
v0x19c6a90_0 .net "immu_en", 0 0, L_0x1a05610;  alias, 1 drivers
v0x19c6b30_0 .net "lr_sav", 31 2, L_0x1a16a20;  1 drivers
v0x19c6bd0_0 .net "lsu_addrofs", 31 0, v0x18ae480_0;  1 drivers
v0x19c6c70_0 .net "lsu_dataout", 31 0, v0x1841670_0;  1 drivers
v0x19c6d10_0 .net "lsu_op", 3 0, v0x18a9c80_0;  1 drivers
v0x19c6db0_0 .net "lsu_stall", 0 0, L_0x1a12ee0;  1 drivers
v0x19c6e50_0 .net "lsu_unstall", 0 0, L_0x1a121e0;  1 drivers
v0x19c6ef0_0 .net "mac_op", 1 0, v0x18ac7c0_0;  1 drivers
v0x19c6f90_0 .net "mac_stall", 0 0, v0x18c8d00_0;  1 drivers
v0x19c7030_0 .net "mult_mac_result", 31 0, v0x18caff0_0;  1 drivers
v0x19c70d0_0 .net "multicycle", 1 0, v0x18ab7b0_0;  1 drivers
v0x19c7170_0 .net "muxed_b", 31 0, v0x1855980_0;  1 drivers
v0x19c7210_0 .net "muxin_d", 31 0, L_0x1a157d0;  1 drivers
v0x19c72b0_0 .net "no_more_dslot", 0 0, L_0x14ba120;  1 drivers
v0x19c7350_0 .net "operand_a", 31 0, v0x191ee40_0;  1 drivers
v0x19c73f0_0 .net "operand_b", 31 0, v0x191ef00_0;  1 drivers
v0x19c75a0_0 .net "pc_we", 0 0, L_0x181bf40;  1 drivers
v0x19c7640_0 .net "rf_addra", 4 0, L_0x1a06bf0;  1 drivers
v0x19c76e0_0 .net "rf_addrb", 4 0, L_0x1a06c90;  1 drivers
v0x19c7780_0 .net "rf_addrw", 4 0, v0x199ff00_0;  1 drivers
v0x19c7820_0 .net "rf_dataa", 31 0, L_0x1a08b70;  1 drivers
v0x19c78c0_0 .net "rf_datab", 31 0, L_0x1a08d50;  1 drivers
v0x19c7960_0 .net "rf_dataw", 31 0, v0x151e320_0;  alias, 1 drivers
v0x19c7a00_0 .net "rf_rda", 0 0, L_0x1a06d30;  1 drivers
v0x19c7aa0_0 .net "rf_rdb", 0 0, L_0x1a06dd0;  1 drivers
v0x19c7b40_0 .net "rfe", 0 0, L_0x1483320;  1 drivers
v0x19c7be0_0 .net "rfwb_op", 2 0, v0x199a750_0;  1 drivers
v0x19c7c80_0 .net "rst", 0 0, v0x19f27d0_0;  alias, 1 drivers
v0x19c7d20_0 .net "sel_a", 1 0, v0x1999f50_0;  1 drivers
v0x19c7dc0_0 .net "sel_b", 1 0, v0x184edf0_0;  1 drivers
v0x19c7e60_0 .net "shrot_op", 1 0, v0x18324e0_0;  1 drivers
v0x19c7f00_0 .net "sig_int", 0 0, L_0x1a13840;  alias, 1 drivers
v0x19c7fa0_0 .net "sig_syscall", 0 0, v0x19a94c0_0;  1 drivers
v0x19c8040_0 .net "sig_tick", 0 0, L_0x1a28000;  alias, 1 drivers
v0x19c80e0_0 .net "sig_trap", 0 0, v0x19a9560_0;  1 drivers
v0x19c8180_0 .net "simm", 31 0, L_0x1a07ab0;  1 drivers
v0x19c8220_0 .net "spr_addr", 31 0, L_0x1a0c2f0;  alias, 1 drivers
v0x19c82c0_0 .net "spr_addrimm", 15 0, v0x19bd640_0;  1 drivers
v0x19c8360_0 .net "spr_cs", 31 0, L_0x1a0cb40;  alias, 1 drivers
v0x19c8400_0 .net "spr_cs_group_mac", 0 0, L_0x1a0a500;  1 drivers
v0x19c84a0_0 .net "spr_cs_group_sys", 0 0, L_0x1a08850;  1 drivers
v0x19c8540_0 .net "spr_dat_cfgr", 31 0, v0x198c480_0;  1 drivers
v0x19c85e0_0 .net "spr_dat_cpu", 31 0, L_0x1a0c4c0;  alias, 1 drivers
v0x19c8680_0 .net "spr_dat_dmmu", 31 0, L_0x7f106a89b608;  alias, 1 drivers
v0x19c5b40_0 .net "spr_dat_du", 31 0, v0x19d6870_0;  alias, 1 drivers
v0x19c5be0_0 .net "spr_dat_immu", 31 0, L_0x7f106a89a0a8;  alias, 1 drivers
v0x19c5c80_0 .net "spr_dat_mac", 31 0, L_0x1a0b080;  1 drivers
v0x19c5d20_0 .net "spr_dat_npc", 31 0, L_0x1a16c50;  alias, 1 drivers
v0x19c5e30_0 .net "spr_dat_pic", 31 0, v0x19e0620_0;  alias, 1 drivers
v0x19c8f30_0 .net "spr_dat_pm", 31 0, L_0x1a285d0;  alias, 1 drivers
v0x19c8fd0_0 .net "spr_dat_ppc", 31 0, v0x19ac350_0;  1 drivers
v0x19c9070_0 .net "spr_dat_rf", 31 0, L_0x1482030;  1 drivers
v0x19c9110_0 .net "spr_dat_tt", 31 0, v0x19e7cd0_0;  alias, 1 drivers
v0x19c91b0_0 .net "spr_we", 0 0, L_0x19dd030;  alias, 1 drivers
v0x19c9250_0 .net "sprs_dataout", 31 0, v0x173d4f0_0;  1 drivers
v0x19c92f0_0 .net "sr", 15 0, v0x1735aa0_0;  1 drivers
v0x19c9390_0 .net "sr_we", 0 0, L_0x14b8f10;  1 drivers
v0x19c9430_0 .net "supv", 0 0, L_0x1a056b0;  alias, 1 drivers
v0x19c94d0_0 .net "supv_wire", 0 0, L_0x1a08710;  1 drivers
v0x19c9570_0 .net "to_sr", 15 0, L_0x1a0e4c0;  1 drivers
v0x19c9610_0 .net "wb_forw", 31 0, v0x151e430_0;  1 drivers
v0x19c96b0_0 .net "wb_freeze", 0 0, L_0x1a166e0;  1 drivers
v0x19c9750_0 .net "wb_insn", 31 0, v0x19b4370_0;  1 drivers
v0x19c97f0_0 .net "wbforw_valid", 0 0, v0x151e4f0_0;  1 drivers
v0x19c9890_0 .net "we", 0 0, L_0x1a087b0;  1 drivers
L_0x1a05150 .part v0x1735aa0_0, 3, 1;
L_0x1a054d0 .part v0x1735aa0_0, 4, 1;
L_0x1a05570 .part v0x1735aa0_0, 5, 1;
L_0x1a05610 .part v0x1735aa0_0, 6, 1;
L_0x1a056b0 .part v0x1735aa0_0, 0, 1;
L_0x1a057e0 .part v0x1735aa0_0, 14, 1;
L_0x1a08710 .part v0x1735aa0_0, 0, 1;
L_0x1a087b0 .part v0x199a750_0, 0, 1;
L_0x1a08850 .part L_0x1a0cb40, 0, 1;
L_0x1a0a500 .part L_0x1a0cb40, 5, 1;
L_0x1a157d0 .concat [ 2 30 0 0], L_0x7f106a89b530, L_0x1a16a20;
S_0x18359d0 .scope module, "or1200_alu" "or1200_alu" 6 419, 7 5 0, S_0x1833f90;
 .timescale -12 -12;
    .port_info 0 /INPUT 32 "a";
    .port_info 1 /INPUT 32 "b";
    .port_info 2 /INPUT 32 "mult_mac_result";
    .port_info 3 /INPUT 1 "macrc_op";
    .port_info 4 /INPUT 4 "alu_op";
    .port_info 5 /INPUT 2 "shrot_op";
    .port_info 6 /INPUT 4 "comp_op";
    .port_info 7 /INPUT 5 "cust5_op";
    .port_info 8 /INPUT 6 "cust5_limm";
    .port_info 9 /OUTPUT 32 "result";
    .port_info 10 /OUTPUT 1 "flagforw";
    .port_info 11 /OUTPUT 1 "flag_we";
    .port_info 12 /OUTPUT 1 "cyforw";
    .port_info 13 /OUTPUT 1 "cy_we";
    .port_info 14 /INPUT 1 "carry";
    .port_info 15 /INPUT 1 "flag";
P_0x18e96d0 .param/l "width" 0 7 13, +C4<00000000000000000000000000100000>;
L_0x14e2810 .functor XOR 1, L_0x1a09610, L_0x1a096b0, C4<0>, C4<0>;
L_0x15aadc0 .functor XOR 1, L_0x1a09890, L_0x1a09930, C4<0>, C4<0>;
L_0x1a0a1c0 .functor AND 32, v0x191ee40_0, v0x191ef00_0, C4<11111111111111111111111111111111>, C4<11111111111111111111111111111111>;
v0x187eaa0_0 .net *"_ivl_1", 0 0, L_0x1a09610;  1 drivers
v0x18ebec0_0 .net *"_ivl_11", 0 0, L_0x1a09890;  1 drivers
v0x18ed310_0 .net *"_ivl_13", 0 0, L_0x1a09930;  1 drivers
v0x18ee760_0 .net *"_ivl_14", 0 0, L_0x15aadc0;  1 drivers
v0x185ddf0_0 .net *"_ivl_17", 30 0, L_0x1a099d0;  1 drivers
v0x189ef90_0 .net *"_ivl_20", 32 0, L_0x1a09b10;  1 drivers
L_0x7f106a89a9f0 .functor BUFT 1, C4<0>, C4<0>, C4<0>, C4<0>;
v0x189f2d0_0 .net *"_ivl_23", 0 0, L_0x7f106a89a9f0;  1 drivers
v0x1983190_0 .net *"_ivl_24", 32 0, L_0x1a09cc0;  1 drivers
L_0x7f106a89aa38 .functor BUFT 1, C4<0>, C4<0>, C4<0>, C4<0>;
v0x1962c30_0 .net *"_ivl_27", 0 0, L_0x7f106a89aa38;  1 drivers
v0x19837a0_0 .net *"_ivl_3", 0 0, L_0x1a096b0;  1 drivers
v0x195faa0_0 .net *"_ivl_34", 32 0, L_0x1a09f40;  1 drivers
L_0x7f106a89aa80 .functor BUFT 1, C4<0>, C4<0>, C4<0>, C4<0>;
v0x198d670_0 .net *"_ivl_37", 0 0, L_0x7f106a89aa80;  1 drivers
v0x1990210_0 .net *"_ivl_38", 32 0, L_0x1a0a030;  1 drivers
v0x1991260_0 .net *"_ivl_4", 0 0, L_0x14e2810;  1 drivers
L_0x7f106a89aac8 .functor BUFT 1, C4<0>, C4<0>, C4<0>, C4<0>;
v0x1992250_0 .net *"_ivl_41", 0 0, L_0x7f106a89aac8;  1 drivers
v0x19928c0_0 .net *"_ivl_42", 32 0, L_0x1a0a120;  1 drivers
L_0x7f106a89ab10 .functor BUFT 1, C4<00000000000000000000000000000000>, C4<0>, C4<0>, C4<0>;
v0x1992d70_0 .net/2u *"_ivl_44", 31 0, L_0x7f106a89ab10;  1 drivers
v0x1993660_0 .net *"_ivl_46", 32 0, L_0x1a0a2d0;  1 drivers
v0x1993b10_0 .net *"_ivl_7", 30 0, L_0x1a09750;  1 drivers
v0x1993fc0_0 .net "a", 31 0, v0x191ee40_0;  alias, 1 drivers
v0x1994470_0 .net "alu_op", 3 0, v0x181a8b0_0;  alias, 1 drivers
v0x1994920_0 .net "b", 31 0, v0x191ef00_0;  alias, 1 drivers
v0x1994dd0_0 .net "carry", 0 0, L_0x1a12020;  alias, 1 drivers
v0x19981c0_0 .net "comp_a", 31 0, L_0x1a097f0;  1 drivers
v0x1998670_0 .net "comp_b", 31 0, L_0x1a09a70;  1 drivers
v0x1998b20_0 .net "comp_op", 3 0, v0x19435c0_0;  alias, 1 drivers
v0x1998fd0_0 .net "cust5_limm", 5 0, L_0x1a07f70;  alias, 1 drivers
v0x17e4020_0 .net "cust5_op", 4 0, L_0x1a08050;  alias, 1 drivers
v0x184f850_0 .net "cy_csum", 0 0, L_0x1a0a5a0;  1 drivers
v0x1835e50_0 .net "cy_csum_result_csum", 32 0, L_0x1a0a3c0;  1 drivers
v0x183c3e0_0 .net "cy_sum", 0 0, L_0x1a09e00;  1 drivers
v0x183d250_0 .net "cy_sum_result_sum", 32 0, L_0x1a09d60;  1 drivers
v0x183df40_0 .var "cy_we", 0 0;
v0x19931b0_0 .var "cyforw", 0 0;
v0x183eb60_0 .net "flag", 0 0, L_0x1a131a0;  alias, 1 drivers
v0x1830f70_0 .var "flag_we", 0 0;
v0x182ffc0_0 .var "flagcomp", 0 0;
v0x19b8d80_0 .var "flagforw", 0 0;
v0x19b9ab0_0 .net "macrc_op", 0 0, v0x185d6d0_0;  alias, 1 drivers
v0x19bb0e0_0 .net "mult_mac_result", 31 0, v0x18caff0_0;  alias, 1 drivers
v0x1989170_0 .var "result", 31 0;
v0x1989530_0 .net "result_and", 31 0, L_0x1a0a1c0;  1 drivers
v0x198a430_0 .net "result_csum", 31 0, L_0x1a0a640;  1 drivers
v0x1985cf0_0 .var "result_cust5", 31 0;
v0x19860b0_0 .net "result_sum", 31 0, L_0x1a09ea0;  1 drivers
v0x1986470_0 .var "shifted_rotated", 31 0;
v0x198be80_0 .net "shrot_op", 1 0, v0x18324e0_0;  alias, 1 drivers
E_0x160fe50 .event anyedge, v0x1998670_0, v0x19981c0_0, v0x1998b20_0;
E_0x160fe90 .event anyedge, v0x1994920_0, v0x1993fc0_0, v0x198be80_0;
E_0x160ff90 .event anyedge, v0x184f850_0, v0x183c3e0_0, v0x1994470_0;
E_0x160ffd0 .event anyedge, v0x182ffc0_0, v0x1989530_0, v0x19860b0_0, v0x1994470_0;
E_0x1609a30 .event anyedge, v0x1994920_0, v0x1993fc0_0, v0x1998fd0_0, v0x17e4020_0;
E_0x16062f0/0 .event anyedge, v0x19bb0e0_0, v0x1986470_0, v0x19b9ab0_0, v0x1989530_0;
E_0x16062f0/1 .event anyedge, v0x19860b0_0, v0x1994920_0, v0x1993fc0_0, v0x1994470_0;
E_0x16062f0 .event/or E_0x16062f0/0, E_0x16062f0/1;
L_0x1a09610 .part v0x191ee40_0, 31, 1;
L_0x1a096b0 .part v0x19435c0_0, 3, 1;
L_0x1a09750 .part v0x191ee40_0, 0, 31;
L_0x1a097f0 .concat [ 31 1 0 0], L_0x1a09750, L_0x14e2810;
L_0x1a09890 .part v0x191ef00_0, 31, 1;
L_0x1a09930 .part v0x19435c0_0, 3, 1;
L_0x1a099d0 .part v0x191ef00_0, 0, 31;
L_0x1a09a70 .concat [ 31 1 0 0], L_0x1a099d0, L_0x15aadc0;
L_0x1a09b10 .concat [ 32 1 0 0], v0x191ee40_0, L_0x7f106a89a9f0;
L_0x1a09cc0 .concat [ 32 1 0 0], v0x191ef00_0, L_0x7f106a89aa38;
L_0x1a09d60 .arith/sum 33, L_0x1a09b10, L_0x1a09cc0;
L_0x1a09e00 .part L_0x1a09d60, 32, 1;
L_0x1a09ea0 .part L_0x1a09d60, 0, 32;
L_0x1a09f40 .concat [ 32 1 0 0], v0x191ee40_0, L_0x7f106a89aa80;
L_0x1a0a030 .concat [ 32 1 0 0], v0x191ef00_0, L_0x7f106a89aac8;
L_0x1a0a120 .arith/sum 33, L_0x1a09f40, L_0x1a0a030;
L_0x1a0a2d0 .concat [ 1 32 0 0], L_0x1a12020, L_0x7f106a89ab10;
L_0x1a0a3c0 .arith/sum 33, L_0x1a0a120, L_0x1a0a2d0;
L_0x1a0a5a0 .part L_0x1a0a3c0, 32, 1;
L_0x1a0a640 .part L_0x1a0a3c0, 0, 32;
S_0x18355a0 .scope module, "or1200_cfgr" "or1200_cfgr" 6 655, 8 5 0, S_0x1833f90;
 .timescale -12 -12;
    .port_info 0 /INPUT 32 "spr_addr";
    .port_info 1 /OUTPUT 32 "spr_dat_o";
v0x198c180_0 .net "spr_addr", 31 0, L_0x1a0c2f0;  alias, 1 drivers
v0x198c480_0 .var "spr_dat_o", 31 0;
E_0x19902f0 .event anyedge, v0x198c180_0;
S_0x1835130 .scope module, "or1200_ctrl" "or1200_ctrl" 6 318, 9 5 0, S_0x1833f90;
 .timescale -12 -12;
    .port_info 0 /INPUT 1 "clk";
    .port_info 1 /INPUT 1 "rst";
    .port_info 2 /INPUT 1 "id_freeze";
    .port_info 3 /INPUT 1 "ex_freeze";
    .port_info 4 /INPUT 1 "wb_freeze";
    .port_info 5 /INPUT 1 "flushpipe";
    .port_info 6 /INPUT 32 "if_insn";
    .port_info 7 /OUTPUT 32 "ex_insn";
    .port_info 8 /OUTPUT 3 "branch_op";
    .port_info 9 /INPUT 1 "branch_taken";
    .port_info 10 /OUTPUT 5 "rf_addra";
    .port_info 11 /OUTPUT 5 "rf_addrb";
    .port_info 12 /OUTPUT 1 "rf_rda";
    .port_info 13 /OUTPUT 1 "rf_rdb";
    .port_info 14 /OUTPUT 4 "alu_op";
    .port_info 15 /OUTPUT 2 "mac_op";
    .port_info 16 /OUTPUT 2 "shrot_op";
    .port_info 17 /OUTPUT 4 "comp_op";
    .port_info 18 /OUTPUT 5 "rf_addrw";
    .port_info 19 /OUTPUT 3 "rfwb_op";
    .port_info 20 /OUTPUT 32 "wb_insn";
    .port_info 21 /OUTPUT 32 "simm";
    .port_info 22 /OUTPUT 30 "branch_addrofs";
    .port_info 23 /OUTPUT 32 "lsu_addrofs";
    .port_info 24 /OUTPUT 2 "sel_a";
    .port_info 25 /OUTPUT 2 "sel_b";
    .port_info 26 /OUTPUT 4 "lsu_op";
    .port_info 27 /OUTPUT 5 "cust5_op";
    .port_info 28 /OUTPUT 6 "cust5_limm";
    .port_info 29 /OUTPUT 2 "multicycle";
    .port_info 30 /OUTPUT 16 "spr_addrimm";
    .port_info 31 /INPUT 1 "wbforw_valid";
    .port_info 32 /INPUT 1 "du_hwbkpt";
    .port_info 33 /OUTPUT 1 "sig_syscall";
    .port_info 34 /OUTPUT 1 "sig_trap";
    .port_info 35 /OUTPUT 1 "force_dslot_fetch";
    .port_info 36 /OUTPUT 1 "no_more_dslot";
    .port_info 37 /OUTPUT 1 "ex_void";
    .port_info 38 /OUTPUT 1 "id_macrc_op";
    .port_info 39 /OUTPUT 1 "ex_macrc_op";
    .port_info 40 /OUTPUT 1 "rfe";
    .port_info 41 /OUTPUT 1 "except_illegal";
L_0x14c7ff0 .functor AND 1, L_0x1a06e70, L_0x1a06f10, C4<1>, C4<1>;
L_0x14bb440 .functor AND 1, L_0x14c7ff0, v0x19868d0_0, C4<1>, C4<1>;
L_0x14ba120 .functor OR 1, L_0x14bb440, L_0x1a07040, C4<0>, C4<0>;
L_0x14c5c20 .functor AND 1, L_0x1a07180, L_0x1a07220, C4<1>, C4<1>;
L_0x14c1360 .functor AND 1, L_0x1a073f0, L_0x1a07490, C4<1>, C4<1>;
L_0x7f106a89a840 .functor BUFT 1, C4<1>, C4<0>, C4<0>, C4<0>;
L_0x14a3f80 .functor XNOR 1, v0x18afd70_0, L_0x7f106a89a840, C4<0>, C4<0>;
L_0x1486b30 .functor AND 1, L_0x1a07ed0, L_0x1a07e00, C4<1>, C4<1>;
L_0x1483320 .functor OR 1, L_0x1a053c0, L_0x1a08200, C4<0>, C4<0>;
v0x19b0840_0 .net *"_ivl_11", 0 0, L_0x1a06e70;  1 drivers
v0x1833850_0 .net *"_ivl_13", 0 0, L_0x1a06f10;  1 drivers
v0x198d0e0_0 .net *"_ivl_14", 0 0, L_0x14c7ff0;  1 drivers
v0x19a3060_0 .net *"_ivl_16", 0 0, L_0x14bb440;  1 drivers
L_0x7f106a89a768 .functor BUFT 1, C4<110>, C4<0>, C4<0>, C4<0>;
v0x1556880_0 .net/2u *"_ivl_18", 2 0, L_0x7f106a89a768;  1 drivers
v0x151f7d0_0 .net *"_ivl_20", 0 0, L_0x1a07040;  1 drivers
v0x14a37a0_0 .net *"_ivl_25", 5 0, L_0x1a070e0;  1 drivers
L_0x7f106a89a7b0 .functor BUFT 1, C4<000101>, C4<0>, C4<0>, C4<0>;
v0x1984080_0 .net/2u *"_ivl_26", 5 0, L_0x7f106a89a7b0;  1 drivers
v0x18504c0_0 .net *"_ivl_28", 0 0, L_0x1a07180;  1 drivers
v0x182df80_0 .net *"_ivl_31", 0 0, L_0x1a07220;  1 drivers
v0x1829ff0_0 .net *"_ivl_35", 5 0, L_0x1a072c0;  1 drivers
L_0x7f106a89a7f8 .functor BUFT 1, C4<000101>, C4<0>, C4<0>, C4<0>;
v0x1829360_0 .net/2u *"_ivl_36", 5 0, L_0x7f106a89a7f8;  1 drivers
v0x1821bd0_0 .net *"_ivl_38", 0 0, L_0x1a073f0;  1 drivers
v0x181f140_0 .net *"_ivl_41", 0 0, L_0x1a07490;  1 drivers
v0x181cf80_0 .net/2u *"_ivl_44", 0 0, L_0x7f106a89a840;  1 drivers
v0x181bea0_0 .net *"_ivl_46", 0 0, L_0x14a3f80;  1 drivers
v0x181b1e0_0 .net *"_ivl_49", 0 0, L_0x1a07530;  1 drivers
v0x181b280_0 .net *"_ivl_51", 15 0, L_0x1a075d0;  1 drivers
v0x189e4a0_0 .net *"_ivl_53", 15 0, L_0x1a07670;  1 drivers
v0x189c5b0_0 .net *"_ivl_54", 31 0, L_0x1a07830;  1 drivers
L_0x7f106a89a888 .functor BUFT 1, C4<0000000000000000>, C4<0>, C4<0>, C4<0>;
v0x189b790_0 .net/2u *"_ivl_56", 15 0, L_0x7f106a89a888;  1 drivers
v0x1898fe0_0 .net *"_ivl_59", 15 0, L_0x1a078d0;  1 drivers
v0x18982c0_0 .net *"_ivl_60", 31 0, L_0x1a07a10;  1 drivers
v0x1895f60_0 .net *"_ivl_65", 0 0, L_0x1a07970;  1 drivers
v0x1891cf0_0 .net *"_ivl_67", 3 0, L_0x1a07c00;  1 drivers
v0x1890f20_0 .net *"_ivl_69", 25 0, L_0x1a07b50;  1 drivers
v0x188f6a0_0 .net *"_ivl_73", 5 0, L_0x1a07ca0;  1 drivers
L_0x7f106a89a8d0 .functor BUFT 1, C4<000110>, C4<0>, C4<0>, C4<0>;
v0x188b3f0_0 .net/2u *"_ivl_74", 5 0, L_0x7f106a89a8d0;  1 drivers
v0x1884480_0 .net *"_ivl_76", 0 0, L_0x1a07ed0;  1 drivers
v0x187e7c0_0 .net *"_ivl_79", 0 0, L_0x1a07e00;  1 drivers
L_0x7f106a89a918 .functor BUFT 1, C4<110>, C4<0>, C4<0>, C4<0>;
v0x187de60_0 .net/2u *"_ivl_86", 2 0, L_0x7f106a89a918;  1 drivers
v0x1879890_0 .net *"_ivl_88", 0 0, L_0x1a053c0;  1 drivers
L_0x7f106a89a960 .functor BUFT 1, C4<110>, C4<0>, C4<0>, C4<0>;
v0x1955860_0 .net/2u *"_ivl_90", 2 0, L_0x7f106a89a960;  1 drivers
v0x1955900_0 .net *"_ivl_92", 0 0, L_0x1a08200;  1 drivers
v0x181a8b0_0 .var "alu_op", 3 0;
v0x1948740_0 .net "branch_addrofs", 31 2, L_0x1a07d60;  alias, 1 drivers
v0x1947d10_0 .var "branch_op", 2 0;
v0x1944400_0 .net "branch_taken", 0 0, v0x19868d0_0;  alias, 1 drivers
v0x1943520_0 .net "clk", 0 0, v0x19f0750_0;  alias, 1 drivers
v0x19435c0_0 .var "comp_op", 3 0;
v0x1942660_0 .net "cust5_limm", 5 0, L_0x1a07f70;  alias, 1 drivers
v0x1942700_0 .net "cust5_op", 4 0, L_0x1a08050;  alias, 1 drivers
v0x1920ed0_0 .net "du_hwbkpt", 0 0, L_0x7f106a89c100;  alias, 1 drivers
v0x1920f70_0 .net "ex_freeze", 0 0, L_0x1a16030;  alias, 1 drivers
v0x19200b0_0 .var "ex_insn", 31 0;
v0x185d6d0_0 .var "ex_macrc_op", 0 0;
v0x1868610_0 .net "ex_void", 0 0, L_0x14c1360;  alias, 1 drivers
v0x18686b0_0 .var "except_illegal", 0 0;
v0x1867620_0 .net "flushpipe", 0 0, L_0x1a1c7d0;  alias, 1 drivers
v0x1866350_0 .net "force_dslot_fetch", 0 0, L_0x7f106a89a720;  alias, 1 drivers
v0x18d5fc0_0 .net "id_freeze", 0 0, L_0x1a15f70;  alias, 1 drivers
v0x18d5550_0 .var "id_insn", 31 0;
v0x18d3aa0_0 .net "id_macrc_op", 0 0, L_0x1486b30;  alias, 1 drivers
v0x18d3250_0 .net "id_void", 0 0, L_0x14c5c20;  1 drivers
v0x18d2a00_0 .net "if_insn", 31 0, L_0x1a060c0;  alias, 1 drivers
v0x18afd70_0 .var "imm_signextend", 0 0;
v0x18ae480_0 .var "lsu_addrofs", 31 0;
v0x18a9c80_0 .var "lsu_op", 3 0;
v0x18ac7c0_0 .var "mac_op", 1 0;
v0x18ab7b0_0 .var "multicycle", 1 0;
v0x18aa670_0 .net "no_more_dslot", 0 0, L_0x14ba120;  alias, 1 drivers
v0x1901110_0 .var "pre_branch_op", 2 0;
v0x19198a0_0 .net "rf_addra", 4 0, L_0x1a06bf0;  alias, 1 drivers
v0x19a09d0_0 .net "rf_addrb", 4 0, L_0x1a06c90;  alias, 1 drivers
v0x199ff00_0 .var "rf_addrw", 4 0;
v0x199ffa0_0 .net "rf_rda", 0 0, L_0x1a06d30;  alias, 1 drivers
v0x199f530_0 .net "rf_rdb", 0 0, L_0x1a06dd0;  alias, 1 drivers
v0x199ea60_0 .net "rfe", 0 0, L_0x1483320;  alias, 1 drivers
v0x199a750_0 .var "rfwb_op", 2 0;
v0x1999eb0_0 .net "rst", 0 0, v0x19f27d0_0;  alias, 1 drivers
v0x1999f50_0 .var "sel_a", 1 0;
v0x184edf0_0 .var "sel_b", 1 0;
v0x1832f50_0 .var "sel_imm", 0 0;
v0x18324e0_0 .var "shrot_op", 1 0;
v0x19a94c0_0 .var "sig_syscall", 0 0;
v0x19a9560_0 .var "sig_trap", 0 0;
v0x19a8730_0 .net "simm", 31 0, L_0x1a07ab0;  alias, 1 drivers
v0x19bd640_0 .var "spr_addrimm", 15 0;
v0x19b53a0_0 .net "wb_freeze", 0 0, L_0x1a166e0;  alias, 1 drivers
v0x19b4370_0 .var "wb_insn", 31 0;
v0x1811390_0 .var "wb_rfaddrw", 4 0;
v0x1683600_0 .net "wbforw_valid", 0 0, v0x151e4f0_0;  alias, 1 drivers
E_0x19929a0 .event anyedge, v0x19200b0_0, v0x18a9c80_0;
E_0x1993740 .event anyedge, v0x18d5550_0;
E_0x1993bf0/0 .event anyedge, v0x1811390_0, v0x1683600_0, v0x199a750_0, v0x18d5550_0;
E_0x1993bf0/1 .event anyedge, v0x1832f50_0, v0x199ff00_0;
E_0x1993bf0 .event/or E_0x1993bf0/0, E_0x1993bf0/1;
E_0x1994550/0 .event anyedge, v0x1811390_0, v0x1683600_0, v0x199a750_0, v0x18d5550_0;
E_0x1994550/1 .event anyedge, v0x199ff00_0;
E_0x1994550 .event/or E_0x1994550/0, E_0x1994550/1;
L_0x1a06bf0 .part L_0x1a060c0, 16, 5;
L_0x1a06c90 .part L_0x1a060c0, 11, 5;
L_0x1a06d30 .part L_0x1a060c0, 31, 1;
L_0x1a06dd0 .part L_0x1a060c0, 30, 1;
L_0x1a06e70 .reduce/or v0x1947d10_0;
L_0x1a06f10 .reduce/nor L_0x14c5c20;
L_0x1a07040 .cmp/eq 3, v0x1947d10_0, L_0x7f106a89a768;
L_0x1a070e0 .part v0x18d5550_0, 26, 6;
L_0x1a07180 .cmp/eq 6, L_0x1a070e0, L_0x7f106a89a7b0;
L_0x1a07220 .part v0x18d5550_0, 16, 1;
L_0x1a072c0 .part v0x19200b0_0, 26, 6;
L_0x1a073f0 .cmp/eq 6, L_0x1a072c0, L_0x7f106a89a7f8;
L_0x1a07490 .part v0x19200b0_0, 16, 1;
L_0x1a07530 .part v0x18d5550_0, 15, 1;
L_0x1a075d0 .repeat 16, 16, L_0x1a07530;
L_0x1a07670 .part v0x18d5550_0, 0, 16;
L_0x1a07830 .concat [ 16 16 0 0], L_0x1a07670, L_0x1a075d0;
L_0x1a078d0 .part v0x18d5550_0, 0, 16;
L_0x1a07a10 .concat [ 16 16 0 0], L_0x1a078d0, L_0x7f106a89a888;
L_0x1a07ab0 .functor MUXZ 32, L_0x1a07a10, L_0x1a07830, L_0x14a3f80, C4<>;
L_0x1a07970 .part v0x19200b0_0, 25, 1;
L_0x1a07c00 .repeat 4, 4, L_0x1a07970;
L_0x1a07b50 .part v0x19200b0_0, 0, 26;
L_0x1a07d60 .concat [ 26 4 0 0], L_0x1a07b50, L_0x1a07c00;
L_0x1a07ca0 .part v0x18d5550_0, 26, 6;
L_0x1a07ed0 .cmp/eq 6, L_0x1a07ca0, L_0x7f106a89a8d0;
L_0x1a07e00 .part v0x18d5550_0, 16, 1;
L_0x1a08050 .part v0x19200b0_0, 0, 5;
L_0x1a07f70 .part v0x19200b0_0, 5, 6;
L_0x1a053c0 .cmp/eq 3, v0x1901110_0, L_0x7f106a89a918;
L_0x1a08200 .cmp/eq 3, v0x1947d10_0, L_0x7f106a89a960;
S_0x1850a00 .scope module, "or1200_except" "or1200_except" 6 596, 10 17 0, S_0x1833f90;
 .timescale -12 -12;
    .port_info 0 /INPUT 1 "clk";
    .port_info 1 /INPUT 1 "rst";
    .port_info 2 /INPUT 1 "sig_ibuserr";
    .port_info 3 /INPUT 1 "sig_dbuserr";
    .port_info 4 /INPUT 1 "sig_illegal";
    .port_info 5 /INPUT 1 "sig_align";
    .port_info 6 /INPUT 1 "sig_range";
    .port_info 7 /INPUT 1 "sig_dtlbmiss";
    .port_info 8 /INPUT 1 "sig_dmmufault";
    .port_info 9 /INPUT 1 "sig_int";
    .port_info 10 /INPUT 1 "sig_syscall";
    .port_info 11 /INPUT 1 "sig_trap";
    .port_info 12 /INPUT 1 "sig_itlbmiss";
    .port_info 13 /INPUT 1 "sig_immufault";
    .port_info 14 /INPUT 1 "sig_tick";
    .port_info 15 /INPUT 1 "branch_taken";
    .port_info 16 /INPUT 1 "genpc_freeze";
    .port_info 17 /INPUT 1 "id_freeze";
    .port_info 18 /INPUT 1 "ex_freeze";
    .port_info 19 /INPUT 1 "wb_freeze";
    .port_info 20 /INPUT 1 "if_stall";
    .port_info 21 /INPUT 32 "if_pc";
    .port_info 22 /OUTPUT 32 "id_pc";
    .port_info 23 /OUTPUT 30 "lr_sav";
    .port_info 24 /OUTPUT 1 "flushpipe";
    .port_info 25 /OUTPUT 1 "extend_flush";
    .port_info 26 /OUTPUT 4 "except_type";
    .port_info 27 /OUTPUT 1 "except_start";
    .port_info 28 /OUTPUT 1 "except_started";
    .port_info 29 /OUTPUT 13 "except_stop";
    .port_info 30 /INPUT 1 "ex_void";
    .port_info 31 /OUTPUT 32 "spr_dat_ppc";
    .port_info 32 /OUTPUT 32 "spr_dat_npc";
    .port_info 33 /INPUT 32 "datain";
    .port_info 34 /INPUT 14 "du_dsr";
    .port_info 35 /INPUT 1 "epcr_we";
    .port_info 36 /INPUT 1 "eear_we";
    .port_info 37 /INPUT 1 "esr_we";
    .port_info 38 /INPUT 1 "pc_we";
    .port_info 39 /OUTPUT 32 "epcr";
    .port_info 40 /OUTPUT 32 "eear";
    .port_info 41 /OUTPUT 16 "esr";
    .port_info 42 /INPUT 1 "sr_we";
    .port_info 43 /INPUT 16 "to_sr";
    .port_info 44 /INPUT 16 "sr";
    .port_info 45 /INPUT 32 "lsu_addr";
    .port_info 46 /OUTPUT 1 "abort_ex";
    .port_info 47 /INPUT 1 "icpu_ack_i";
    .port_info 48 /INPUT 1 "icpu_err_i";
    .port_info 49 /INPUT 1 "dcpu_ack_i";
    .port_info 50 /INPUT 1 "dcpu_err_i";
L_0x1862b50 .functor AND 1, v0x18c9db0_0, L_0x1a16eb0, C4<1>, C4<1>;
L_0x1a16eb0 .functor AND 1, L_0x1a16e10, v0x18c9db0_0, C4<1>, C4<1>;
L_0x1a16fc0 .functor AND 1, L_0x1a13840, L_0x1a16f20, C4<1>, C4<1>;
L_0x1a17160 .functor AND 1, L_0x1a16fc0, L_0x1a170c0, C4<1>, C4<1>;
L_0x1a17220 .functor NOT 1, L_0x1a16030, C4<0>, C4<0>, C4<0>;
L_0x1a17290 .functor AND 1, L_0x1a17160, L_0x1a17220, C4<1>, C4<1>;
L_0x1a173a0 .functor NOT 1, v0x19868d0_0, C4<0>, C4<0>, C4<0>;
L_0x1a17460 .functor AND 1, L_0x1a17290, L_0x1a173a0, C4<1>, C4<1>;
L_0x1a17570 .functor NOT 1, v0x18da750_0, C4<0>, C4<0>, C4<0>;
L_0x1a175e0 .functor AND 1, L_0x1a17460, L_0x1a17570, C4<1>, C4<1>;
L_0x1a176a0 .functor NOT 1, L_0x14b8f10, C4<0>, C4<0>, C4<0>;
L_0x1a17810 .functor AND 1, L_0x1a175e0, L_0x1a176a0, C4<1>, C4<1>;
L_0x1a17970 .functor AND 1, L_0x1a28000, L_0x1a178d0, C4<1>, C4<1>;
L_0x1a177a0 .functor NOT 1, L_0x1a16030, C4<0>, C4<0>, C4<0>;
L_0x1a17a70 .functor AND 1, L_0x1a17970, L_0x1a177a0, C4<1>, C4<1>;
L_0x1a17c10 .functor NOT 1, v0x19868d0_0, C4<0>, C4<0>, C4<0>;
L_0x1a17c80 .functor AND 1, L_0x1a17a70, L_0x1a17c10, C4<1>, C4<1>;
L_0x1a17b80 .functor NOT 1, v0x18da750_0, C4<0>, C4<0>, C4<0>;
L_0x1a17e80 .functor AND 1, L_0x1a17c80, L_0x1a17b80, C4<1>, C4<1>;
L_0x1a17d90 .functor NOT 1, L_0x14b8f10, C4<0>, C4<0>, C4<0>;
L_0x1a18040 .functor AND 1, L_0x1a17e80, L_0x1a17d90, C4<1>, C4<1>;
L_0x1a17f90 .functor OR 1, L_0x1a14c10, L_0x1a149f0, C4<0>, C4<0>;
L_0x1a18330 .functor OR 1, L_0x1a17f90, L_0x1a14880, C4<0>, C4<0>;
L_0x1a18150 .functor OR 1, L_0x1a18330, L_0x1a145e0, C4<0>, C4<0>;
L_0x1a18500 .functor OR 1, L_0x1a18150, v0x18686b0_0, C4<0>, C4<0>;
L_0x1a18770 .functor NOT 1, L_0x1a18430, C4<0>, C4<0>, C4<0>;
L_0x1a187e0 .functor AND 1, L_0x1a18040, L_0x1a18770, C4<1>, C4<1>;
L_0x1a18990 .functor NOT 1, L_0x1a18600, C4<0>, C4<0>, C4<0>;
L_0x1a18a50 .functor AND 1, L_0x1a17810, L_0x1a18990, C4<1>, C4<1>;
L_0x1a18d00 .functor NOT 1, L_0x1a18c60, C4<0>, C4<0>, C4<0>;
L_0x1a18d70 .functor AND 1, L_0x1a18850, L_0x1a18d00, C4<1>, C4<1>;
L_0x1a19050 .functor NOT 1, L_0x1a18f40, C4<0>, C4<0>, C4<0>;
L_0x1a19110 .functor AND 1, L_0x1a18b60, L_0x1a19050, C4<1>, C4<1>;
L_0x1a18fe0 .functor NOT 1, L_0x1a19340, C4<0>, C4<0>, C4<0>;
L_0x1a186a0 .functor AND 1, L_0x1a18e30, L_0x1a18fe0, C4<1>, C4<1>;
L_0x1a192c0 .functor NOT 1, L_0x1a19220, C4<0>, C4<0>, C4<0>;
L_0x1a196c0 .functor AND 1, v0x18686b0_0, L_0x1a192c0, C4<1>, C4<1>;
L_0x1a19900 .functor NOT 1, L_0x1a19540, C4<0>, C4<0>, C4<0>;
L_0x1a199c0 .functor AND 1, L_0x1a145e0, L_0x1a19900, C4<1>, C4<1>;
L_0x1a19860 .functor NOT 1, L_0x1a197c0, C4<0>, C4<0>, C4<0>;
L_0x1a19c20 .functor AND 1, L_0x1a14880, L_0x1a19860, C4<1>, C4<1>;
L_0x1a195e0 .functor NOT 1, L_0x1a19a80, C4<0>, C4<0>, C4<0>;
L_0x1a19e90 .functor AND 1, L_0x1a149f0, L_0x1a195e0, C4<1>, C4<1>;
L_0x1a19d80 .functor NOT 1, L_0x1a19ce0, C4<0>, C4<0>, C4<0>;
L_0x1a1a0c0 .functor AND 1, L_0x1a14c10, L_0x1a19d80, C4<1>, C4<1>;
L_0x1a19ff0 .functor NOT 1, L_0x1a19f50, C4<0>, C4<0>, C4<0>;
L_0x7f106a89b5c0 .functor BUFT 1, C4<0>, C4<0>, C4<0>, C4<0>;
L_0x1a1a300 .functor AND 1, L_0x7f106a89b5c0, L_0x1a19ff0, C4<1>, C4<1>;
L_0x1a1a220 .functor NOT 1, L_0x1a1a180, C4<0>, C4<0>, C4<0>;
L_0x1a1a550 .functor AND 1, v0x19a9560_0, L_0x1a1a220, C4<1>, C4<1>;
L_0x1a1a3c0 .functor NOT 1, L_0x1a16030, C4<0>, C4<0>, C4<0>;
L_0x1a1a430 .functor AND 1, L_0x1a1a550, L_0x1a1a3c0, C4<1>, C4<1>;
L_0x1a19b20 .functor NOT 1, L_0x1a1a7c0, C4<0>, C4<0>, C4<0>;
L_0x1a1aa70 .functor AND 1, v0x19a94c0_0, L_0x1a19b20, C4<1>, C4<1>;
L_0x1a1a610 .functor NOT 1, L_0x1a16030, C4<0>, C4<0>, C4<0>;
L_0x1a1a680 .functor AND 1, L_0x1a1aa70, L_0x1a1a610, C4<1>, C4<1>;
L_0x1a193e0 .functor AND 1, L_0x1a18040, L_0x1a1b1b0, C4<1>, C4<1>;
L_0x1a1b3c0 .functor AND 1, L_0x1a17810, L_0x1a1b320, C4<1>, C4<1>;
L_0x1a1b250 .functor AND 1, L_0x1a1ab30, L_0x1a1ac60, C4<1>, C4<1>;
L_0x1a1b920 .functor AND 1, L_0x1a1b790, L_0x1a1b660, C4<1>, C4<1>;
L_0x1a1bc20 .functor AND 1, L_0x1a1b480, L_0x1a1b830, C4<1>, C4<1>;
L_0x1a1bd80 .functor AND 1, v0x18686b0_0, L_0x1a1bce0, C4<1>, C4<1>;
L_0x1a1bad0 .functor AND 1, L_0x1a145e0, L_0x1a1ba30, C4<1>, C4<1>;
L_0x1a1bb90 .functor AND 1, L_0x1a14880, L_0x1a1c040, C4<1>, C4<1>;
L_0x1a1be40 .functor AND 1, L_0x1a149f0, L_0x1a1b570, C4<1>, C4<1>;
L_0x1a1bfa0 .functor AND 1, L_0x1a14c10, L_0x1a1bf00, C4<1>, C4<1>;
L_0x1a1c1d0 .functor AND 1, L_0x7f106a89b5c0, L_0x1a1c130, C4<1>, C4<1>;
L_0x1a1c380 .functor AND 1, v0x19a9560_0, L_0x1a1c2e0, C4<1>, C4<1>;
L_0x1a1c480 .functor NOT 1, L_0x1a16030, C4<0>, C4<0>, C4<0>;
L_0x1a1c4f0 .functor AND 1, L_0x1a1c380, L_0x1a1c480, C4<1>, C4<1>;
L_0x1a1c6a0 .functor AND 1, v0x19a94c0_0, L_0x1a1c600, C4<1>, C4<1>;
L_0x1a1cb70 .functor NOT 1, L_0x1a16030, C4<0>, C4<0>, C4<0>;
L_0x1a1c8a0 .functor AND 1, L_0x1a1c6a0, L_0x1a1cb70, C4<1>, C4<1>;
L_0x1a1c760 .functor OR 1, L_0x1a1cd70, L_0x181bf40, C4<0>, C4<0>;
L_0x1a1c7d0 .functor OR 1, L_0x1a1c760, v0x18c9db0_0, C4<0>, C4<0>;
L_0x1a1cd70 .functor AND 1, L_0x1a1cbe0, L_0x1a1ccd0, C4<1>, C4<1>;
v0x1605c90_0 .net *"_ivl_10", 0 0, L_0x1a16e10;  1 drivers
v0x155db70_0 .net *"_ivl_100", 0 0, L_0x1a186a0;  1 drivers
v0x19857a0_0 .net *"_ivl_103", 0 0, L_0x1a19220;  1 drivers
v0x175d8c0_0 .net *"_ivl_104", 0 0, L_0x1a192c0;  1 drivers
v0x1767960_0 .net *"_ivl_106", 0 0, L_0x1a196c0;  1 drivers
v0x1670570_0 .net *"_ivl_109", 0 0, L_0x1a19540;  1 drivers
v0x15b2c40_0 .net *"_ivl_110", 0 0, L_0x1a19900;  1 drivers
v0x177af80_0 .net *"_ivl_112", 0 0, L_0x1a199c0;  1 drivers
v0x177b680_0 .net *"_ivl_115", 0 0, L_0x1a197c0;  1 drivers
v0x17e5870_0 .net *"_ivl_116", 0 0, L_0x1a19860;  1 drivers
v0x17e54d0_0 .net *"_ivl_118", 0 0, L_0x1a19c20;  1 drivers
v0x17e5130_0 .net *"_ivl_121", 0 0, L_0x1a19a80;  1 drivers
v0x17e4d90_0 .net *"_ivl_122", 0 0, L_0x1a195e0;  1 drivers
v0x17e49f0_0 .net *"_ivl_124", 0 0, L_0x1a19e90;  1 drivers
v0x17e4650_0 .net *"_ivl_127", 0 0, L_0x1a19ce0;  1 drivers
v0x17e42b0_0 .net *"_ivl_128", 0 0, L_0x1a19d80;  1 drivers
v0x17e3d20_0 .net *"_ivl_130", 0 0, L_0x1a1a0c0;  1 drivers
v0x17e3dc0_0 .net *"_ivl_133", 0 0, L_0x1a19f50;  1 drivers
v0x17e1e50_0 .net *"_ivl_134", 0 0, L_0x1a19ff0;  1 drivers
v0x17e1740_0 .net *"_ivl_136", 0 0, L_0x1a1a300;  1 drivers
v0x17e13a0_0 .net *"_ivl_139", 0 0, L_0x1a1a180;  1 drivers
v0x17e1000_0 .net *"_ivl_140", 0 0, L_0x1a1a220;  1 drivers
v0x17e0c60_0 .net *"_ivl_142", 0 0, L_0x1a1a550;  1 drivers
v0x17e08c0_0 .net *"_ivl_144", 0 0, L_0x1a1a3c0;  1 drivers
v0x17e0520_0 .net *"_ivl_146", 0 0, L_0x1a1a430;  1 drivers
v0x17e0180_0 .net *"_ivl_149", 0 0, L_0x1a1a7c0;  1 drivers
v0x17dfde0_0 .net *"_ivl_15", 0 0, L_0x1a16f20;  1 drivers
v0x17c9720_0 .net *"_ivl_150", 0 0, L_0x1a19b20;  1 drivers
v0x17c91d0_0 .net *"_ivl_152", 0 0, L_0x1a1aa70;  1 drivers
v0x173ee20_0 .net *"_ivl_154", 0 0, L_0x1a1a610;  1 drivers
v0x16205c0_0 .net *"_ivl_156", 0 0, L_0x1a1a680;  1 drivers
v0x160e6f0_0 .net *"_ivl_16", 0 0, L_0x1a16fc0;  1 drivers
v0x15de330_0 .net *"_ivl_161", 0 0, L_0x1a1b1b0;  1 drivers
v0x15de3d0_0 .net *"_ivl_162", 0 0, L_0x1a193e0;  1 drivers
v0x17e3980_0 .net *"_ivl_165", 0 0, L_0x1a1b320;  1 drivers
v0x14e2730_0 .net *"_ivl_166", 0 0, L_0x1a1b3c0;  1 drivers
v0x168a2d0_0 .net *"_ivl_169", 0 0, L_0x1a1ab30;  1 drivers
v0x19addb0_0 .net *"_ivl_171", 0 0, L_0x1a1ac60;  1 drivers
v0x196c6e0_0 .net *"_ivl_172", 0 0, L_0x1a1b250;  1 drivers
v0x18650d0_0 .net *"_ivl_175", 0 0, L_0x1a1b790;  1 drivers
v0x1863da0_0 .net *"_ivl_177", 0 0, L_0x1a1b660;  1 drivers
v0x1862a70_0 .net *"_ivl_178", 0 0, L_0x1a1b920;  1 drivers
v0x182b5b0_0 .net *"_ivl_181", 0 0, L_0x1a1b480;  1 drivers
v0x182f270_0 .net *"_ivl_183", 0 0, L_0x1a1b830;  1 drivers
v0x19aa8b0_0 .net *"_ivl_184", 0 0, L_0x1a1bc20;  1 drivers
v0x1851d60_0 .net *"_ivl_187", 0 0, L_0x1a1bce0;  1 drivers
v0x198b2c0_0 .net *"_ivl_188", 0 0, L_0x1a1bd80;  1 drivers
v0x19a77c0_0 .net *"_ivl_19", 0 0, L_0x1a170c0;  1 drivers
v0x182fa70_0 .net *"_ivl_191", 0 0, L_0x1a1ba30;  1 drivers
v0x1836c10_0 .net *"_ivl_192", 0 0, L_0x1a1bad0;  1 drivers
v0x1997550_0 .net *"_ivl_195", 0 0, L_0x1a1c040;  1 drivers
v0x19970d0_0 .net *"_ivl_196", 0 0, L_0x1a1bb90;  1 drivers
v0x1996c70_0 .net *"_ivl_199", 0 0, L_0x1a1b570;  1 drivers
v0x19968a0_0 .net *"_ivl_20", 0 0, L_0x1a17160;  1 drivers
v0x19964d0_0 .net *"_ivl_200", 0 0, L_0x1a1be40;  1 drivers
v0x1996100_0 .net *"_ivl_203", 0 0, L_0x1a1bf00;  1 drivers
v0x1995d30_0 .net *"_ivl_204", 0 0, L_0x1a1bfa0;  1 drivers
v0x1995960_0 .net *"_ivl_207", 0 0, L_0x1a1c130;  1 drivers
v0x1995590_0 .net *"_ivl_208", 0 0, L_0x1a1c1d0;  1 drivers
v0x198d3a0_0 .net *"_ivl_211", 0 0, L_0x1a1c2e0;  1 drivers
v0x195fda0_0 .net *"_ivl_212", 0 0, L_0x1a1c380;  1 drivers
v0x1983be0_0 .net *"_ivl_214", 0 0, L_0x1a1c480;  1 drivers
v0x1852130_0 .net *"_ivl_216", 0 0, L_0x1a1c4f0;  1 drivers
v0x19560b0_0 .net *"_ivl_219", 0 0, L_0x1a1c600;  1 drivers
v0x18c80e0_0 .net *"_ivl_22", 0 0, L_0x1a17220;  1 drivers
v0x18c8180_0 .net *"_ivl_220", 0 0, L_0x1a1c6a0;  1 drivers
v0x189f600_0 .net *"_ivl_222", 0 0, L_0x1a1cb70;  1 drivers
v0x189f6c0_0 .net *"_ivl_224", 0 0, L_0x1a1c8a0;  1 drivers
v0x18f11a0_0 .net *"_ivl_228", 0 0, L_0x1a1c760;  1 drivers
v0x18f0db0_0 .net *"_ivl_233", 0 0, L_0x1a1cbe0;  1 drivers
v0x18f0e70_0 .net *"_ivl_235", 0 0, L_0x1a1ccd0;  1 drivers
v0x18f09c0_0 .net *"_ivl_24", 0 0, L_0x1a17290;  1 drivers
v0x18f05d0_0 .net *"_ivl_26", 0 0, L_0x1a173a0;  1 drivers
v0x18d8b00_0 .net *"_ivl_28", 0 0, L_0x1a17460;  1 drivers
v0x18a67c0_0 .net *"_ivl_30", 0 0, L_0x1a17570;  1 drivers
v0x18ce810_0 .net *"_ivl_32", 0 0, L_0x1a175e0;  1 drivers
v0x19131e0_0 .net *"_ivl_34", 0 0, L_0x1a176a0;  1 drivers
v0x1856550_0 .net *"_ivl_39", 0 0, L_0x1a178d0;  1 drivers
v0x18b8960_0 .net *"_ivl_40", 0 0, L_0x1a17970;  1 drivers
v0x1813750_0 .net *"_ivl_42", 0 0, L_0x1a177a0;  1 drivers
v0x1812d20_0 .net *"_ivl_44", 0 0, L_0x1a17a70;  1 drivers
v0x1822dc0_0 .net *"_ivl_46", 0 0, L_0x1a17c10;  1 drivers
v0x1539c70_0 .net *"_ivl_48", 0 0, L_0x1a17c80;  1 drivers
v0x16605b0_0 .net *"_ivl_50", 0 0, L_0x1a17b80;  1 drivers
v0x1660690_0 .net *"_ivl_52", 0 0, L_0x1a17e80;  1 drivers
v0x177abc0_0 .net *"_ivl_54", 0 0, L_0x1a17d90;  1 drivers
v0x177aca0_0 .net *"_ivl_58", 0 0, L_0x1a17f90;  1 drivers
v0x1779a40_0 .net *"_ivl_60", 0 0, L_0x1a18330;  1 drivers
v0x1779b00_0 .net *"_ivl_62", 0 0, L_0x1a18150;  1 drivers
v0x177b110_0 .net *"_ivl_67", 0 0, L_0x1a18430;  1 drivers
v0x177b1f0_0 .net *"_ivl_68", 0 0, L_0x1a18770;  1 drivers
v0x177b2c0_0 .net *"_ivl_70", 0 0, L_0x1a187e0;  1 drivers
v0x177b3a0_0 .net *"_ivl_73", 0 0, L_0x1a18600;  1 drivers
v0x177bb70_0 .net *"_ivl_74", 0 0, L_0x1a18990;  1 drivers
v0x177bc30_0 .net *"_ivl_76", 0 0, L_0x1a18a50;  1 drivers
v0x177b9c0_0 .net *"_ivl_79", 0 0, L_0x1a18850;  1 drivers
L_0x7f106a89b578 .functor BUFT 1, C4<0000>, C4<0>, C4<0>, C4<0>;
v0x177baa0_0 .net/2u *"_ivl_8", 3 0, L_0x7f106a89b578;  1 drivers
v0x177b810_0 .net *"_ivl_81", 0 0, L_0x1a18c60;  1 drivers
v0x177b8f0_0 .net *"_ivl_82", 0 0, L_0x1a18d00;  1 drivers
v0x183fc50_0 .net *"_ivl_84", 0 0, L_0x1a18d70;  1 drivers
v0x183fd10_0 .net *"_ivl_87", 0 0, L_0x1a18b60;  1 drivers
v0x17ca120_0 .net *"_ivl_89", 0 0, L_0x1a18f40;  1 drivers
v0x17ca200_0 .net *"_ivl_90", 0 0, L_0x1a19050;  1 drivers
v0x17c9f70_0 .net *"_ivl_92", 0 0, L_0x1a19110;  1 drivers
v0x17ca050_0 .net *"_ivl_95", 0 0, L_0x1a18e30;  1 drivers
v0x17c9dc0_0 .net *"_ivl_97", 0 0, L_0x1a19340;  1 drivers
v0x17c9e80_0 .net *"_ivl_98", 0 0, L_0x1a18fe0;  1 drivers
v0x17c9c10_0 .net "abort_ex", 0 0, L_0x1a18500;  alias, 1 drivers
v0x17c9cd0_0 .net "branch_taken", 0 0, v0x19868d0_0;  alias, 1 drivers
v0x17c9a60_0 .net "clk", 0 0, v0x19f0750_0;  alias, 1 drivers
v0x17c9b00_0 .net "datain", 31 0, v0x191ef00_0;  alias, 1 drivers
v0x17c98b0_0 .net "dcpu_ack_i", 0 0, L_0x1a23d10;  alias, 1 drivers
v0x17c9950_0 .net "dcpu_err_i", 0 0, L_0x1997630;  alias, 1 drivers
v0x17c9360_0 .var "delayed1_ex_dslot", 0 0;
v0x17c9420_0 .var "delayed2_ex_dslot", 0 0;
v0x17c8e10_0 .var "delayed_iee", 2 0;
v0x17c8ef0_0 .var "delayed_tee", 2 0;
v0x1997d40_0 .net "du_dsr", 13 0, v0x19d51a0_0;  alias, 1 drivers
v0x1997e20_0 .var "eear", 31 0;
v0x198eca0_0 .net "eear_we", 0 0, L_0x1560bf0;  alias, 1 drivers
v0x198ed40_0 .var "epcr", 31 0;
v0x1963040_0 .net "epcr_we", 0 0, L_0x14c3f40;  alias, 1 drivers
v0x1963100_0 .var "esr", 15 0;
v0x18da690_0 .net "esr_we", 0 0, L_0x17e10e0;  alias, 1 drivers
v0x18da750_0 .var "ex_dslot", 0 0;
v0x18d9920_0 .var "ex_exceptflags", 2 0;
v0x18d9a00_0 .net "ex_freeze", 0 0, L_0x1a16030;  alias, 1 drivers
v0x18d94b0_0 .var "ex_pc", 31 0;
v0x18d9570_0 .net "ex_void", 0 0, L_0x14c1360;  alias, 1 drivers
v0x18a3150_0 .net "except_flushpipe", 0 0, L_0x1a1cd70;  1 drivers
v0x18a31f0_0 .net "except_start", 0 0, L_0x1a16eb0;  alias, 1 drivers
v0x18a2140_0 .net "except_started", 0 0, L_0x1862b50;  alias, 1 drivers
v0x18a2200_0 .net "except_stop", 12 0, L_0x1a1c960;  alias, 1 drivers
v0x18a1350_0 .net "except_trig", 12 0, L_0x1a1ad00;  1 drivers
v0x18a1430_0 .var "except_type", 3 0;
v0x18c9db0_0 .var "extend_flush", 0 0;
v0x18c9e50_0 .var "extend_flush_last", 0 0;
v0x190d6d0_0 .net "flushpipe", 0 0, L_0x1a1c7d0;  alias, 1 drivers
v0x190d770_0 .net "genpc_freeze", 0 0, L_0x1a14ba0;  alias, 1 drivers
v0x1905a80_0 .net "icpu_ack_i", 0 0, L_0x1a23280;  alias, 1 drivers
v0x1905b40_0 .net "icpu_err_i", 0 0, L_0x14c1f50;  alias, 1 drivers
v0x1856160_0 .var "id_exceptflags", 2 0;
v0x1856240_0 .net "id_freeze", 0 0, L_0x1a15f70;  alias, 1 drivers
v0x1855e60_0 .var "id_pc", 31 0;
v0x1855f00_0 .net "if_pc", 31 0, L_0x1a06160;  alias, 1 drivers
v0x191b1b0_0 .net "if_stall", 0 0, L_0x14bd1f0;  alias, 1 drivers
v0x191b270_0 .net "int_pending", 0 0, L_0x1a17810;  1 drivers
v0x1869e50_0 .net "lr_sav", 31 2, L_0x1a16a20;  alias, 1 drivers
v0x1869f30_0 .net "lsu_addr", 31 0, L_0x1a14d40;  alias, 1 drivers
v0x1871f90_0 .net "pc_we", 0 0, L_0x181bf40;  alias, 1 drivers
v0x1872030_0 .net "rst", 0 0, v0x19f27d0_0;  alias, 1 drivers
v0x1813230_0 .net "sig_align", 0 0, L_0x1a145e0;  alias, 1 drivers
v0x18132f0_0 .net "sig_dbuserr", 0 0, L_0x1a14c10;  alias, 1 drivers
v0x1826c50_0 .net "sig_dmmufault", 0 0, L_0x1a149f0;  alias, 1 drivers
v0x1826d10_0 .net "sig_dtlbmiss", 0 0, L_0x1a14880;  alias, 1 drivers
v0x1859c90_0 .net "sig_ibuserr", 0 0, L_0x14ba450;  alias, 1 drivers
v0x1859d50_0 .net "sig_illegal", 0 0, v0x18686b0_0;  alias, 1 drivers
v0x1859f60_0 .net "sig_immufault", 0 0, L_0x14bd600;  alias, 1 drivers
v0x185a000_0 .net "sig_int", 0 0, L_0x1a13840;  alias, 1 drivers
v0x18d05e0_0 .net "sig_itlbmiss", 0 0, L_0x14bfb70;  alias, 1 drivers
v0x18d06a0_0 .net "sig_range", 0 0, L_0x7f106a89b5c0;  1 drivers
v0x18781d0_0 .net "sig_syscall", 0 0, v0x19a94c0_0;  alias, 1 drivers
v0x18782a0_0 .net "sig_tick", 0 0, L_0x1a28000;  alias, 1 drivers
v0x182c110_0 .net "sig_trap", 0 0, v0x19a9560_0;  alias, 1 drivers
v0x182c1b0_0 .net "spr_dat_npc", 31 0, L_0x1a16c50;  alias, 1 drivers
v0x182d6f0_0 .net "spr_dat_ppc", 31 0, v0x19ac350_0;  alias, 1 drivers
v0x182d7d0_0 .net "sr", 15 0, v0x1735aa0_0;  alias, 1 drivers
v0x182cca0_0 .net "sr_we", 0 0, L_0x14b8f10;  alias, 1 drivers
v0x182cd40_0 .var "state", 2 0;
v0x1767b50_0 .net "tick_pending", 0 0, L_0x1a18040;  1 drivers
v0x1767bf0_0 .net "to_sr", 15 0, L_0x1a0e4c0;  alias, 1 drivers
v0x19ac280_0 .net "wb_freeze", 0 0, L_0x1a166e0;  alias, 1 drivers
v0x19ac350_0 .var "wb_pc", 31 0;
L_0x1a16a20 .part v0x18d94b0_0, 2, 30;
L_0x1a16c50 .functor MUXZ 32, v0x18d94b0_0, v0x1855e60_0, L_0x14c1360, C4<>;
L_0x1a16e10 .cmp/ne 4, v0x18a1430_0, L_0x7f106a89b578;
L_0x1a16f20 .part v0x1735aa0_0, 2, 1;
L_0x1a170c0 .part v0x17c8e10_0, 2, 1;
L_0x1a178d0 .part v0x1735aa0_0, 1, 1;
L_0x1a18430 .part v0x19d51a0_0, 4, 1;
L_0x1a18600 .part v0x19d51a0_0, 7, 1;
L_0x1a18850 .part v0x18d9920_0, 1, 1;
L_0x1a18c60 .part v0x19d51a0_0, 9, 1;
L_0x1a18b60 .part v0x18d9920_0, 0, 1;
L_0x1a18f40 .part v0x19d51a0_0, 3, 1;
L_0x1a18e30 .part v0x18d9920_0, 2, 1;
L_0x1a19340 .part v0x19d51a0_0, 1, 1;
L_0x1a19220 .part v0x19d51a0_0, 6, 1;
L_0x1a19540 .part v0x19d51a0_0, 5, 1;
L_0x1a197c0 .part v0x19d51a0_0, 8, 1;
L_0x1a19a80 .part v0x19d51a0_0, 2, 1;
L_0x1a19ce0 .part v0x19d51a0_0, 1, 1;
L_0x1a19f50 .part v0x19d51a0_0, 10, 1;
L_0x1a1a180 .part v0x19d51a0_0, 13, 1;
L_0x1a1a7c0 .part v0x19d51a0_0, 11, 1;
LS_0x1a1ad00_0_0 .concat [ 1 1 1 1], L_0x1a1a680, L_0x1a1a430, L_0x1a1a300, L_0x1a1a0c0;
LS_0x1a1ad00_0_4 .concat [ 1 1 1 1], L_0x1a19e90, L_0x1a19c20, L_0x1a199c0, L_0x1a196c0;
LS_0x1a1ad00_0_8 .concat [ 1 1 1 1], L_0x1a186a0, L_0x1a19110, L_0x1a18d70, L_0x1a18a50;
LS_0x1a1ad00_0_12 .concat [ 1 0 0 0], L_0x1a187e0;
L_0x1a1ad00 .concat [ 4 4 4 1], LS_0x1a1ad00_0_0, LS_0x1a1ad00_0_4, LS_0x1a1ad00_0_8, LS_0x1a1ad00_0_12;
L_0x1a1b1b0 .part v0x19d51a0_0, 4, 1;
L_0x1a1b320 .part v0x19d51a0_0, 7, 1;
L_0x1a1ab30 .part v0x18d9920_0, 1, 1;
L_0x1a1ac60 .part v0x19d51a0_0, 9, 1;
L_0x1a1b790 .part v0x18d9920_0, 0, 1;
L_0x1a1b660 .part v0x19d51a0_0, 3, 1;
L_0x1a1b480 .part v0x18d9920_0, 2, 1;
L_0x1a1b830 .part v0x19d51a0_0, 1, 1;
L_0x1a1bce0 .part v0x19d51a0_0, 6, 1;
L_0x1a1ba30 .part v0x19d51a0_0, 5, 1;
L_0x1a1c040 .part v0x19d51a0_0, 8, 1;
L_0x1a1b570 .part v0x19d51a0_0, 2, 1;
L_0x1a1bf00 .part v0x19d51a0_0, 1, 1;
L_0x1a1c130 .part v0x19d51a0_0, 10, 1;
L_0x1a1c2e0 .part v0x19d51a0_0, 13, 1;
L_0x1a1c600 .part v0x19d51a0_0, 11, 1;
LS_0x1a1c960_0_0 .concat [ 1 1 1 1], L_0x1a1c8a0, L_0x1a1c4f0, L_0x1a1c1d0, L_0x1a1bfa0;
LS_0x1a1c960_0_4 .concat [ 1 1 1 1], L_0x1a1be40, L_0x1a1bb90, L_0x1a1bad0, L_0x1a1bd80;
LS_0x1a1c960_0_8 .concat [ 1 1 1 1], L_0x1a1bc20, L_0x1a1b920, L_0x1a1b250, L_0x1a1b3c0;
LS_0x1a1c960_0_12 .concat [ 1 0 0 0], L_0x1a193e0;
L_0x1a1c960 .concat [ 4 4 4 1], LS_0x1a1c960_0_0, LS_0x1a1c960_0_4, LS_0x1a1c960_0_8, LS_0x1a1c960_0_12;
L_0x1a1cbe0 .reduce/or L_0x1a1ad00;
L_0x1a1ccd0 .reduce/nor v0x182cd40_0;
S_0x177b4b0 .scope module, "or1200_freeze" "or1200_freeze" 6 571, 11 14 0, S_0x1833f90;
 .timescale -12 -12;
    .port_info 0 /INPUT 1 "clk";
    .port_info 1 /INPUT 1 "rst";
    .port_info 2 /INPUT 2 "multicycle";
    .port_info 3 /INPUT 1 "flushpipe";
    .port_info 4 /INPUT 1 "extend_flush";
    .port_info 5 /INPUT 1 "lsu_stall";
    .port_info 6 /INPUT 1 "if_stall";
    .port_info 7 /INPUT 1 "lsu_unstall";
    .port_info 8 /INPUT 1 "du_stall";
    .port_info 9 /INPUT 1 "mac_stall";
    .port_info 10 /INPUT 1 "force_dslot_fetch";
    .port_info 11 /INPUT 1 "abort_ex";
    .port_info 12 /OUTPUT 1 "genpc_freeze";
    .port_info 13 /OUTPUT 1 "if_freeze";
    .port_info 14 /OUTPUT 1 "id_freeze";
    .port_info 15 /OUTPUT 1 "ex_freeze";
    .port_info 16 /OUTPUT 1 "wb_freeze";
    .port_info 17 /INPUT 1 "icpu_ack_i";
    .port_info 18 /INPUT 1 "icpu_err_i";
L_0x1a14ba0 .functor OR 1, L_0x1a25470, v0x18b58f0_0, C4<0>, C4<0>;
L_0x1a14cd0 .functor OR 1, L_0x1a15f70, v0x18c9db0_0, C4<0>, C4<0>;
L_0x1994350 .functor NOT 1, L_0x1a121e0, C4<0>, C4<0>, C4<0>;
L_0x1a159d0 .functor AND 1, L_0x1994350, L_0x14bd1f0, C4<1>, C4<1>;
L_0x1a15a90 .functor OR 1, L_0x1a12ee0, L_0x1a159d0, C4<0>, C4<0>;
L_0x1a15b90 .functor OR 1, L_0x1a15a90, L_0x1a16860, C4<0>, C4<0>;
L_0x1a15c50 .functor OR 1, L_0x1a15b90, L_0x7f106a89a720, C4<0>, C4<0>;
L_0x1a15da0 .functor OR 1, L_0x1a15c50, L_0x1a25470, C4<0>, C4<0>;
L_0x1a15f70 .functor OR 1, L_0x1a15da0, v0x18c8d00_0, C4<0>, C4<0>;
L_0x1a16030 .functor BUFZ 1, L_0x1a166e0, C4<0>, C4<0>, C4<0>;
L_0x1992e10 .functor NOT 1, L_0x1a121e0, C4<0>, C4<0>, C4<0>;
L_0x1a161b0 .functor AND 1, L_0x1992e10, L_0x14bd1f0, C4<1>, C4<1>;
L_0x1a162e0 .functor OR 1, L_0x1a12ee0, L_0x1a161b0, C4<0>, C4<0>;
L_0x1a163a0 .functor OR 1, L_0x1a162e0, L_0x1a16860, C4<0>, C4<0>;
L_0x1a16270 .functor OR 1, L_0x1a163a0, L_0x1a25470, C4<0>, C4<0>;
L_0x1a16500 .functor OR 1, L_0x1a16270, v0x18c8d00_0, C4<0>, C4<0>;
L_0x1a166e0 .functor OR 1, L_0x1a16500, L_0x1a18500, C4<0>, C4<0>;
v0x19a66f0_0 .net *"_ivl_10", 0 0, L_0x1a15b90;  1 drivers
v0x19a4b40_0 .net *"_ivl_12", 0 0, L_0x1a15c50;  1 drivers
v0x19a4c20_0 .net *"_ivl_14", 0 0, L_0x1a15da0;  1 drivers
v0x17c9550_0 .net *"_ivl_20", 0 0, L_0x1992e10;  1 drivers
v0x17c9630_0 .net *"_ivl_22", 0 0, L_0x1a161b0;  1 drivers
v0x17c9000_0 .net *"_ivl_24", 0 0, L_0x1a162e0;  1 drivers
v0x17c90e0_0 .net *"_ivl_26", 0 0, L_0x1a163a0;  1 drivers
v0x198ade0_0 .net *"_ivl_28", 0 0, L_0x1a16270;  1 drivers
v0x198aea0_0 .net *"_ivl_30", 0 0, L_0x1a16500;  1 drivers
v0x198f0f0_0 .net *"_ivl_4", 0 0, L_0x1994350;  1 drivers
v0x198f1d0_0 .net *"_ivl_6", 0 0, L_0x1a159d0;  1 drivers
v0x1905580_0 .net *"_ivl_8", 0 0, L_0x1a15a90;  1 drivers
v0x1905660_0 .net "abort_ex", 0 0, L_0x1a18500;  alias, 1 drivers
v0x191f350_0 .net "clk", 0 0, v0x19f0750_0;  alias, 1 drivers
v0x191f3f0_0 .net "du_stall", 0 0, L_0x1a25470;  alias, 1 drivers
v0x1869180_0 .net "ex_freeze", 0 0, L_0x1a16030;  alias, 1 drivers
v0x1869220_0 .net "extend_flush", 0 0, v0x18c9db0_0;  alias, 1 drivers
v0x18b5850_0 .net "flushpipe", 0 0, L_0x1a1c7d0;  alias, 1 drivers
v0x18b58f0_0 .var "flushpipe_r", 0 0;
v0x157fbe0_0 .net "force_dslot_fetch", 0 0, L_0x7f106a89a720;  alias, 1 drivers
v0x157fc80_0 .net "genpc_freeze", 0 0, L_0x1a14ba0;  alias, 1 drivers
v0x18128a0_0 .net "icpu_ack_i", 0 0, L_0x1a23280;  alias, 1 drivers
v0x1812940_0 .net "icpu_err_i", 0 0, L_0x14c1f50;  alias, 1 drivers
v0x1812510_0 .net "id_freeze", 0 0, L_0x1a15f70;  alias, 1 drivers
v0x1812600_0 .net "if_freeze", 0 0, L_0x1a14cd0;  alias, 1 drivers
v0x1812180_0 .net "if_stall", 0 0, L_0x14bd1f0;  alias, 1 drivers
v0x1812220_0 .net "lsu_stall", 0 0, L_0x1a12ee0;  alias, 1 drivers
v0x19b3000_0 .net "lsu_unstall", 0 0, L_0x1a121e0;  alias, 1 drivers
v0x19b30a0_0 .net "mac_stall", 0 0, v0x18c8d00_0;  alias, 1 drivers
v0x19b2980_0 .net "multicycle", 1 0, v0x18ab7b0_0;  alias, 1 drivers
v0x19b2a20_0 .var "multicycle_cnt", 1 0;
v0x198bb80_0 .net "multicycle_freeze", 0 0, L_0x1a16860;  1 drivers
v0x198bc20_0 .net "rst", 0 0, v0x19f27d0_0;  alias, 1 drivers
v0x18b8230_0 .net "wb_freeze", 0 0, L_0x1a166e0;  alias, 1 drivers
L_0x1a16860 .reduce/or v0x19b2a20_0;
S_0x198b880 .scope module, "or1200_genpc" "or1200_genpc" 6 262, 12 5 0, S_0x1833f90;
 .timescale -12 -12;
    .port_info 0 /INPUT 1 "clk";
    .port_info 1 /INPUT 1 "rst";
    .port_info 2 /OUTPUT 32 "icpu_adr_o";
    .port_info 3 /OUTPUT 1 "icpu_cycstb_o";
    .port_info 4 /OUTPUT 4 "icpu_sel_o";
    .port_info 5 /OUTPUT 4 "icpu_tag_o";
    .port_info 6 /INPUT 1 "icpu_rty_i";
    .port_info 7 /INPUT 32 "icpu_adr_i";
    .port_info 8 /INPUT 3 "branch_op";
    .port_info 9 /INPUT 4 "except_type";
    .port_info 10 /INPUT 1 "except_prefix";
    .port_info 11 /INPUT 30 "branch_addrofs";
    .port_info 12 /INPUT 32 "lr_restor";
    .port_info 13 /INPUT 1 "flag";
    .port_info 14 /OUTPUT 1 "taken";
    .port_info 15 /INPUT 1 "except_start";
    .port_info 16 /INPUT 30 "binsn_addr";
    .port_info 17 /INPUT 32 "epcr";
    .port_info 18 /INPUT 32 "spr_dat_i";
    .port_info 19 /INPUT 1 "spr_pc_we";
    .port_info 20 /INPUT 1 "genpc_refetch";
    .port_info 21 /INPUT 1 "genpc_freeze";
    .port_info 22 /INPUT 1 "genpc_stop_prefetch";
    .port_info 23 /INPUT 1 "no_more_dslot";
L_0x14c92c0 .functor AND 1, L_0x1a05990, L_0x1a05a30, C4<1>, C4<1>;
L_0x14c9130 .functor AND 1, L_0x14c92c0, L_0x1a05ad0, C4<1>, C4<1>;
L_0x14c0de0 .functor OR 1, L_0x14caa30, L_0x14bff60, C4<0>, C4<0>;
L_0x14c8330 .functor AND 1, L_0x14c9130, L_0x14c0de0, C4<1>, C4<1>;
v0x19a6650_0 .net *"_ivl_1", 0 0, L_0x1a05990;  1 drivers
v0x198b670_0 .net *"_ivl_10", 0 0, L_0x14c0de0;  1 drivers
v0x198ca80_0 .net *"_ivl_12", 0 0, L_0x14c8330;  1 drivers
v0x198cb40_0 .net *"_ivl_3", 0 0, L_0x1a05a30;  1 drivers
v0x198c780_0 .net *"_ivl_4", 0 0, L_0x14c92c0;  1 drivers
v0x198a070_0 .net *"_ivl_7", 0 0, L_0x1a05ad0;  1 drivers
v0x198a130_0 .net *"_ivl_8", 0 0, L_0x14c9130;  1 drivers
v0x1989cb0_0 .net "binsn_addr", 31 2, L_0x1a16a20;  alias, 1 drivers
v0x1989d70_0 .net "branch_addrofs", 31 2, L_0x1a07d60;  alias, 1 drivers
v0x19898f0_0 .net "branch_op", 2 0, v0x1947d10_0;  alias, 1 drivers
v0x19899c0_0 .net "clk", 0 0, v0x19f0750_0;  alias, 1 drivers
v0x1988db0_0 .net "epcr", 31 0, v0x198ed40_0;  alias, 1 drivers
v0x1988e80_0 .net "except_prefix", 0 0, L_0x1a057e0;  alias, 1 drivers
v0x1985990_0 .net "except_start", 0 0, L_0x1a16eb0;  alias, 1 drivers
v0x1985a30_0 .net "except_type", 3 0, v0x18a1430_0;  alias, 1 drivers
v0x19889f0_0 .net "flag", 0 0, L_0x1a131a0;  alias, 1 drivers
v0x1988ac0_0 .net "genpc_freeze", 0 0, L_0x1a14ba0;  alias, 1 drivers
v0x1988740_0 .net "genpc_refetch", 0 0, L_0x14bff60;  alias, 1 drivers
v0x1988270_0 .var "genpc_refetch_r", 0 0;
L_0x7f106a89a570 .functor BUFT 1, C4<0>, C4<0>, C4<0>, C4<0>;
v0x1988310_0 .net "genpc_stop_prefetch", 0 0, L_0x7f106a89a570;  1 drivers
v0x1987eb0_0 .net "icpu_adr_i", 31 0, v0x19de180_0;  alias, 1 drivers
v0x1987f90_0 .net "icpu_adr_o", 31 0, L_0x1a05c00;  alias, 1 drivers
v0x1987af0_0 .net "icpu_cycstb_o", 0 0, L_0x1a05ca0;  alias, 1 drivers
v0x1987b90_0 .net "icpu_rty_i", 0 0, L_0x14caa30;  alias, 1 drivers
v0x1987730_0 .net "icpu_sel_o", 3 0, L_0x7f106a89a4e0;  alias, 1 drivers
v0x1987810_0 .net "icpu_tag_o", 3 0, L_0x7f106a89a528;  alias, 1 drivers
v0x1987370_0 .net "lr_restor", 31 0, v0x191ef00_0;  alias, 1 drivers
v0x1987410_0 .net "no_more_dslot", 0 0, L_0x14ba120;  alias, 1 drivers
v0x1986fb0_0 .var "pc", 31 0;
v0x1987070_0 .var "pcreg", 31 2;
v0x1986bf0_0 .net "rst", 0 0, v0x19f27d0_0;  alias, 1 drivers
v0x1986c90_0 .net "spr_dat_i", 31 0, L_0x1a0c4c0;  alias, 1 drivers
v0x1986830_0 .net "spr_pc_we", 0 0, L_0x181bf40;  alias, 1 drivers
v0x19868d0_0 .var "taken", 0 0;
E_0x18d2b00/0 .event anyedge, v0x1988e80_0, v0x1986c90_0, v0x1871f90_0, v0x198ed40_0;
E_0x18d2b00/1 .event anyedge, v0x1994920_0, v0x18a31f0_0, v0x18a1430_0, v0x1947d10_0;
E_0x18d2b00/2 .event anyedge, v0x183eb60_0, v0x1869e50_0, v0x1948740_0, v0x1987070_0;
E_0x18d2b00 .event/or E_0x18d2b00/0, E_0x18d2b00/1, E_0x18d2b00/2;
L_0x1a05990 .reduce/nor L_0x14ba120;
L_0x1a05a30 .reduce/nor L_0x1a16eb0;
L_0x1a05ad0 .reduce/nor L_0x181bf40;
L_0x1a05c00 .functor MUXZ 32, v0x1986fb0_0, v0x19de180_0, L_0x14c8330, C4<>;
L_0x1a05ca0 .reduce/nor L_0x1a14ba0;
S_0x19bb4e0 .scope module, "or1200_if" "or1200_if" 6 293, 13 5 0, S_0x1833f90;
 .timescale -12 -12;
    .port_info 0 /INPUT 1 "clk";
    .port_info 1 /INPUT 1 "rst";
    .port_info 2 /INPUT 32 "icpu_dat_i";
    .port_info 3 /INPUT 1 "icpu_ack_i";
    .port_info 4 /INPUT 1 "icpu_err_i";
    .port_info 5 /INPUT 32 "icpu_adr_i";
    .port_info 6 /INPUT 4 "icpu_tag_i";
    .port_info 7 /INPUT 1 "if_freeze";
    .port_info 8 /OUTPUT 32 "if_insn";
    .port_info 9 /OUTPUT 32 "if_pc";
    .port_info 10 /INPUT 1 "flushpipe";
    .port_info 11 /OUTPUT 1 "if_stall";
    .port_info 12 /INPUT 1 "no_more_dslot";
    .port_info 13 /OUTPUT 1 "genpc_refetch";
    .port_info 14 /INPUT 1 "rfe";
    .port_info 15 /OUTPUT 1 "except_itlbmiss";
    .port_info 16 /OUTPUT 1 "except_immufault";
    .port_info 17 /OUTPUT 1 "except_ibuserr";
L_0x198c8c0 .functor OR 1, L_0x14c1f50, L_0x14ba120, C4<0>, C4<0>;
L_0x14bcac0 .functor OR 1, L_0x198c8c0, L_0x1483320, C4<0>, C4<0>;
L_0x14c09f0 .functor AND 1, L_0x1a06200, L_0x1a063b0, C4<1>, C4<1>;
L_0x14bd1f0 .functor AND 1, L_0x14c09f0, L_0x1a06450, C4<1>, C4<1>;
L_0x14bff60 .functor AND 1, v0x18473a0_0, L_0x1a23280, C4<1>, C4<1>;
L_0x14b47c0 .functor AND 1, L_0x14c1f50, L_0x1a06720, C4<1>, C4<1>;
L_0x14bfb70 .functor AND 1, L_0x14b47c0, L_0x1a067c0, C4<1>, C4<1>;
L_0x19c4770 .functor AND 1, L_0x14c1f50, L_0x1a06860, C4<1>, C4<1>;
L_0x14bd600 .functor AND 1, L_0x19c4770, L_0x1a06900, C4<1>, C4<1>;
L_0x14c7470 .functor AND 1, L_0x14c1f50, L_0x1a069a0, C4<1>, C4<1>;
L_0x14ba450 .functor AND 1, L_0x14c7470, L_0x1a06a40, C4<1>, C4<1>;
v0x19ba960_0 .net *"_ivl_0", 0 0, L_0x198c8c0;  1 drivers
v0x19baa20_0 .net *"_ivl_10", 31 0, L_0x1a06020;  1 drivers
v0x19ba5d0_0 .net *"_ivl_17", 0 0, L_0x1a06200;  1 drivers
v0x19ba670_0 .net *"_ivl_19", 0 0, L_0x1a063b0;  1 drivers
v0x19ba240_0 .net *"_ivl_2", 0 0, L_0x14bcac0;  1 drivers
v0x19ba320_0 .net *"_ivl_20", 0 0, L_0x14c09f0;  1 drivers
v0x19b9eb0_0 .net *"_ivl_23", 0 0, L_0x1a06450;  1 drivers
L_0x7f106a89a648 .functor BUFT 1, C4<1101>, C4<0>, C4<0>, C4<0>;
v0x19b9f70_0 .net/2u *"_ivl_28", 3 0, L_0x7f106a89a648;  1 drivers
v0x19a7b10_0 .net *"_ivl_30", 0 0, L_0x1a06720;  1 drivers
v0x19a7bd0_0 .net *"_ivl_32", 0 0, L_0x14b47c0;  1 drivers
v0x19a7280_0 .net *"_ivl_35", 0 0, L_0x1a067c0;  1 drivers
L_0x7f106a89a690 .functor BUFT 1, C4<1100>, C4<0>, C4<0>, C4<0>;
v0x19a7340_0 .net/2u *"_ivl_38", 3 0, L_0x7f106a89a690;  1 drivers
L_0x7f106a89a5b8 .functor BUFT 1, C4<00010100010000010000000000000000>, C4<0>, C4<0>, C4<0>;
v0x1830430_0 .net/2u *"_ivl_4", 31 0, L_0x7f106a89a5b8;  1 drivers
v0x1830510_0 .net *"_ivl_40", 0 0, L_0x1a06860;  1 drivers
v0x1831790_0 .net *"_ivl_42", 0 0, L_0x19c4770;  1 drivers
v0x1831870_0 .net *"_ivl_45", 0 0, L_0x1a06900;  1 drivers
L_0x7f106a89a6d8 .functor BUFT 1, C4<1011>, C4<0>, C4<0>, C4<0>;
v0x18313d0_0 .net/2u *"_ivl_48", 3 0, L_0x7f106a89a6d8;  1 drivers
v0x1850080_0 .net *"_ivl_50", 0 0, L_0x1a069a0;  1 drivers
v0x1850140_0 .net *"_ivl_52", 0 0, L_0x14c7470;  1 drivers
v0x183b5f0_0 .net *"_ivl_55", 0 0, L_0x1a06a40;  1 drivers
L_0x7f106a89a600 .functor BUFT 1, C4<00010100011000010000000000000000>, C4<0>, C4<0>, C4<0>;
v0x183b6b0_0 .net/2u *"_ivl_6", 31 0, L_0x7f106a89a600;  1 drivers
v0x183ab70_0 .net *"_ivl_8", 31 0, L_0x1a05ef0;  1 drivers
v0x183ac50_0 .var "addr_saved", 31 0;
v0x183a680_0 .net "clk", 0 0, v0x19f0750_0;  alias, 1 drivers
v0x183a720_0 .net "except_ibuserr", 0 0, L_0x14ba450;  alias, 1 drivers
v0x183a1b0_0 .net "except_immufault", 0 0, L_0x14bd600;  alias, 1 drivers
v0x183a280_0 .net "except_itlbmiss", 0 0, L_0x14bfb70;  alias, 1 drivers
v0x1839cb0_0 .net "flushpipe", 0 0, L_0x1a1c7d0;  alias, 1 drivers
v0x1839d50_0 .net "genpc_refetch", 0 0, L_0x14bff60;  alias, 1 drivers
v0x1839390_0 .net "icpu_ack_i", 0 0, L_0x1a23280;  alias, 1 drivers
v0x1839430_0 .net "icpu_adr_i", 31 0, v0x19de180_0;  alias, 1 drivers
v0x1838bc0_0 .net "icpu_dat_i", 31 0, L_0x1a23180;  alias, 1 drivers
v0x1838c60_0 .net "icpu_err_i", 0 0, L_0x14c1f50;  alias, 1 drivers
v0x1831470_0 .net "icpu_tag_i", 3 0, L_0x14d4c70;  alias, 1 drivers
v0x1837750_0 .net "if_freeze", 0 0, L_0x1a14cd0;  alias, 1 drivers
v0x18377f0_0 .net "if_insn", 31 0, L_0x1a060c0;  alias, 1 drivers
v0x18367c0_0 .net "if_pc", 31 0, L_0x1a06160;  alias, 1 drivers
v0x1836890_0 .net "if_stall", 0 0, L_0x14bd1f0;  alias, 1 drivers
v0x18362b0_0 .var "insn_saved", 31 0;
v0x1836350_0 .net "no_more_dslot", 0 0, L_0x14ba120;  alias, 1 drivers
v0x1833c40_0 .net "rfe", 0 0, L_0x1483320;  alias, 1 drivers
v0x1833ce0_0 .net "rst", 0 0, v0x19f27d0_0;  alias, 1 drivers
v0x18473a0_0 .var "saved", 0 0;
L_0x1a05ef0 .functor MUXZ 32, L_0x7f106a89a600, L_0x1a23180, L_0x1a23280, C4<>;
L_0x1a06020 .functor MUXZ 32, L_0x1a05ef0, v0x18362b0_0, v0x18473a0_0, C4<>;
L_0x1a060c0 .functor MUXZ 32, L_0x1a06020, L_0x7f106a89a5b8, L_0x14bcac0, C4<>;
L_0x1a06160 .functor MUXZ 32, v0x19de180_0, v0x183ac50_0, v0x18473a0_0, C4<>;
L_0x1a06200 .reduce/nor L_0x14c1f50;
L_0x1a063b0 .reduce/nor L_0x1a23280;
L_0x1a06450 .reduce/nor v0x18473a0_0;
L_0x1a06720 .cmp/eq 4, L_0x14d4c70, L_0x7f106a89a648;
L_0x1a067c0 .reduce/nor L_0x14ba120;
L_0x1a06860 .cmp/eq 4, L_0x14d4c70, L_0x7f106a89a690;
L_0x1a06900 .reduce/nor L_0x14ba120;
L_0x1a069a0 .cmp/eq 4, L_0x14d4c70, L_0x7f106a89a6d8;
L_0x1a06a40 .reduce/nor L_0x14ba120;
S_0x1845480 .scope module, "or1200_lsu" "or1200_lsu" 6 521, 14 5 0, S_0x1833f90;
 .timescale -12 -12;
    .port_info 0 /INPUT 32 "addrbase";
    .port_info 1 /INPUT 32 "addrofs";
    .port_info 2 /INPUT 4 "lsu_op";
    .port_info 3 /INPUT 32 "lsu_datain";
    .port_info 4 /OUTPUT 32 "lsu_dataout";
    .port_info 5 /OUTPUT 1 "lsu_stall";
    .port_info 6 /OUTPUT 1 "lsu_unstall";
    .port_info 7 /INPUT 1 "du_stall";
    .port_info 8 /OUTPUT 1 "except_align";
    .port_info 9 /OUTPUT 1 "except_dtlbmiss";
    .port_info 10 /OUTPUT 1 "except_dmmufault";
    .port_info 11 /OUTPUT 1 "except_dbuserr";
    .port_info 12 /OUTPUT 32 "dcpu_adr_o";
    .port_info 13 /OUTPUT 1 "dcpu_cycstb_o";
    .port_info 14 /OUTPUT 1 "dcpu_we_o";
    .port_info 15 /OUTPUT 4 "dcpu_sel_o";
    .port_info 16 /OUTPUT 4 "dcpu_tag_o";
    .port_info 17 /OUTPUT 32 "dcpu_dat_o";
    .port_info 18 /INPUT 32 "dcpu_dat_i";
    .port_info 19 /INPUT 1 "dcpu_ack_i";
    .port_info 20 /INPUT 1 "dcpu_rty_i";
    .port_info 21 /INPUT 1 "dcpu_err_i";
    .port_info 22 /INPUT 4 "dcpu_tag_i";
P_0x1656290 .param/l "aw" 0 14 17, +C4<00000000000000000000000000000101>;
P_0x16562d0 .param/l "dw" 0 14 16, +C4<00000000000000000000000000100000>;
L_0x1a12ee0 .functor AND 1, L_0x1a23df0, L_0x1a15200, C4<1>, C4<1>;
L_0x1a121e0 .functor BUFZ 1, L_0x1a23d10, C4<0>, C4<0>, C4<0>;
L_0x1a05920 .functor OR 1, L_0x1a05880, L_0x1a082f0, C4<0>, C4<0>;
L_0x1538270 .functor OR 1, L_0x1a05920, L_0x1a083e0, C4<0>, C4<0>;
L_0x1a13be0 .functor AND 1, L_0x1538270, L_0x1a13b40, C4<1>, C4<1>;
L_0x1a13f90 .functor OR 1, L_0x1a13cf0, L_0x1a13ea0, C4<0>, C4<0>;
L_0x1a14190 .functor OR 1, L_0x1a13f90, L_0x1a140a0, C4<0>, C4<0>;
L_0x1a14480 .functor AND 1, L_0x1a14190, L_0x1a14390, C4<1>, C4<1>;
L_0x1a145e0 .functor OR 1, L_0x1a13be0, L_0x1a14480, C4<0>, C4<0>;
L_0x1a14880 .functor AND 1, L_0x1997630, L_0x1a146f0, C4<1>, C4<1>;
L_0x1a149f0 .functor AND 1, L_0x1997630, L_0x1a14950, C4<1>, C4<1>;
L_0x1a14c10 .functor AND 1, L_0x1997630, L_0x1a14ab0, C4<1>, C4<1>;
L_0x1a14de0 .functor OR 1, L_0x1a25470, L_0x1a121e0, C4<0>, C4<0>;
L_0x1a14f60 .functor OR 1, L_0x1a14de0, L_0x1a145e0, C4<0>, C4<0>;
v0x1992510_0 .net *"_ivl_10", 0 0, L_0x1a082f0;  1 drivers
v0x19925f0_0 .net *"_ivl_12", 0 0, L_0x1a05920;  1 drivers
L_0x7f106a89b260 .functor BUFT 1, C4<0101>, C4<0>, C4<0>, C4<0>;
v0x198e510_0 .net/2u *"_ivl_14", 3 0, L_0x7f106a89b260;  1 drivers
v0x198e5f0_0 .net *"_ivl_16", 0 0, L_0x1a083e0;  1 drivers
v0x1960670_0 .net *"_ivl_18", 0 0, L_0x1538270;  1 drivers
v0x1960040_0 .net *"_ivl_21", 0 0, L_0x1a13b40;  1 drivers
v0x1960120_0 .net *"_ivl_22", 0 0, L_0x1a13be0;  1 drivers
L_0x7f106a89b2a8 .functor BUFT 1, C4<1110>, C4<0>, C4<0>, C4<0>;
v0x1960c70_0 .net/2u *"_ivl_24", 3 0, L_0x7f106a89b2a8;  1 drivers
v0x1960d30_0 .net *"_ivl_26", 0 0, L_0x1a13cf0;  1 drivers
L_0x7f106a89b2f0 .functor BUFT 1, C4<0110>, C4<0>, C4<0>, C4<0>;
v0x1969be0_0 .net/2u *"_ivl_28", 3 0, L_0x7f106a89b2f0;  1 drivers
v0x1969cc0_0 .net *"_ivl_30", 0 0, L_0x1a13ea0;  1 drivers
v0x1969030_0 .net *"_ivl_32", 0 0, L_0x1a13f90;  1 drivers
L_0x7f106a89b338 .functor BUFT 1, C4<0111>, C4<0>, C4<0>, C4<0>;
v0x1969110_0 .net/2u *"_ivl_34", 3 0, L_0x7f106a89b338;  1 drivers
v0x1968b60_0 .net *"_ivl_36", 0 0, L_0x1a140a0;  1 drivers
v0x1968c20_0 .net *"_ivl_38", 0 0, L_0x1a14190;  1 drivers
L_0x7f106a89b1d0 .functor BUFT 1, C4<1100>, C4<0>, C4<0>, C4<0>;
v0x1968660_0 .net/2u *"_ivl_4", 3 0, L_0x7f106a89b1d0;  1 drivers
v0x1968740_0 .net *"_ivl_41", 1 0, L_0x1a142a0;  1 drivers
v0x1967e20_0 .net *"_ivl_43", 0 0, L_0x1a14390;  1 drivers
v0x1967570_0 .net *"_ivl_44", 0 0, L_0x1a14480;  1 drivers
L_0x7f106a89b380 .functor BUFT 1, C4<1101>, C4<0>, C4<0>, C4<0>;
v0x1967650_0 .net/2u *"_ivl_48", 3 0, L_0x7f106a89b380;  1 drivers
v0x19670d0_0 .net *"_ivl_50", 0 0, L_0x1a146f0;  1 drivers
L_0x7f106a89b3c8 .functor BUFT 1, C4<1100>, C4<0>, C4<0>, C4<0>;
v0x1967190_0 .net/2u *"_ivl_54", 3 0, L_0x7f106a89b3c8;  1 drivers
v0x1966890_0 .net *"_ivl_56", 0 0, L_0x1a14950;  1 drivers
v0x1966950_0 .net *"_ivl_6", 0 0, L_0x1a05880;  1 drivers
L_0x7f106a89b410 .functor BUFT 1, C4<1011>, C4<0>, C4<0>, C4<0>;
v0x1961ed0_0 .net/2u *"_ivl_60", 3 0, L_0x7f106a89b410;  1 drivers
v0x1961fb0_0 .net *"_ivl_62", 0 0, L_0x1a14ab0;  1 drivers
v0x1964e10_0 .net *"_ivl_68", 0 0, L_0x1a14de0;  1 drivers
v0x1964ef0_0 .net *"_ivl_70", 0 0, L_0x1a14f60;  1 drivers
L_0x7f106a89b458 .functor BUFT 1, C4<0>, C4<0>, C4<0>, C4<0>;
v0x1961a70_0 .net/2u *"_ivl_72", 0 0, L_0x7f106a89b458;  1 drivers
v0x1961b50_0 .net *"_ivl_75", 0 0, L_0x1a150e0;  1 drivers
L_0x7f106a89b218 .functor BUFT 1, C4<0100>, C4<0>, C4<0>, C4<0>;
v0x19638c0_0 .net/2u *"_ivl_8", 3 0, L_0x7f106a89b218;  1 drivers
L_0x7f106a89b4a0 .functor BUFT 1, C4<0001>, C4<0>, C4<0>, C4<0>;
v0x19639a0_0 .net/2u *"_ivl_80", 3 0, L_0x7f106a89b4a0;  1 drivers
L_0x7f106a89b4e8 .functor BUFT 1, C4<0000>, C4<0>, C4<0>, C4<0>;
v0x1963440_0 .net/2u *"_ivl_82", 3 0, L_0x7f106a89b4e8;  1 drivers
v0x1914a30_0 .net "addrbase", 31 0, v0x191ee40_0;  alias, 1 drivers
v0x19634e0_0 .net "addrofs", 31 0, v0x18ae480_0;  alias, 1 drivers
v0x1967d10_0 .net "dcpu_ack_i", 0 0, L_0x1a23d10;  alias, 1 drivers
v0x19617e0_0 .net "dcpu_adr_o", 31 0, L_0x1a14d40;  alias, 1 drivers
v0x19618b0_0 .net "dcpu_cycstb_o", 0 0, L_0x1a15200;  alias, 1 drivers
v0x1984370_0 .net "dcpu_dat_i", 31 0, L_0x1a23c10;  alias, 1 drivers
v0x1984440_0 .net "dcpu_dat_o", 31 0, L_0x1a15730;  alias, 1 drivers
v0x19760e0_0 .net "dcpu_err_i", 0 0, L_0x1997630;  alias, 1 drivers
v0x19761b0_0 .net "dcpu_rty_i", 0 0, L_0x1a23df0;  alias, 1 drivers
v0x1974950_0 .var "dcpu_sel_o", 3 0;
v0x1974a10_0 .net "dcpu_tag_i", 3 0, L_0x1a1d970;  alias, 1 drivers
v0x19731f0_0 .net "dcpu_tag_o", 3 0, L_0x1a15470;  alias, 1 drivers
v0x19732d0_0 .net "dcpu_we_o", 0 0, L_0x1a15340;  alias, 1 drivers
v0x1971070_0 .net "du_stall", 0 0, L_0x1a25470;  alias, 1 drivers
v0x1971140_0 .net "except_align", 0 0, L_0x1a145e0;  alias, 1 drivers
v0x196efa0_0 .net "except_dbuserr", 0 0, L_0x1a14c10;  alias, 1 drivers
v0x196f070_0 .net "except_dmmufault", 0 0, L_0x1a149f0;  alias, 1 drivers
v0x196e9f0_0 .net "except_dtlbmiss", 0 0, L_0x1a14880;  alias, 1 drivers
v0x196eac0_0 .net "lsu_datain", 31 0, v0x191ef00_0;  alias, 1 drivers
v0x196db70_0 .net "lsu_dataout", 31 0, v0x1841670_0;  alias, 1 drivers
v0x196dc10_0 .net "lsu_op", 3 0, v0x18a9c80_0;  alias, 1 drivers
v0x196d690_0 .net "lsu_stall", 0 0, L_0x1a12ee0;  alias, 1 drivers
v0x196d760_0 .net "lsu_unstall", 0 0, L_0x1a121e0;  alias, 1 drivers
v0x196bb00_0 .net "mem2reg_addr", 1 0, L_0x1a155f0;  1 drivers
E_0x19201b0 .event anyedge, v0x1869f30_0, v0x18a9c80_0;
L_0x1a05880 .cmp/eq 4, v0x18a9c80_0, L_0x7f106a89b1d0;
L_0x1a082f0 .cmp/eq 4, v0x18a9c80_0, L_0x7f106a89b218;
L_0x1a083e0 .cmp/eq 4, v0x18a9c80_0, L_0x7f106a89b260;
L_0x1a13b40 .part L_0x1a14d40, 0, 1;
L_0x1a13cf0 .cmp/eq 4, v0x18a9c80_0, L_0x7f106a89b2a8;
L_0x1a13ea0 .cmp/eq 4, v0x18a9c80_0, L_0x7f106a89b2f0;
L_0x1a140a0 .cmp/eq 4, v0x18a9c80_0, L_0x7f106a89b338;
L_0x1a142a0 .part L_0x1a14d40, 0, 2;
L_0x1a14390 .reduce/or L_0x1a142a0;
L_0x1a146f0 .cmp/eq 4, L_0x1a1d970, L_0x7f106a89b380;
L_0x1a14950 .cmp/eq 4, L_0x1a1d970, L_0x7f106a89b3c8;
L_0x1a14ab0 .cmp/eq 4, L_0x1a1d970, L_0x7f106a89b410;
L_0x1a14d40 .arith/sum 32, v0x191ee40_0, v0x18ae480_0;
L_0x1a150e0 .reduce/or v0x18a9c80_0;
L_0x1a15200 .functor MUXZ 1, L_0x1a150e0, L_0x7f106a89b458, L_0x1a14f60, C4<>;
L_0x1a15340 .part v0x18a9c80_0, 3, 1;
L_0x1a15470 .functor MUXZ 4, L_0x7f106a89b4e8, L_0x7f106a89b4a0, L_0x1a15200, C4<>;
L_0x1a155f0 .part L_0x1a14d40, 0, 2;
S_0x1843c80 .scope module, "or1200_mem2reg" "or1200_mem2reg" 14 101, 15 5 0, S_0x1845480;
 .timescale -12 -12;
    .port_info 0 /INPUT 2 "addr";
    .port_info 1 /INPUT 4 "lsu_op";
    .port_info 2 /INPUT 32 "memdata";
    .port_info 3 /OUTPUT 32 "regdata";
P_0x1833d80 .param/l "width" 0 15 7, +C4<00000000000000000000000000100000>;
v0x198b580_0 .net "addr", 1 0, L_0x1a155f0;  alias, 1 drivers
v0x1844940_0 .var "aligned", 31 0;
v0x1841b50_0 .net "lsu_op", 3 0, v0x18a9c80_0;  alias, 1 drivers
v0x1841c50_0 .net "memdata", 31 0, L_0x1a23c10;  alias, 1 drivers
v0x1841670_0 .var "regdata", 31 0;
E_0x17c9ba0 .event anyedge, v0x1844940_0, v0x18a9c80_0;
E_0x1606a70 .event anyedge, v0x1841c50_0, v0x198b580_0;
S_0x1840660 .scope module, "or1200_reg2mem" "or1200_reg2mem" 14 111, 16 5 0, S_0x1845480;
 .timescale -12 -12;
    .port_info 0 /INPUT 2 "addr";
    .port_info 1 /INPUT 4 "lsu_op";
    .port_info 2 /INPUT 32 "regdata";
    .port_info 3 /OUTPUT 32 "memdata";
P_0x1607150 .param/l "width" 0 16 7, +C4<00000000000000000000000000100000>;
v0x198e150_0 .net "addr", 1 0, L_0x1a155f0;  alias, 1 drivers
v0x198e260_0 .net "lsu_op", 3 0, v0x18a9c80_0;  alias, 1 drivers
v0x1997a50_0 .net "memdata", 31 0, L_0x1a15730;  alias, 1 drivers
v0x1997b10_0 .var "memdata_hh", 7 0;
v0x198dd90_0 .var "memdata_hl", 7 0;
v0x1995180_0 .var "memdata_lh", 7 0;
v0x1995260_0 .var "memdata_ll", 7 0;
v0x198d9d0_0 .net "regdata", 31 0, v0x191ef00_0;  alias, 1 drivers
E_0x160a360 .event anyedge, v0x1994920_0;
E_0x160a3a0 .event anyedge, v0x1994920_0, v0x198b580_0, v0x18a9c80_0;
L_0x1a15730 .concat [ 8 8 8 8], v0x1995260_0, v0x1995180_0, v0x198dd90_0, v0x1997b10_0;
S_0x1977fe0 .scope module, "or1200_mult_mac" "or1200_mult_mac" 6 444, 17 5 0, S_0x1833f90;
 .timescale -12 -12;
    .port_info 0 /INPUT 1 "clk";
    .port_info 1 /INPUT 1 "rst";
    .port_info 2 /INPUT 1 "ex_freeze";
    .port_info 3 /INPUT 1 "id_macrc_op";
    .port_info 4 /INPUT 1 "macrc_op";
    .port_info 5 /INPUT 32 "a";
    .port_info 6 /INPUT 32 "b";
    .port_info 7 /INPUT 2 "mac_op";
    .port_info 8 /INPUT 4 "alu_op";
    .port_info 9 /OUTPUT 32 "result";
    .port_info 10 /OUTPUT 1 "mac_stall_r";
    .port_info 11 /INPUT 1 "spr_cs";
    .port_info 12 /INPUT 1 "spr_write";
    .port_info 13 /INPUT 32 "spr_addr";
    .port_info 14 /INPUT 32 "spr_dat_i";
    .port_info 15 /OUTPUT 32 "spr_dat_o";
P_0x1993250 .param/l "width" 0 17 16, +C4<00000000000000000000000000100000>;
L_0x1a0a7e0 .functor AND 1, L_0x1a0a500, L_0x19dd030, C4<1>, C4<1>;
L_0x1a0a8f0 .functor AND 1, L_0x1a0a7e0, L_0x1a0a850, C4<1>, C4<1>;
L_0x1a0aa00 .functor AND 1, L_0x1a0a500, L_0x19dd030, C4<1>, C4<1>;
L_0x19e0470 .functor AND 1, L_0x1a0aa00, L_0x19e03d0, C4<1>, C4<1>;
L_0x7f106a89abe8 .functor BUFT 1, C4<0>, C4<0>, C4<0>, C4<0>;
L_0x1a0b300 .functor AND 1, L_0x7f106a89abe8, L_0x1a0b210, C4<1>, C4<1>;
L_0x1a0b3c0 .functor NOT 32, v0x191ee40_0, C4<00000000000000000000000000000000>, C4<00000000000000000000000000000000>, C4<00000000000000000000000000000000>;
L_0x1a0b4d0 .functor AND 1, L_0x7f106a89abe8, L_0x1a0b720, C4<1>, C4<1>;
L_0x1a0b860 .functor NOT 32, v0x191ef00_0, C4<00000000000000000000000000000000>, C4<00000000000000000000000000000000>, C4<00000000000000000000000000000000>;
v0x18fac40_0 .net *"_ivl_0", 0 0, L_0x1a0a7e0;  1 drivers
v0x18fad40_0 .net *"_ivl_11", 0 0, L_0x19e03d0;  1 drivers
v0x18fa5f0_0 .net *"_ivl_15", 0 0, L_0x1a0ae50;  1 drivers
v0x18fa6b0_0 .net *"_ivl_17", 31 0, L_0x1a0aef0;  1 drivers
v0x18f69a0_0 .net *"_ivl_19", 31 0, L_0x1a0af90;  1 drivers
v0x18f6a80_0 .net *"_ivl_23", 0 0, L_0x1a0b210;  1 drivers
v0x18f6080_0 .net *"_ivl_24", 0 0, L_0x1a0b300;  1 drivers
v0x18f6140_0 .net *"_ivl_26", 31 0, L_0x1a0b3c0;  1 drivers
L_0x7f106a89ab58 .functor BUFT 1, C4<00000000000000000000000000000001>, C4<0>, C4<0>, C4<0>;
v0x18f5870_0 .net/2u *"_ivl_28", 31 0, L_0x7f106a89ab58;  1 drivers
v0x18f5950_0 .net *"_ivl_3", 0 0, L_0x1a0a850;  1 drivers
v0x18f4f90_0 .net *"_ivl_30", 31 0, L_0x1a0b430;  1 drivers
v0x18f5070_0 .net *"_ivl_35", 0 0, L_0x1a0b720;  1 drivers
v0x18f46b0_0 .net *"_ivl_36", 0 0, L_0x1a0b4d0;  1 drivers
v0x18f4790_0 .net *"_ivl_38", 31 0, L_0x1a0b860;  1 drivers
L_0x7f106a89aba0 .functor BUFT 1, C4<00000000000000000000000000000001>, C4<0>, C4<0>, C4<0>;
v0x18f3dd0_0 .net/2u *"_ivl_40", 31 0, L_0x7f106a89aba0;  1 drivers
v0x18f3e90_0 .net *"_ivl_42", 31 0, L_0x1a0b920;  1 drivers
v0x18f34f0_0 .net *"_ivl_6", 0 0, L_0x1a0aa00;  1 drivers
v0x18f2c10_0 .net *"_ivl_9", 0 0, L_0x1a0ab00;  1 drivers
v0x18f2cf0_0 .net "a", 31 0, v0x191ee40_0;  alias, 1 drivers
v0x18f2330_0 .net "alu_op", 3 0, v0x181a8b0_0;  alias, 1 drivers
v0x18f2440_0 .net "alu_op_div", 0 0, L_0x7f106a89abe8;  1 drivers
L_0x7f106a89ac30 .functor BUFT 1, C4<0>, C4<0>, C4<0>, C4<0>;
v0x18f1a50_0 .net "alu_op_div_divu", 0 0, L_0x7f106a89ac30;  1 drivers
v0x18f1af0_0 .net "b", 31 0, v0x191ef00_0;  alias, 1 drivers
v0x18efc90_0 .net "clk", 0 0, v0x19f0750_0;  alias, 1 drivers
v0x18a7f70_0 .var "div_free", 0 0;
v0x18a8030_0 .net "ex_freeze", 0 0, L_0x1a16030;  alias, 1 drivers
v0x18a7370_0 .net "id_macrc_op", 0 0, L_0x1486b30;  alias, 1 drivers
v0x18a7410_0 .net "mac_op", 1 0, v0x18ac7c0_0;  alias, 1 drivers
v0x18a01e0_0 .var "mac_op_r1", 1 0;
v0x18a02a0_0 .var "mac_op_r2", 1 0;
v0x18a3e10_0 .var "mac_op_r3", 1 0;
v0x18a3ef0_0 .var "mac_r", 63 0;
v0x18c8d00_0 .var "mac_stall_r", 0 0;
v0x18c8da0_0 .net "macrc_op", 0 0, v0x185d6d0_0;  alias, 1 drivers
v0x18f3590_0 .net "mul_prod", 63 0, L_0x19c74e0;  1 drivers
v0x18caf30_0 .var "mul_prod_r", 63 0;
v0x18caff0_0 .var "result", 31 0;
v0x18cf090_0 .net "rst", 0 0, v0x19f27d0_0;  alias, 1 drivers
v0x1910120_0 .net "spr_addr", 31 0, L_0x1a0c2f0;  alias, 1 drivers
v0x19101c0_0 .net "spr_cs", 0 0, L_0x1a0a500;  alias, 1 drivers
v0x190d270_0 .net "spr_dat_i", 31 0, L_0x1a0c4c0;  alias, 1 drivers
v0x190d360_0 .net "spr_dat_o", 31 0, L_0x1a0b080;  alias, 1 drivers
v0x190c680_0 .net "spr_machi_we", 0 0, L_0x19e0470;  1 drivers
v0x190c740_0 .net "spr_maclo_we", 0 0, L_0x1a0a8f0;  1 drivers
v0x190ba50_0 .net "spr_write", 0 0, L_0x19dd030;  alias, 1 drivers
v0x190bb10_0 .net "x", 31 0, L_0x1a0b5e0;  1 drivers
v0x190ae20_0 .net "y", 31 0, L_0x1a0bad0;  1 drivers
E_0x16098c0/0 .event anyedge, v0x1994920_0, v0x1993fc0_0, v0x18a3ef0_0, v0x18caf30_0;
E_0x16098c0/1 .event anyedge, v0x1994470_0;
E_0x16098c0 .event/or E_0x16098c0/0, E_0x16098c0/1;
L_0x1a0a850 .part L_0x1a0c2f0, 0, 1;
L_0x1a0ab00 .part L_0x1a0c2f0, 0, 1;
L_0x19e03d0 .reduce/nor L_0x1a0ab00;
L_0x1a0ae50 .part L_0x1a0c2f0, 0, 1;
L_0x1a0aef0 .part v0x18a3ef0_0, 0, 32;
L_0x1a0af90 .part v0x18a3ef0_0, 32, 32;
L_0x1a0b080 .functor MUXZ 32, L_0x1a0af90, L_0x1a0aef0, L_0x1a0ae50, C4<>;
L_0x1a0b210 .part v0x191ee40_0, 31, 1;
L_0x1a0b430 .arith/sum 32, L_0x1a0b3c0, L_0x7f106a89ab58;
L_0x1a0b5e0 .functor MUXZ 32, v0x191ee40_0, L_0x1a0b430, L_0x1a0b300, C4<>;
L_0x1a0b720 .part v0x191ef00_0, 31, 1;
L_0x1a0b920 .arith/sum 32, L_0x1a0b860, L_0x7f106a89aba0;
L_0x1a0bad0 .functor MUXZ 32, v0x191ef00_0, L_0x1a0b920, L_0x1a0b4d0, C4<>;
S_0x1852fc0 .scope module, "or1200_gmultp2_32x32" "or1200_gmultp2_32x32" 17 151, 18 14 0, S_0x1977fe0;
 .timescale -12 -12;
    .port_info 0 /INPUT 32 "X";
    .port_info 1 /INPUT 32 "Y";
    .port_info 2 /INPUT 1 "CLK";
    .port_info 3 /INPUT 1 "RST";
    .port_info 4 /OUTPUT 64 "P";
L_0x19c74e0 .functor BUFZ 64, v0x1851b50_0, C4<0000000000000000000000000000000000000000000000000000000000000000>, C4<0000000000000000000000000000000000000000000000000000000000000000>, C4<0000000000000000000000000000000000000000000000000000000000000000>;
v0x1902ff0_0 .net "CLK", 0 0, v0x19f0750_0;  alias, 1 drivers
v0x19185a0_0 .net "P", 63 0, L_0x19c74e0;  alias, 1 drivers
v0x1918680_0 .net "RST", 0 0, v0x19f27d0_0;  alias, 1 drivers
v0x1853a00_0 .net "X", 31 0, L_0x1a0b5e0;  alias, 1 drivers
v0x1853ac0_0 .net "Y", 31 0, L_0x1a0bad0;  alias, 1 drivers
v0x1851a70_0 .var "p0", 63 0;
v0x1851b50_0 .var "p1", 63 0;
v0x18fb160_0 .var/i "xi", 31 0;
v0x18fb220_0 .var/i "yi", 31 0;
E_0x1608b50 .event posedge, v0x173f060_0;
E_0x1609040 .event anyedge, v0x1853ac0_0;
E_0x1608e90 .event anyedge, v0x1853a00_0;
S_0x1861700 .scope module, "or1200_operandmuxes" "or1200_operandmuxes" 6 399, 19 5 0, S_0x1833f90;
 .timescale -12 -12;
    .port_info 0 /INPUT 1 "clk";
    .port_info 1 /INPUT 1 "rst";
    .port_info 2 /INPUT 1 "id_freeze";
    .port_info 3 /INPUT 1 "ex_freeze";
    .port_info 4 /INPUT 32 "rf_dataa";
    .port_info 5 /INPUT 32 "rf_datab";
    .port_info 6 /INPUT 32 "ex_forw";
    .port_info 7 /INPUT 32 "wb_forw";
    .port_info 8 /INPUT 32 "simm";
    .port_info 9 /INPUT 2 "sel_a";
    .port_info 10 /INPUT 2 "sel_b";
    .port_info 11 /OUTPUT 32 "operand_a";
    .port_info 12 /OUTPUT 32 "operand_b";
    .port_info 13 /OUTPUT 32 "muxed_b";
P_0x1608680 .param/l "width" 0 19 14, +C4<00000000000000000000000000100000>;
v0x1861290_0 .net "clk", 0 0, v0x19f0750_0;  alias, 1 drivers
v0x1861330_0 .net "ex_forw", 31 0, v0x151e320_0;  alias, 1 drivers
v0x1860030_0 .net "ex_freeze", 0 0, L_0x1a16030;  alias, 1 drivers
v0x18600d0_0 .net "id_freeze", 0 0, L_0x1a15f70;  alias, 1 drivers
v0x18558c0_0 .var "muxed_a", 31 0;
v0x1855980_0 .var "muxed_b", 31 0;
v0x191ee40_0 .var "operand_a", 31 0;
v0x191ef00_0 .var "operand_b", 31 0;
v0x191d390_0 .net "rf_dataa", 31 0, L_0x1a08b70;  alias, 1 drivers
v0x191d470_0 .net "rf_datab", 31 0, L_0x1a08d50;  alias, 1 drivers
v0x191ceb0_0 .net "rst", 0 0, v0x19f27d0_0;  alias, 1 drivers
v0x191cf50_0 .var "saved_a", 0 0;
v0x19297a0_0 .var "saved_b", 0 0;
v0x1929860_0 .net "sel_a", 1 0, v0x1999f50_0;  alias, 1 drivers
v0x19220a0_0 .net "sel_b", 1 0, v0x184edf0_0;  alias, 1 drivers
v0x1922160_0 .net "simm", 31 0, L_0x1a07ab0;  alias, 1 drivers
v0x19286b0_0 .net "wb_forw", 31 0, v0x151e430_0;  alias, 1 drivers
E_0x16081e0/0 .event anyedge, v0x184edf0_0, v0x191d470_0, v0x19286b0_0, v0x1861330_0;
E_0x16081e0/1 .event anyedge, v0x19a8730_0;
E_0x16081e0 .event/or E_0x16081e0/0, E_0x16081e0/1;
E_0x1608220 .event anyedge, v0x1999f50_0, v0x191d390_0, v0x19286b0_0, v0x1861330_0;
S_0x1921d60 .scope module, "or1200_rf" "or1200_rf" 6 373, 20 5 0, S_0x1833f90;
 .timescale -12 -12;
    .port_info 0 /INPUT 1 "clk";
    .port_info 1 /INPUT 1 "rst";
    .port_info 2 /INPUT 1 "supv";
    .port_info 3 /INPUT 1 "wb_freeze";
    .port_info 4 /INPUT 5 "addrw";
    .port_info 5 /INPUT 32 "dataw";
    .port_info 6 /INPUT 1 "we";
    .port_info 7 /INPUT 1 "flushpipe";
    .port_info 8 /INPUT 1 "id_freeze";
    .port_info 9 /INPUT 5 "addra";
    .port_info 10 /INPUT 5 "addrb";
    .port_info 11 /OUTPUT 32 "dataa";
    .port_info 12 /OUTPUT 32 "datab";
    .port_info 13 /INPUT 1 "rda";
    .port_info 14 /INPUT 1 "rdb";
    .port_info 15 /INPUT 1 "spr_cs";
    .port_info 16 /INPUT 1 "spr_write";
    .port_info 17 /INPUT 32 "spr_addr";
    .port_info 18 /INPUT 32 "spr_dat_i";
    .port_info 19 /OUTPUT 32 "spr_dat_o";
P_0x183dfe0 .param/l "aw" 0 20 20, +C4<00000000000000000000000000000101>;
P_0x183e020 .param/l "dw" 0 20 19, +C4<00000000000000000000000000100000>;
L_0x1484c10 .functor AND 1, L_0x1a08850, L_0x1a08990, C4<1>, C4<1>;
L_0x1482030 .functor BUFZ 32, v0x1922e50_0, C4<00000000000000000000000000000000>, C4<00000000000000000000000000000000>, C4<00000000000000000000000000000000>;
L_0x19444c0 .functor AND 1, L_0x1484c10, L_0x1a08df0, C4<1>, C4<1>;
L_0x18d3310 .functor AND 1, L_0x1484c10, L_0x19dd030, C4<1>, C4<1>;
L_0x1833010 .functor AND 1, L_0x1484c10, L_0x19dd030, C4<1>, C4<1>;
L_0x18325a0 .functor AND 1, L_0x1484c10, L_0x19dd030, C4<1>, C4<1>;
L_0x19b5460 .functor NOT 1, L_0x1a166e0, C4<0>, C4<0>, C4<0>;
L_0x1605d50 .functor AND 1, L_0x1a087b0, L_0x19b5460, C4<1>, C4<1>;
L_0x17e5950 .functor OR 1, L_0x18325a0, L_0x1605d50, C4<0>, C4<0>;
L_0x17e4e70 .functor AND 1, L_0x17e5950, v0x19b7320_0, C4<1>, C4<1>;
L_0x17e4730 .functor OR 1, L_0x1a08710, L_0x1a09320, C4<0>, C4<0>;
L_0x17e1f30 .functor AND 1, L_0x17e4e70, L_0x17e4730, C4<1>, C4<1>;
L_0x17e0d40 .functor NOT 1, L_0x1a15f70, C4<0>, C4<0>, C4<0>;
L_0x17e09a0 .functor AND 1, L_0x1a06d30, L_0x17e0d40, C4<1>, C4<1>;
L_0x17e0600 .functor OR 1, L_0x17e09a0, L_0x1484c10, C4<0>, C4<0>;
L_0x17c9800 .functor NOT 1, L_0x1a15f70, C4<0>, C4<0>, C4<0>;
L_0x17c92b0 .functor AND 1, L_0x1a06dd0, L_0x17c9800, C4<1>, C4<1>;
L_0x173ef00 .functor OR 1, L_0x17c92b0, L_0x1484c10, C4<0>, C4<0>;
v0x1873410_0 .net *"_ivl_1", 5 0, L_0x1a088f0;  1 drivers
v0x1873510_0 .net *"_ivl_11", 0 0, L_0x1a08a30;  1 drivers
v0x186e390_0 .net *"_ivl_13", 31 0, L_0x1a08ad0;  1 drivers
v0x186e480_0 .net *"_ivl_17", 0 0, L_0x1a08c10;  1 drivers
v0x186ce80_0 .net *"_ivl_19", 31 0, L_0x1a08cb0;  1 drivers
L_0x7f106a89a9a8 .functor BUFT 1, C4<100000>, C4<0>, C4<0>, C4<0>;
v0x186cf60_0 .net/2u *"_ivl_2", 5 0, L_0x7f106a89a9a8;  1 drivers
v0x186b940_0 .net *"_ivl_23", 0 0, L_0x1a08df0;  1 drivers
v0x186ba00_0 .net *"_ivl_24", 0 0, L_0x19444c0;  1 drivers
v0x18b2850_0 .net *"_ivl_27", 4 0, L_0x1a08e90;  1 drivers
v0x18b2930_0 .net *"_ivl_30", 0 0, L_0x18d3310;  1 drivers
v0x18b8610_0 .net *"_ivl_33", 4 0, L_0x1a08fd0;  1 drivers
v0x18b86d0_0 .net *"_ivl_36", 0 0, L_0x1833010;  1 drivers
v0x18b5c50_0 .net *"_ivl_4", 0 0, L_0x1a08990;  1 drivers
v0x18b5d10_0 .net *"_ivl_40", 0 0, L_0x18325a0;  1 drivers
v0x18b3ec0_0 .net *"_ivl_42", 0 0, L_0x19b5460;  1 drivers
v0x18b3fa0_0 .net *"_ivl_44", 0 0, L_0x1605d50;  1 drivers
v0x1819700_0 .net *"_ivl_46", 0 0, L_0x17e5950;  1 drivers
v0x1817f50_0 .net *"_ivl_48", 0 0, L_0x17e4e70;  1 drivers
v0x1818010_0 .net *"_ivl_51", 0 0, L_0x1a09320;  1 drivers
v0x1817b40_0 .net *"_ivl_52", 0 0, L_0x17e4730;  1 drivers
v0x1817c20_0 .net *"_ivl_56", 0 0, L_0x17e0d40;  1 drivers
v0x1817340_0 .net *"_ivl_58", 0 0, L_0x17e09a0;  1 drivers
v0x1817420_0 .net *"_ivl_62", 0 0, L_0x17c9800;  1 drivers
v0x1815f00_0 .net *"_ivl_64", 0 0, L_0x17c92b0;  1 drivers
v0x1815fe0_0 .net "addra", 4 0, L_0x1a06bf0;  alias, 1 drivers
v0x1815a20_0 .net "addrb", 4 0, L_0x1a06c90;  alias, 1 drivers
v0x1815ac0_0 .net "addrw", 4 0, v0x199ff00_0;  alias, 1 drivers
v0x1828420_0 .net "clk", 0 0, v0x19f0750_0;  alias, 1 drivers
v0x18284c0_0 .net "dataa", 31 0, L_0x1a08b70;  alias, 1 drivers
v0x1824ac0_0 .var "dataa_saved", 32 0;
v0x1824b80_0 .net "datab", 31 0, L_0x1a08d50;  alias, 1 drivers
v0x1824260_0 .var "datab_saved", 32 0;
v0x1824340_0 .net "dataw", 31 0, v0x151e320_0;  alias, 1 drivers
v0x18197a0_0 .net "flushpipe", 0 0, L_0x1a1c7d0;  alias, 1 drivers
v0x18118c0_0 .net "from_rfa", 31 0, v0x1922e50_0;  1 drivers
v0x1811990_0 .net "from_rfb", 31 0, v0x18750b0_0;  1 drivers
v0x18525a0_0 .net "id_freeze", 0 0, L_0x1a15f70;  alias, 1 drivers
v0x1852640_0 .net "rda", 0 0, L_0x1a06d30;  alias, 1 drivers
v0x184f430_0 .net "rdb", 0 0, L_0x1a06dd0;  alias, 1 drivers
v0x184f4d0_0 .net "rf_addra", 4 0, L_0x1a08f30;  1 drivers
v0x1857170_0 .net "rf_addrw", 4 0, L_0x1a09070;  1 drivers
v0x1857240_0 .net "rf_dataw", 31 0, L_0x19def10;  1 drivers
v0x19af5d0_0 .net "rf_ena", 0 0, L_0x17e0600;  1 drivers
v0x19af670_0 .net "rf_enb", 0 0, L_0x173ef00;  1 drivers
v0x19b7280_0 .net "rf_we", 0 0, L_0x17e1f30;  1 drivers
v0x19b7320_0 .var "rf_we_allow", 0 0;
v0x19b73c0_0 .net "rst", 0 0, v0x19f27d0_0;  alias, 1 drivers
v0x18307f0_0 .net "spr_addr", 31 0, L_0x1a0c2f0;  alias, 1 drivers
v0x1830890_0 .net "spr_cs", 0 0, L_0x1a08850;  alias, 1 drivers
v0x1830930_0 .net "spr_dat_i", 31 0, L_0x1a0c4c0;  alias, 1 drivers
v0x1960340_0 .net "spr_dat_o", 31 0, L_0x1482030;  alias, 1 drivers
v0x1960420_0 .net "spr_valid", 0 0, L_0x1484c10;  1 drivers
v0x1852aa0_0 .net "spr_write", 0 0, L_0x19dd030;  alias, 1 drivers
v0x1852b40_0 .net "supv", 0 0, L_0x1a08710;  alias, 1 drivers
v0x1852be0_0 .net "wb_freeze", 0 0, L_0x1a166e0;  alias, 1 drivers
v0x18534e0_0 .net "we", 0 0, L_0x1a087b0;  alias, 1 drivers
L_0x1a088f0 .part L_0x1a0c2f0, 5, 6;
L_0x1a08990 .cmp/eq 6, L_0x1a088f0, L_0x7f106a89a9a8;
L_0x1a08a30 .part v0x1824ac0_0, 32, 1;
L_0x1a08ad0 .part v0x1824ac0_0, 0, 32;
L_0x1a08b70 .functor MUXZ 32, v0x1922e50_0, L_0x1a08ad0, L_0x1a08a30, C4<>;
L_0x1a08c10 .part v0x1824260_0, 32, 1;
L_0x1a08cb0 .part v0x1824260_0, 0, 32;
L_0x1a08d50 .functor MUXZ 32, v0x18750b0_0, L_0x1a08cb0, L_0x1a08c10, C4<>;
L_0x1a08df0 .reduce/nor L_0x19dd030;
L_0x1a08e90 .part L_0x1a0c2f0, 0, 5;
L_0x1a08f30 .functor MUXZ 5, L_0x1a06bf0, L_0x1a08e90, L_0x19444c0, C4<>;
L_0x1a08fd0 .part L_0x1a0c2f0, 0, 5;
L_0x1a09070 .functor MUXZ 5, v0x199ff00_0, L_0x1a08fd0, L_0x18d3310, C4<>;
L_0x19def10 .functor MUXZ 32, v0x151e320_0, L_0x1a0c4c0, L_0x1833010, C4<>;
L_0x1a09320 .reduce/or L_0x1a09070;
S_0x1535d60 .scope module, "rf_a" "or1200_rfram_generic" 20 272, 21 3 0, S_0x1921d60;
 .timescale -12 -12;
    .port_info 0 /INPUT 1 "clk";
    .port_info 1 /INPUT 1 "rst";
    .port_info 2 /INPUT 1 "ce_a";
    .port_info 3 /INPUT 5 "addr_a";
    .port_info 4 /OUTPUT 32 "do_a";
    .port_info 5 /INPUT 1 "ce_b";
    .port_info 6 /INPUT 5 "addr_b";
    .port_info 7 /OUTPUT 32 "do_b";
    .port_info 8 /INPUT 1 "ce_w";
    .port_info 9 /INPUT 1 "we_w";
    .port_info 10 /INPUT 5 "addr_w";
    .port_info 11 /INPUT 32 "di_w";
v0x1925fe0_0 .net "addr_a", 4 0, L_0x1a08f30;  alias, 1 drivers
v0x1940250_0 .net "addr_b", 4 0, L_0x1a06c90;  alias, 1 drivers
v0x1940340_0 .net "addr_w", 4 0, L_0x1a09070;  alias, 1 drivers
v0x193f8f0_0 .net "ce_a", 0 0, L_0x17e0600;  alias, 1 drivers
v0x193f990_0 .net "ce_b", 0 0, L_0x173ef00;  alias, 1 drivers
v0x1935fb0_0 .net "ce_w", 0 0, L_0x17e1f30;  alias, 1 drivers
v0x1936070_0 .net "clk", 0 0, v0x19f0750_0;  alias, 1 drivers
v0x1922d70_0 .net "di_w", 31 0, L_0x19def10;  alias, 1 drivers
v0x1922e50_0 .var "do_a", 31 0;
v0x18750b0_0 .var "do_b", 31 0;
v0x1875190_0 .var/i "i", 31 0;
v0x1873de0 .array "mem", 31 0, 31 0;
v0x1873ea0_0 .net "rst", 0 0, v0x19f27d0_0;  alias, 1 drivers
v0x1873990_0 .net "we_w", 0 0, L_0x17e1f30;  alias, 1 drivers
S_0x18d74b0 .scope module, "or1200_sprs" "or1200_sprs" 6 466, 22 5 0, S_0x1833f90;
 .timescale -12 -12;
    .port_info 0 /INPUT 1 "clk";
    .port_info 1 /INPUT 1 "rst";
    .port_info 2 /INPUT 1 "flagforw";
    .port_info 3 /INPUT 1 "flag_we";
    .port_info 4 /OUTPUT 1 "flag";
    .port_info 5 /INPUT 1 "cyforw";
    .port_info 6 /INPUT 1 "cy_we";
    .port_info 7 /OUTPUT 1 "carry";
    .port_info 8 /INPUT 32 "addrbase";
    .port_info 9 /INPUT 16 "addrofs";
    .port_info 10 /INPUT 32 "dat_i";
    .port_info 11 /INPUT 4 "alu_op";
    .port_info 12 /INPUT 3 "branch_op";
    .port_info 13 /INPUT 32 "epcr";
    .port_info 14 /INPUT 32 "eear";
    .port_info 15 /INPUT 16 "esr";
    .port_info 16 /INPUT 1 "except_started";
    .port_info 17 /OUTPUT 32 "to_wbmux";
    .port_info 18 /OUTPUT 1 "epcr_we";
    .port_info 19 /OUTPUT 1 "eear_we";
    .port_info 20 /OUTPUT 1 "esr_we";
    .port_info 21 /OUTPUT 1 "pc_we";
    .port_info 22 /OUTPUT 1 "sr_we";
    .port_info 23 /OUTPUT 16 "to_sr";
    .port_info 24 /OUTPUT 16 "sr";
    .port_info 25 /INPUT 32 "spr_dat_cfgr";
    .port_info 26 /INPUT 32 "spr_dat_rf";
    .port_info 27 /INPUT 32 "spr_dat_npc";
    .port_info 28 /INPUT 32 "spr_dat_ppc";
    .port_info 29 /INPUT 32 "spr_dat_mac";
    .port_info 30 /INPUT 32 "spr_dat_pic";
    .port_info 31 /INPUT 32 "spr_dat_tt";
    .port_info 32 /INPUT 32 "spr_dat_pm";
    .port_info 33 /INPUT 32 "spr_dat_dmmu";
    .port_info 34 /INPUT 32 "spr_dat_immu";
    .port_info 35 /INPUT 32 "spr_dat_du";
    .port_info 36 /OUTPUT 32 "spr_addr";
    .port_info 37 /OUTPUT 32 "spr_dat_o";
    .port_info 38 /OUTPUT 32 "spr_cs";
    .port_info 39 /OUTPUT 1 "spr_we";
    .port_info 40 /INPUT 32 "du_addr";
    .port_info 41 /INPUT 32 "du_dat_du";
    .port_info 42 /INPUT 1 "du_read";
    .port_info 43 /INPUT 1 "du_write";
    .port_info 44 /OUTPUT 32 "du_dat_cpu";
P_0x19af740 .param/l "width" 0 22 26, +C4<00000000000000000000000000100000>;
L_0x1a0be20 .functor OR 1, L_0x1a25660, L_0x1a256d0, C4<0>, C4<0>;
L_0x1a0c230 .functor OR 32, v0x191ee40_0, L_0x1a0c140, C4<00000000000000000000000000000000>, C4<00000000000000000000000000000000>;
L_0x19dd030 .functor OR 1, L_0x1a256d0, v0x173d690_0, C4<0>, C4<0>;
L_0x1a0bf20 .functor OR 1, v0x167c5c0_0, v0x173d690_0, C4<0>, C4<0>;
L_0x1a0cb40 .functor AND 32, v0x173d5b0_0, L_0x1a0ca50, C4<11111111111111111111111111111111>, C4<11111111111111111111111111111111>;
L_0x1a0cd90 .functor AND 1, v0x173d690_0, L_0x1a0fbf0, C4<1>, C4<1>;
L_0x1a0cf90 .functor AND 1, v0x173d690_0, L_0x1a0fbf0, C4<1>, C4<1>;
L_0x1a0db70 .functor AND 1, v0x173d690_0, L_0x1a0fbf0, C4<1>, C4<1>;
L_0x1a0e650 .functor AND 1, v0x173d690_0, L_0x1a0fbf0, C4<1>, C4<1>;
L_0x1a0f160 .functor AND 1, L_0x1a0edd0, L_0x1a0ec50, C4<1>, C4<1>;
L_0x1a0f310 .functor AND 1, L_0x1a0f270, L_0x1a0f0c0, C4<1>, C4<1>;
L_0x1a0f8c0 .functor AND 1, L_0x1a0f610, L_0x1a0f4b0, C4<1>, C4<1>;
L_0x1a0fae0 .functor AND 1, L_0x1a0fa40, L_0x1a0f7f0, C4<1>, C4<1>;
L_0x1a0fbf0 .functor AND 1, L_0x1a0fe90, L_0x1a0fd00, C4<1>, C4<1>;
L_0x1a0f9d0 .functor AND 1, L_0x1a101c0, L_0x1a10070, C4<1>, C4<1>;
L_0x1a103a0 .functor AND 1, L_0x1a10300, L_0x1a10460, C4<1>, C4<1>;
L_0x1a10a10 .functor AND 1, L_0x1a10970, L_0x1a10760, C4<1>, C4<1>;
L_0x1a10b20 .functor AND 1, v0x173d690_0, L_0x1a0fbf0, C4<1>, C4<1>;
L_0x1a108e0 .functor OR 1, L_0x1a10b20, L_0x1a10ed0, C4<0>, C4<0>;
L_0x198d180 .functor OR 1, L_0x1a108e0, v0x1830f70_0, C4<0>, C4<0>;
L_0x14b8f10 .functor OR 1, L_0x198d180, v0x183df40_0, C4<0>, C4<0>;
L_0x16aff40 .functor OR 1, L_0x1a0f8c0, L_0x1a0fae0, C4<0>, C4<0>;
L_0x181bf40 .functor AND 1, v0x173d690_0, L_0x16aff40, C4<1>, C4<1>;
L_0x14c3f40 .functor AND 1, v0x173d690_0, L_0x1a0f9d0, C4<1>, C4<1>;
L_0x1560bf0 .functor AND 1, v0x173d690_0, L_0x1a103a0, C4<1>, C4<1>;
L_0x17e10e0 .functor AND 1, v0x173d690_0, L_0x1a10a10, C4<1>, C4<1>;
L_0x14c6ab0 .functor AND 1, v0x167c5c0_0, L_0x1a0f160, C4<1>, C4<1>;
L_0x1a0d670 .functor AND 1, v0x167c5c0_0, L_0x1a0f310, C4<1>, C4<1>;
L_0x1a11270 .functor AND 1, v0x167c5c0_0, L_0x1a0f8c0, C4<1>, C4<1>;
L_0x1a112e0 .functor AND 1, v0x167c5c0_0, L_0x1a0fae0, C4<1>, C4<1>;
L_0x1a10ce0 .functor AND 1, v0x167c5c0_0, L_0x1a0fbf0, C4<1>, C4<1>;
L_0x1a11680 .functor AND 1, v0x167c5c0_0, L_0x1a0f9d0, C4<1>, C4<1>;
L_0x1a11800 .functor AND 1, v0x167c5c0_0, L_0x1a103a0, C4<1>, C4<1>;
L_0x1a11980 .functor AND 1, v0x167c5c0_0, L_0x1a10a10, C4<1>, C4<1>;
L_0x1a11e40 .functor AND 32, v0x198c480_0, L_0x1a11050, C4<11111111111111111111111111111111>, C4<11111111111111111111111111111111>;
L_0x1a11f00 .functor AND 32, L_0x1482030, L_0x1a10d80, C4<11111111111111111111111111111111>, C4<11111111111111111111111111111111>;
L_0x1a119f0 .functor OR 32, L_0x1a11e40, L_0x1a11f00, C4<00000000000000000000000000000000>, C4<00000000000000000000000000000000>;
L_0x1a12470 .functor AND 32, L_0x1a16c50, L_0x1a11590, C4<11111111111111111111111111111111>, C4<11111111111111111111111111111111>;
L_0x1a12340 .functor OR 32, L_0x1a119f0, L_0x1a12470, C4<00000000000000000000000000000000>, C4<00000000000000000000000000000000>;
L_0x1a12670 .functor AND 32, v0x19ac350_0, L_0x1a11450, C4<11111111111111111111111111111111>, C4<11111111111111111111111111111111>;
L_0x1a12530 .functor OR 32, L_0x1a12340, L_0x1a12670, C4<00000000000000000000000000000000>, C4<00000000000000000000000000000000>;
L_0x1a12880 .functor AND 32, L_0x1a11f80, L_0x1a11890, C4<11111111111111111111111111111111>, C4<11111111111111111111111111111111>;
L_0x1a12730 .functor OR 32, L_0x1a12530, L_0x1a12880, C4<00000000000000000000000000000000>, C4<00000000000000000000000000000000>;
L_0x1a12af0 .functor AND 32, v0x198ed40_0, L_0x1a11350, C4<11111111111111111111111111111111>, C4<11111111111111111111111111111111>;
L_0x1a12990 .functor OR 32, L_0x1a12730, L_0x1a12af0, C4<00000000000000000000000000000000>, C4<00000000000000000000000000000000>;
L_0x1a12d60 .functor AND 32, v0x1997e20_0, L_0x1a11cb0, C4<11111111111111111111111111111111>, C4<11111111111111111111111111111111>;
L_0x1a12bf0 .functor OR 32, L_0x1a12990, L_0x1a12d60, C4<00000000000000000000000000000000>, C4<00000000000000000000000000000000>;
L_0x1a12f50 .functor AND 32, L_0x1a11d50, L_0x1a116f0, C4<11111111111111111111111111111111>, C4<11111111111111111111111111111111>;
L_0x1a12dd0 .functor OR 32, L_0x1a12bf0, L_0x1a12f50, C4<00000000000000000000000000000000>, C4<00000000000000000000000000000000>;
L_0x7f106a89ad08 .functor BUFT 1, C4<0000000000000000>, C4<0>, C4<0>, C4<0>;
v0x1925f30_0 .net/2u *"_ivl_10", 15 0, L_0x7f106a89ad08;  1 drivers
v0x18a46d0_0 .net *"_ivl_102", 8 0, L_0x1a0e750;  1 drivers
v0x18a47d0_0 .net *"_ivl_104", 0 0, L_0x1a0e650;  1 drivers
v0x190f140_0 .net *"_ivl_106", 8 0, L_0x1a0e900;  1 drivers
v0x190f220_0 .net *"_ivl_108", 8 0, L_0x1a0e9a0;  1 drivers
v0x190ead0_0 .net *"_ivl_109", 8 0, L_0x1a0e7f0;  1 drivers
v0x190ebb0_0 .net *"_ivl_111", 8 0, L_0x1a0ebb0;  1 drivers
v0x185fb30_0 .net *"_ivl_114", 0 0, L_0x1a0edd0;  1 drivers
v0x185fbf0_0 .net *"_ivl_116", 6 0, L_0x1a0ef80;  1 drivers
L_0x7f106a89aeb8 .functor BUFT 1, C4<0000000>, C4<0>, C4<0>, C4<0>;
v0x1870d30_0 .net/2u *"_ivl_117", 6 0, L_0x7f106a89aeb8;  1 drivers
v0x1870e10_0 .net *"_ivl_119", 0 0, L_0x1a0ec50;  1 drivers
v0x1869660_0 .net *"_ivl_12", 31 0, L_0x1a0c140;  1 drivers
v0x1869740_0 .net *"_ivl_124", 0 0, L_0x1a0f270;  1 drivers
v0x18b50b0_0 .net *"_ivl_126", 5 0, L_0x1a0f020;  1 drivers
L_0x7f106a89af00 .functor BUFT 1, C4<100000>, C4<0>, C4<0>, C4<0>;
v0x18b5170_0 .net/2u *"_ivl_127", 5 0, L_0x7f106a89af00;  1 drivers
v0x1538070_0 .net *"_ivl_129", 0 0, L_0x1a0f0c0;  1 drivers
v0x1538130_0 .net *"_ivl_134", 0 0, L_0x1a0f610;  1 drivers
v0x15382e0_0 .net *"_ivl_136", 10 0, L_0x1a0f6b0;  1 drivers
L_0x7f106a89af48 .functor BUFT 1, C4<00000010000>, C4<0>, C4<0>, C4<0>;
v0x15383c0_0 .net/2u *"_ivl_137", 10 0, L_0x7f106a89af48;  1 drivers
v0x1548420_0 .net *"_ivl_139", 0 0, L_0x1a0f4b0;  1 drivers
v0x15484e0_0 .net *"_ivl_14", 31 0, L_0x1a0c230;  1 drivers
v0x15485c0_0 .net *"_ivl_144", 0 0, L_0x1a0fa40;  1 drivers
v0x15486a0_0 .net *"_ivl_146", 10 0, L_0x1a0f750;  1 drivers
L_0x7f106a89af90 .functor BUFT 1, C4<00000010010>, C4<0>, C4<0>, C4<0>;
v0x1548780_0 .net/2u *"_ivl_147", 10 0, L_0x7f106a89af90;  1 drivers
v0x1555390_0 .net *"_ivl_149", 0 0, L_0x1a0f7f0;  1 drivers
v0x1555450_0 .net *"_ivl_154", 0 0, L_0x1a0fe90;  1 drivers
v0x1555530_0 .net *"_ivl_156", 10 0, L_0x1a0ff30;  1 drivers
L_0x7f106a89afd8 .functor BUFT 1, C4<00000010001>, C4<0>, C4<0>, C4<0>;
v0x1555610_0 .net/2u *"_ivl_157", 10 0, L_0x7f106a89afd8;  1 drivers
v0x15556f0_0 .net *"_ivl_159", 0 0, L_0x1a0fd00;  1 drivers
v0x155b4d0_0 .net *"_ivl_164", 0 0, L_0x1a101c0;  1 drivers
v0x155b5b0_0 .net *"_ivl_166", 10 0, L_0x1a0ffd0;  1 drivers
L_0x7f106a89b020 .functor BUFT 1, C4<00000100000>, C4<0>, C4<0>, C4<0>;
v0x155b690_0 .net/2u *"_ivl_167", 10 0, L_0x7f106a89b020;  1 drivers
v0x155b770_0 .net *"_ivl_169", 0 0, L_0x1a10070;  1 drivers
v0x15381d0_0 .net *"_ivl_174", 0 0, L_0x1a10300;  1 drivers
v0x155b810_0 .net *"_ivl_176", 10 0, L_0x1a10620;  1 drivers
L_0x7f106a89b068 .functor BUFT 1, C4<00000110000>, C4<0>, C4<0>, C4<0>;
v0x157ce90_0 .net/2u *"_ivl_177", 10 0, L_0x7f106a89b068;  1 drivers
v0x157cf70_0 .net *"_ivl_179", 0 0, L_0x1a10460;  1 drivers
v0x157d030_0 .net *"_ivl_184", 0 0, L_0x1a10970;  1 drivers
v0x15aa9c0_0 .net *"_ivl_186", 10 0, L_0x1a106c0;  1 drivers
L_0x7f106a89b0b0 .functor BUFT 1, C4<00001000000>, C4<0>, C4<0>, C4<0>;
v0x15aaa80_0 .net/2u *"_ivl_187", 10 0, L_0x7f106a89b0b0;  1 drivers
v0x15aab60_0 .net *"_ivl_189", 0 0, L_0x1a10760;  1 drivers
v0x15aac20_0 .net *"_ivl_194", 0 0, L_0x1a10b20;  1 drivers
L_0x7f106a89b0f8 .functor BUFT 1, C4<110>, C4<0>, C4<0>, C4<0>;
v0x15aace0_0 .net/2u *"_ivl_195", 2 0, L_0x7f106a89b0f8;  1 drivers
v0x15b1380_0 .net *"_ivl_197", 0 0, L_0x1a10ed0;  1 drivers
v0x15b1440_0 .net *"_ivl_199", 0 0, L_0x1a108e0;  1 drivers
L_0x7f106a89ac78 .functor BUFT 1, C4<1110>, C4<0>, C4<0>, C4<0>;
v0x15b1520_0 .net/2u *"_ivl_2", 3 0, L_0x7f106a89ac78;  1 drivers
v0x15b1600_0 .net *"_ivl_20", 31 0, L_0x1a0c770;  1 drivers
v0x15b16e0_0 .net *"_ivl_201", 0 0, L_0x198d180;  1 drivers
v0x15c4ca0_0 .net *"_ivl_205", 0 0, L_0x16aff40;  1 drivers
v0x15c4d80_0 .net *"_ivl_215", 0 0, L_0x14c6ab0;  1 drivers
v0x15c4e60_0 .net *"_ivl_219", 0 0, L_0x1a0d670;  1 drivers
v0x15c4f40_0 .net *"_ivl_223", 0 0, L_0x1a11270;  1 drivers
v0x15c5020_0 .net *"_ivl_227", 0 0, L_0x1a112e0;  1 drivers
v0x15c84e0_0 .net *"_ivl_231", 0 0, L_0x1a10ce0;  1 drivers
v0x15c85a0_0 .net *"_ivl_235", 0 0, L_0x1a11680;  1 drivers
v0x15c8680_0 .net *"_ivl_239", 0 0, L_0x1a11800;  1 drivers
v0x15c8760_0 .net *"_ivl_243", 0 0, L_0x1a11980;  1 drivers
L_0x7f106a89b140 .functor BUFT 1, C4<0000000000000000>, C4<0>, C4<0>, C4<0>;
v0x15c8840_0 .net/2u *"_ivl_247", 15 0, L_0x7f106a89b140;  1 drivers
L_0x7f106a89b188 .functor BUFT 1, C4<0000000000000000>, C4<0>, C4<0>, C4<0>;
v0x15d8140_0 .net/2u *"_ivl_251", 15 0, L_0x7f106a89b188;  1 drivers
v0x15d8220_0 .net *"_ivl_255", 31 0, L_0x1a11e40;  1 drivers
v0x15d8300_0 .net *"_ivl_257", 31 0, L_0x1a11f00;  1 drivers
v0x15d83e0_0 .net *"_ivl_259", 31 0, L_0x1a119f0;  1 drivers
v0x15d84c0_0 .net *"_ivl_26", 0 0, L_0x1a0bf20;  1 drivers
v0x15da330_0 .net *"_ivl_261", 31 0, L_0x1a12470;  1 drivers
v0x15da3f0_0 .net *"_ivl_263", 31 0, L_0x1a12340;  1 drivers
v0x157cc80_0 .net *"_ivl_265", 31 0, L_0x1a12670;  1 drivers
v0x157cd40_0 .net *"_ivl_267", 31 0, L_0x1a12530;  1 drivers
v0x15da490_0 .net *"_ivl_269", 31 0, L_0x1a12880;  1 drivers
v0x15da570_0 .net *"_ivl_271", 31 0, L_0x1a12730;  1 drivers
v0x15da650_0 .net *"_ivl_273", 31 0, L_0x1a12af0;  1 drivers
v0x15eef90_0 .net *"_ivl_275", 31 0, L_0x1a12990;  1 drivers
v0x15ef070_0 .net *"_ivl_277", 31 0, L_0x1a12d60;  1 drivers
v0x15ef150_0 .net *"_ivl_279", 31 0, L_0x1a12bf0;  1 drivers
v0x15ef230_0 .net *"_ivl_281", 31 0, L_0x1a12f50;  1 drivers
v0x15ef310_0 .net *"_ivl_29", 31 0, L_0x1a0ca50;  1 drivers
L_0x7f106a89ad50 .functor BUFT 1, C4<110>, C4<0>, C4<0>, C4<0>;
v0x15f8480_0 .net/2u *"_ivl_34", 2 0, L_0x7f106a89ad50;  1 drivers
v0x15f8540_0 .net *"_ivl_36", 0 0, L_0x1a0cc00;  1 drivers
v0x15f8600_0 .net *"_ivl_39", 4 0, L_0x1a0ccf0;  1 drivers
L_0x7f106a89acc0 .functor BUFT 1, C4<1111>, C4<0>, C4<0>, C4<0>;
v0x15f86e0_0 .net/2u *"_ivl_4", 3 0, L_0x7f106a89acc0;  1 drivers
v0x15f87c0_0 .net *"_ivl_41", 0 0, L_0x1a0cd90;  1 drivers
L_0x7f106a89ad98 .functor BUFT 1, C4<1>, C4<0>, C4<0>, C4<0>;
v0x1604600_0 .net/2u *"_ivl_42", 0 0, L_0x7f106a89ad98;  1 drivers
v0x16046e0_0 .net *"_ivl_45", 3 0, L_0x1a0ce00;  1 drivers
v0x16047c0_0 .net *"_ivl_46", 4 0, L_0x1a0cea0;  1 drivers
v0x16048a0_0 .net *"_ivl_49", 4 0, L_0x1a0d000;  1 drivers
v0x1604980_0 .net *"_ivl_50", 4 0, L_0x1a0d0a0;  1 drivers
v0x160cc90_0 .net *"_ivl_52", 4 0, L_0x1a0d230;  1 drivers
L_0x7f106a89ade0 .functor BUFT 1, C4<110>, C4<0>, C4<0>, C4<0>;
v0x160cd50_0 .net/2u *"_ivl_56", 2 0, L_0x7f106a89ade0;  1 drivers
v0x160ce30_0 .net *"_ivl_58", 0 0, L_0x1a0d3c0;  1 drivers
v0x160cef0_0 .net *"_ivl_6", 3 0, L_0x1a0bfb0;  1 drivers
v0x160cfd0_0 .net *"_ivl_61", 0 0, L_0x1a0d540;  1 drivers
v0x161edd0_0 .net *"_ivl_63", 0 0, L_0x1a0cf90;  1 drivers
v0x161ee90_0 .net *"_ivl_65", 0 0, L_0x1a0d700;  1 drivers
v0x161ef70_0 .net *"_ivl_67", 0 0, L_0x1a0d840;  1 drivers
v0x161f050_0 .net *"_ivl_68", 0 0, L_0x1a0d8e0;  1 drivers
v0x161f130_0 .net *"_ivl_70", 0 0, L_0x1a0da30;  1 drivers
v0x162bb00_0 .net *"_ivl_72", 0 0, L_0x1a0dad0;  1 drivers
L_0x7f106a89ae28 .functor BUFT 1, C4<110>, C4<0>, C4<0>, C4<0>;
v0x162bbe0_0 .net/2u *"_ivl_76", 2 0, L_0x7f106a89ae28;  1 drivers
v0x162bcc0_0 .net *"_ivl_78", 0 0, L_0x1a0dc80;  1 drivers
v0x162bd80_0 .net *"_ivl_81", 0 0, L_0x1a0dd70;  1 drivers
v0x162be60_0 .net *"_ivl_83", 0 0, L_0x1a0db70;  1 drivers
v0x1632670_0 .net *"_ivl_85", 0 0, L_0x1a0dee0;  1 drivers
v0x1632750_0 .net *"_ivl_87", 0 0, L_0x1a0df80;  1 drivers
v0x1632830_0 .net *"_ivl_88", 0 0, L_0x1a0de10;  1 drivers
v0x1632910_0 .net *"_ivl_90", 0 0, L_0x1a0e1f0;  1 drivers
v0x16329f0_0 .net *"_ivl_92", 0 0, L_0x1a0e380;  1 drivers
L_0x7f106a89ae70 .functor BUFT 1, C4<110>, C4<0>, C4<0>, C4<0>;
v0x1641a90_0 .net/2u *"_ivl_97", 2 0, L_0x7f106a89ae70;  1 drivers
v0x1641b50_0 .net *"_ivl_99", 0 0, L_0x1a0e290;  1 drivers
v0x1641c10_0 .net "addrbase", 31 0, v0x191ee40_0;  alias, 1 drivers
v0x1641cd0_0 .net "addrofs", 15 0, v0x19bd640_0;  alias, 1 drivers
v0x1641dc0_0 .net "alu_op", 3 0, v0x181a8b0_0;  alias, 1 drivers
v0x1641e60_0 .net "branch_op", 2 0, v0x1947d10_0;  alias, 1 drivers
v0x164cb90_0 .net "carry", 0 0, L_0x1a12020;  alias, 1 drivers
v0x164cc30_0 .net "cfgr_sel", 0 0, L_0x1a0f160;  1 drivers
v0x164ccd0_0 .net "clk", 0 0, v0x19f0750_0;  alias, 1 drivers
v0x164cd70_0 .net "cy_we", 0 0, v0x183df40_0;  alias, 1 drivers
v0x164ce40_0 .net "cyforw", 0 0, v0x19931b0_0;  alias, 1 drivers
v0x164cf10_0 .net "dat_i", 31 0, v0x191ef00_0;  alias, 1 drivers
v0x16556d0_0 .net "du_access", 0 0, L_0x1a0be20;  1 drivers
v0x1655770_0 .net "du_addr", 31 0, L_0x1a254e0;  alias, 1 drivers
v0x1655830_0 .net "du_dat_cpu", 31 0, L_0x1a0c810;  alias, 1 drivers
v0x1655910_0 .net "du_dat_du", 31 0, L_0x1a25550;  alias, 1 drivers
v0x16559f0_0 .net "du_read", 0 0, L_0x1a25660;  alias, 1 drivers
v0x1655ab0_0 .net "du_write", 0 0, L_0x1a256d0;  alias, 1 drivers
v0x165da00_0 .net "eear", 31 0, v0x1997e20_0;  alias, 1 drivers
v0x165dad0_0 .net "eear_sel", 0 0, L_0x1a103a0;  1 drivers
v0x165db70_0 .net "eear_we", 0 0, L_0x1560bf0;  alias, 1 drivers
v0x165dc40_0 .net "epcr", 31 0, v0x198ed40_0;  alias, 1 drivers
v0x165dce0_0 .net "epcr_sel", 0 0, L_0x1a0f9d0;  1 drivers
v0x165dda0_0 .net "epcr_we", 0 0, L_0x14c3f40;  alias, 1 drivers
v0x1668ac0_0 .net "esr", 15 0, v0x1963100_0;  alias, 1 drivers
v0x1668b90_0 .net "esr_32", 31 0, L_0x1a11d50;  1 drivers
v0x1668c50_0 .net "esr_sel", 0 0, L_0x1a10a10;  1 drivers
v0x1668d10_0 .net "esr_we", 0 0, L_0x17e10e0;  alias, 1 drivers
v0x1668de0_0 .net "except_started", 0 0, L_0x1862b50;  alias, 1 drivers
v0x166eff0_0 .net "flag", 0 0, L_0x1a131a0;  alias, 1 drivers
v0x166f090_0 .net "flag_we", 0 0, v0x1830f70_0;  alias, 1 drivers
v0x166f130_0 .net "flagforw", 0 0, v0x19b8d80_0;  alias, 1 drivers
v0x166f200_0 .net "npc_sel", 0 0, L_0x1a0f8c0;  1 drivers
v0x166f2a0_0 .net "pc_we", 0 0, L_0x181bf40;  alias, 1 drivers
v0x166f390_0 .net "ppc_sel", 0 0, L_0x1a0fae0;  1 drivers
v0x167c5c0_0 .var "read_spr", 0 0;
v0x167c660_0 .net "read_spr_cfgr_sel_32", 31 0, L_0x1a11050;  1 drivers
v0x167c720_0 .net "read_spr_eear_sel_32", 31 0, L_0x1a11cb0;  1 drivers
v0x167c800_0 .net "read_spr_epcr_sel_32", 31 0, L_0x1a11350;  1 drivers
v0x167c8e0_0 .net "read_spr_esr_sel_32", 31 0, L_0x1a116f0;  1 drivers
v0x1681f10_0 .net "read_spr_npc_sel_32", 31 0, L_0x1a11590;  1 drivers
v0x1681ff0_0 .net "read_spr_ppc_sel_32", 31 0, L_0x1a11450;  1 drivers
v0x16820d0_0 .net "read_spr_rf_sel_32", 31 0, L_0x1a10d80;  1 drivers
v0x16821b0_0 .net "read_spr_sr_sel_32", 31 0, L_0x1a11890;  1 drivers
v0x1682290_0 .net "rf_sel", 0 0, L_0x1a0f310;  1 drivers
v0x16877f0_0 .net "rst", 0 0, v0x19f27d0_0;  alias, 1 drivers
v0x1687890_0 .net "spr_addr", 31 0, L_0x1a0c2f0;  alias, 1 drivers
v0x1687950_0 .net "spr_cs", 31 0, L_0x1a0cb40;  alias, 1 drivers
v0x1687a30_0 .net "spr_dat_cfgr", 31 0, v0x198c480_0;  alias, 1 drivers
v0x1687af0_0 .net "spr_dat_dmmu", 31 0, L_0x7f106a89b608;  alias, 1 drivers
v0x1687bb0_0 .net "spr_dat_du", 31 0, v0x19d6870_0;  alias, 1 drivers
v0x16afb40_0 .net "spr_dat_immu", 31 0, L_0x7f106a89a0a8;  alias, 1 drivers
v0x16afc00_0 .net "spr_dat_mac", 31 0, L_0x1a0b080;  alias, 1 drivers
v0x16afcf0_0 .net "spr_dat_npc", 31 0, L_0x1a16c50;  alias, 1 drivers
v0x16afdc0_0 .net "spr_dat_o", 31 0, L_0x1a0c4c0;  alias, 1 drivers
v0x16afe60_0 .net "spr_dat_pic", 31 0, v0x19e0620_0;  alias, 1 drivers
v0x16bed50_0 .net "spr_dat_pm", 31 0, L_0x1a285d0;  alias, 1 drivers
v0x16bee30_0 .net "spr_dat_ppc", 31 0, v0x19ac350_0;  alias, 1 drivers
v0x16bef20_0 .net "spr_dat_rf", 31 0, L_0x1482030;  alias, 1 drivers
v0x16beff0_0 .net "spr_dat_tt", 31 0, v0x19e7cd0_0;  alias, 1 drivers
v0x16bf0b0_0 .net "spr_we", 0 0, L_0x19dd030;  alias, 1 drivers
v0x17359c0_0 .net "sprs_op", 3 0, L_0x1a0c050;  1 drivers
v0x1735aa0_0 .var "sr", 15 0;
v0x1735b60_0 .net "sr_32", 31 0, L_0x1a11f80;  1 drivers
v0x1735c20_0 .net "sr_sel", 0 0, L_0x1a0fbf0;  1 drivers
v0x1735ce0_0 .net "sr_we", 0 0, L_0x14b8f10;  alias, 1 drivers
v0x1735d80_0 .net "sys_data", 31 0, L_0x1a12dd0;  1 drivers
v0x173d400_0 .net "to_sr", 15 0, L_0x1a0e4c0;  alias, 1 drivers
v0x173d4f0_0 .var "to_wbmux", 31 0;
v0x173d5b0_0 .var "unqualified_cs", 31 0;
v0x173d690_0 .var "write_spr", 0 0;
E_0x19260a0/0 .event anyedge, v0x16beff0_0, v0x1687bb0_0, v0x16afb40_0, v0x1687af0_0;
E_0x19260a0/1 .event anyedge, v0x16bed50_0, v0x16afe60_0, v0x190d360_0, v0x1735d80_0;
E_0x19260a0/2 .event anyedge, v0x198c180_0, v0x17359c0_0;
E_0x19260a0 .event/or E_0x19260a0/0, E_0x19260a0/1, E_0x19260a0/2;
L_0x1a0bfb0 .functor MUXZ 4, v0x181a8b0_0, L_0x7f106a89acc0, L_0x1a25660, C4<>;
L_0x1a0c050 .functor MUXZ 4, L_0x1a0bfb0, L_0x7f106a89ac78, L_0x1a256d0, C4<>;
L_0x1a0c140 .concat [ 16 16 0 0], v0x19bd640_0, L_0x7f106a89ad08;
L_0x1a0c2f0 .functor MUXZ 32, L_0x1a0c230, L_0x1a254e0, L_0x1a0be20, C4<>;
L_0x1a0c4c0 .functor MUXZ 32, v0x191ef00_0, L_0x1a25550, L_0x1a256d0, C4<>;
L_0x1a0c770 .functor MUXZ 32, v0x191ef00_0, v0x173d4f0_0, L_0x1a25660, C4<>;
L_0x1a0c810 .functor MUXZ 32, L_0x1a0c770, L_0x1a25550, L_0x1a256d0, C4<>;
L_0x1a0ca50 .repeat 32, 32, L_0x1a0bf20;
L_0x1a0cc00 .cmp/eq 3, v0x1947d10_0, L_0x7f106a89ad50;
L_0x1a0ccf0 .part v0x1963100_0, 11, 5;
L_0x1a0ce00 .part L_0x1a0c4c0, 11, 4;
L_0x1a0cea0 .concat [ 4 1 0 0], L_0x1a0ce00, L_0x7f106a89ad98;
L_0x1a0d000 .part v0x1735aa0_0, 11, 5;
L_0x1a0d0a0 .functor MUXZ 5, L_0x1a0d000, L_0x1a0cea0, L_0x1a0cd90, C4<>;
L_0x1a0d230 .functor MUXZ 5, L_0x1a0d0a0, L_0x1a0ccf0, L_0x1a0cc00, C4<>;
L_0x1a0d3c0 .cmp/eq 3, v0x1947d10_0, L_0x7f106a89ade0;
L_0x1a0d540 .part v0x1963100_0, 10, 1;
L_0x1a0d700 .part L_0x1a0c4c0, 10, 1;
L_0x1a0d840 .part v0x1735aa0_0, 10, 1;
L_0x1a0d8e0 .functor MUXZ 1, L_0x1a0d840, L_0x1a0d700, L_0x1a0cf90, C4<>;
L_0x1a0da30 .functor MUXZ 1, L_0x1a0d8e0, v0x19931b0_0, v0x183df40_0, C4<>;
L_0x1a0dad0 .functor MUXZ 1, L_0x1a0da30, L_0x1a0d540, L_0x1a0d3c0, C4<>;
L_0x1a0dc80 .cmp/eq 3, v0x1947d10_0, L_0x7f106a89ae28;
L_0x1a0dd70 .part v0x1963100_0, 9, 1;
L_0x1a0dee0 .part L_0x1a0c4c0, 9, 1;
L_0x1a0df80 .part v0x1735aa0_0, 9, 1;
L_0x1a0de10 .functor MUXZ 1, L_0x1a0df80, L_0x1a0dee0, L_0x1a0db70, C4<>;
L_0x1a0e1f0 .functor MUXZ 1, L_0x1a0de10, v0x19b8d80_0, v0x1830f70_0, C4<>;
L_0x1a0e380 .functor MUXZ 1, L_0x1a0e1f0, L_0x1a0dd70, L_0x1a0dc80, C4<>;
L_0x1a0e4c0 .concat8 [ 9 1 1 5], L_0x1a0ebb0, L_0x1a0e380, L_0x1a0dad0, L_0x1a0d230;
L_0x1a0e290 .cmp/eq 3, v0x1947d10_0, L_0x7f106a89ae70;
L_0x1a0e750 .part v0x1963100_0, 0, 9;
L_0x1a0e900 .part L_0x1a0c4c0, 0, 9;
L_0x1a0e9a0 .part v0x1735aa0_0, 0, 9;
L_0x1a0e7f0 .functor MUXZ 9, L_0x1a0e9a0, L_0x1a0e900, L_0x1a0e650, C4<>;
L_0x1a0ebb0 .functor MUXZ 9, L_0x1a0e7f0, L_0x1a0e750, L_0x1a0e290, C4<>;
L_0x1a0edd0 .part L_0x1a0cb40, 0, 1;
L_0x1a0ef80 .part L_0x1a0c2f0, 4, 7;
L_0x1a0ec50 .cmp/eq 7, L_0x1a0ef80, L_0x7f106a89aeb8;
L_0x1a0f270 .part L_0x1a0cb40, 0, 1;
L_0x1a0f020 .part L_0x1a0c2f0, 5, 6;
L_0x1a0f0c0 .cmp/eq 6, L_0x1a0f020, L_0x7f106a89af00;
L_0x1a0f610 .part L_0x1a0cb40, 0, 1;
L_0x1a0f6b0 .part L_0x1a0c2f0, 0, 11;
L_0x1a0f4b0 .cmp/eq 11, L_0x1a0f6b0, L_0x7f106a89af48;
L_0x1a0fa40 .part L_0x1a0cb40, 0, 1;
L_0x1a0f750 .part L_0x1a0c2f0, 0, 11;
L_0x1a0f7f0 .cmp/eq 11, L_0x1a0f750, L_0x7f106a89af90;
L_0x1a0fe90 .part L_0x1a0cb40, 0, 1;
L_0x1a0ff30 .part L_0x1a0c2f0, 0, 11;
L_0x1a0fd00 .cmp/eq 11, L_0x1a0ff30, L_0x7f106a89afd8;
L_0x1a101c0 .part L_0x1a0cb40, 0, 1;
L_0x1a0ffd0 .part L_0x1a0c2f0, 0, 11;
L_0x1a10070 .cmp/eq 11, L_0x1a0ffd0, L_0x7f106a89b020;
L_0x1a10300 .part L_0x1a0cb40, 0, 1;
L_0x1a10620 .part L_0x1a0c2f0, 0, 11;
L_0x1a10460 .cmp/eq 11, L_0x1a10620, L_0x7f106a89b068;
L_0x1a10970 .part L_0x1a0cb40, 0, 1;
L_0x1a106c0 .part L_0x1a0c2f0, 0, 11;
L_0x1a10760 .cmp/eq 11, L_0x1a106c0, L_0x7f106a89b0b0;
L_0x1a10ed0 .cmp/eq 3, v0x1947d10_0, L_0x7f106a89b0f8;
L_0x1a11050 .repeat 32, 32, L_0x14c6ab0;
L_0x1a10d80 .repeat 32, 32, L_0x1a0d670;
L_0x1a11590 .repeat 32, 32, L_0x1a11270;
L_0x1a11450 .repeat 32, 32, L_0x1a112e0;
L_0x1a11890 .repeat 32, 32, L_0x1a10ce0;
L_0x1a11350 .repeat 32, 32, L_0x1a11680;
L_0x1a11cb0 .repeat 32, 32, L_0x1a11800;
L_0x1a116f0 .repeat 32, 32, L_0x1a11980;
L_0x1a11f80 .concat [ 16 16 0 0], v0x1735aa0_0, L_0x7f106a89b140;
L_0x1a11d50 .concat [ 16 16 0 0], v0x1963100_0, L_0x7f106a89b188;
L_0x1a131a0 .part v0x1735aa0_0, 9, 1;
L_0x1a12020 .part v0x1735aa0_0, 10, 1;
S_0x16f2a10 .scope module, "or1200_wbmux" "or1200_wbmux" 6 554, 23 5 0, S_0x1833f90;
 .timescale -12 -12;
    .port_info 0 /INPUT 1 "clk";
    .port_info 1 /INPUT 1 "rst";
    .port_info 2 /INPUT 1 "wb_freeze";
    .port_info 3 /INPUT 3 "rfwb_op";
    .port_info 4 /INPUT 32 "muxin_a";
    .port_info 5 /INPUT 32 "muxin_b";
    .port_info 6 /INPUT 32 "muxin_c";
    .port_info 7 /INPUT 32 "muxin_d";
    .port_info 8 /OUTPUT 32 "muxout";
    .port_info 9 /OUTPUT 32 "muxreg";
    .port_info 10 /OUTPUT 1 "muxreg_valid";
P_0x16f2bf0 .param/l "width" 0 23 15, +C4<00000000000000000000000000100000>;
v0x173d750_0 .net "clk", 0 0, v0x19f0750_0;  alias, 1 drivers
v0x16f2cc0_0 .net "muxin_a", 31 0, v0x1989170_0;  alias, 1 drivers
v0x16f2db0_0 .net "muxin_b", 31 0, v0x1841670_0;  alias, 1 drivers
v0x151e190_0 .net "muxin_c", 31 0, v0x173d4f0_0;  alias, 1 drivers
v0x151e230_0 .net "muxin_d", 31 0, L_0x1a157d0;  alias, 1 drivers
v0x151e320_0 .var "muxout", 31 0;
v0x151e430_0 .var "muxreg", 31 0;
v0x151e4f0_0 .var "muxreg_valid", 0 0;
v0x15dc8d0_0 .net "rfwb_op", 2 0, v0x199a750_0;  alias, 1 drivers
v0x15dc9a0_0 .net "rst", 0 0, v0x19f27d0_0;  alias, 1 drivers
v0x15dca40_0 .net "wb_freeze", 0 0, L_0x1a166e0;  alias, 1 drivers
E_0x164cfb0/0 .event anyedge, v0x199a750_0, v0x151e230_0, v0x173d4f0_0, v0x1841670_0;
E_0x164cfb0/1 .event anyedge, v0x1989170_0;
E_0x164cfb0 .event/or E_0x164cfb0/0, E_0x164cfb0/1;
S_0x14b42b0 .scope module, "or1200_dc_top" "or1200_dc_top" 3 659, 24 8 0, S_0x19613f0;
 .timescale -12 -12;
    .port_info 0 /INPUT 1 "clk";
    .port_info 1 /INPUT 1 "rst";
    .port_info 2 /OUTPUT 32 "dcsb_dat_o";
    .port_info 3 /OUTPUT 32 "dcsb_adr_o";
    .port_info 4 /OUTPUT 1 "dcsb_cyc_o";
    .port_info 5 /OUTPUT 1 "dcsb_stb_o";
    .port_info 6 /OUTPUT 1 "dcsb_we_o";
    .port_info 7 /OUTPUT 4 "dcsb_sel_o";
    .port_info 8 /OUTPUT 1 "dcsb_cab_o";
    .port_info 9 /INPUT 32 "dcsb_dat_i";
    .port_info 10 /INPUT 1 "dcsb_ack_i";
    .port_info 11 /INPUT 1 "dcsb_err_i";
    .port_info 12 /INPUT 1 "dc_en";
    .port_info 13 /INPUT 32 "dcqmem_adr_i";
    .port_info 14 /INPUT 1 "dcqmem_cycstb_i";
    .port_info 15 /INPUT 1 "dcqmem_ci_i";
    .port_info 16 /INPUT 1 "dcqmem_we_i";
    .port_info 17 /INPUT 4 "dcqmem_sel_i";
    .port_info 18 /INPUT 4 "dcqmem_tag_i";
    .port_info 19 /INPUT 32 "dcqmem_dat_i";
    .port_info 20 /OUTPUT 32 "dcqmem_dat_o";
    .port_info 21 /OUTPUT 1 "dcqmem_ack_o";
    .port_info 22 /OUTPUT 1 "dcqmem_rty_o";
    .port_info 23 /OUTPUT 1 "dcqmem_err_o";
    .port_info 24 /OUTPUT 4 "dcqmem_tag_o";
    .port_info 25 /INPUT 1 "spr_cs";
    .port_info 26 /INPUT 1 "spr_write";
    .port_info 27 /INPUT 32 "spr_dat_i";
P_0x15e0070 .param/l "dw" 0 24 31, +C4<00000000000000000000000000100000>;
L_0x19971b0 .functor BUFZ 32, L_0x1a20b20, C4<00000000000000000000000000000000>, C4<00000000000000000000000000000000>, C4<00000000000000000000000000000000>;
L_0x1a1de00 .functor AND 1, L_0x1a1dd10, L_0x19dd030, C4<1>, C4<1>;
L_0x1a1de70 .functor OR 1, L_0x1a202a0, L_0x1a1de00, C4<0>, C4<0>;
L_0x1a1e2a0 .functor OR 1, L_0x1a1de00, L_0x1a05150, C4<0>, C4<0>;
L_0x1a1e3f0 .functor NOT 1, L_0x1a1de00, C4<0>, C4<0>, C4<0>;
L_0x1a1e460 .functor BUFZ 32, L_0x1a24780, C4<00000000000000000000000000000000>, C4<00000000000000000000000000000000>, C4<00000000000000000000000000000000>;
L_0x1a1e4d0 .functor OR 1, L_0x1a206c0, v0x19cd750_0, C4<0>, C4<0>;
L_0x1a1e740 .functor OR 1, L_0x1a206c0, v0x19cd750_0, C4<0>, C4<0>;
L_0x1a1eab0 .functor AND 1, L_0x1a05150, L_0x1a206c0, C4<1>, C4<1>;
L_0x1a1ec50 .functor AND 1, L_0x1a1eab0, L_0x1a1ebb0, C4<1>, C4<1>;
L_0x1a1edf0 .functor AND 1, L_0x1a1ec50, L_0x1a1ecc0, C4<1>, C4<1>;
L_0x1a1f0d0 .functor NOT 1, L_0x1a1f3b0, C4<0>, C4<0>, C4<0>;
L_0x1a1f2a0 .functor OR 1, L_0x1a213c0, L_0x1a21ae0, C4<0>, C4<0>;
L_0x1a1f450 .functor OR 1, L_0x1a21ae0, L_0x1a1f950, C4<0>, C4<0>;
v0x19ceaa0_0 .net *"_ivl_18", 0 0, L_0x1a1e4d0;  1 drivers
v0x19ceb40_0 .net *"_ivl_22", 0 0, L_0x1a1e740;  1 drivers
v0x19cebe0_0 .net *"_ivl_28", 0 0, L_0x1a1eab0;  1 drivers
v0x19cec80_0 .net *"_ivl_31", 0 0, L_0x1a1ebb0;  1 drivers
v0x19ced20_0 .net *"_ivl_32", 0 0, L_0x1a1ec50;  1 drivers
v0x19cedc0_0 .net *"_ivl_35", 0 0, L_0x1a1ecc0;  1 drivers
v0x19cee60_0 .net *"_ivl_36", 0 0, L_0x1a1edf0;  1 drivers
L_0x7f106a89b650 .functor BUFT 1, C4<1111>, C4<0>, C4<0>, C4<0>;
v0x19cef00_0 .net/2u *"_ivl_38", 3 0, L_0x7f106a89b650;  1 drivers
L_0x7f106a89b698 .functor BUFT 1, C4<0>, C4<0>, C4<0>, C4<0>;
v0x19cefa0_0 .net/2u *"_ivl_42", 0 0, L_0x7f106a89b698;  1 drivers
L_0x7f106a89b6e0 .functor BUFT 1, C4<1011>, C4<0>, C4<0>, C4<0>;
v0x19cf040_0 .net/2u *"_ivl_48", 3 0, L_0x7f106a89b6e0;  1 drivers
v0x19cf0e0_0 .net *"_ivl_52", 0 0, L_0x1a1f2a0;  1 drivers
v0x19cf180_0 .net *"_ivl_61", 0 0, L_0x1a1f950;  1 drivers
v0x19cf220_0 .net *"_ivl_62", 0 0, L_0x1a1f450;  1 drivers
v0x19cf2c0_0 .net *"_ivl_69", 18 0, L_0x1a22e60;  1 drivers
v0x19cf360_0 .net *"_ivl_7", 8 0, L_0x1a1dfd0;  1 drivers
v0x19cf400_0 .net *"_ivl_9", 8 0, L_0x1a1e070;  1 drivers
v0x19cf4a0_0 .net "clk", 0 0, v0x19f0750_0;  alias, 1 drivers
v0x19cf650_0 .net "dc_addr", 31 0, L_0x1a20b20;  1 drivers
v0x19cf6f0_0 .net "dc_en", 0 0, L_0x1a05150;  alias, 1 drivers
v0x19cf790_0 .net "dc_inv", 0 0, L_0x1a1de00;  1 drivers
v0x19cf830_0 .net "dc_tag_datain", 31 12, L_0x1a22fa0;  1 drivers
v0x19cf8d0_0 .net "dcfsm_biu_read", 0 0, L_0x1a206c0;  1 drivers
v0x19cf970_0 .net "dcfsm_biu_write", 0 0, v0x19cd750_0;  1 drivers
v0x19cfa10_0 .net "dcfsm_burst", 0 0, L_0x1a22770;  1 drivers
v0x19cfab0_0 .net "dcfsm_first_hit_ack", 0 0, L_0x1a213c0;  1 drivers
v0x19cfb50_0 .net "dcfsm_first_miss_ack", 0 0, L_0x1a21ae0;  1 drivers
v0x19cfbf0_0 .net "dcfsm_first_miss_err", 0 0, L_0x1a22060;  1 drivers
v0x19cfc90_0 .net "dcfsm_tag_we", 0 0, L_0x1a202a0;  1 drivers
v0x19cfd30_0 .net "dcqmem_ack_o", 0 0, L_0x1a1f3b0;  alias, 1 drivers
v0x19cfdd0_0 .net "dcqmem_adr_i", 31 0, L_0x1a24110;  alias, 1 drivers
v0x19cfe70_0 .net "dcqmem_ci_i", 0 0, L_0x1a243a0;  alias, 1 drivers
v0x19cff10_0 .net "dcqmem_cycstb_i", 0 0, L_0x1a242a0;  alias, 1 drivers
v0x19cffb0_0 .net "dcqmem_dat_i", 31 0, L_0x1a24780;  alias, 1 drivers
v0x19cf540_0 .net "dcqmem_dat_o", 31 0, L_0x1a1fa70;  alias, 1 drivers
v0x19d0260_0 .net "dcqmem_err_o", 0 0, L_0x1a1f5e0;  alias, 1 drivers
v0x19d0300_0 .net "dcqmem_rty_o", 0 0, L_0x1a1f0d0;  alias, 1 drivers
v0x19d03a0_0 .net "dcqmem_sel_i", 3 0, L_0x1a24540;  alias, 1 drivers
v0x19d0440_0 .net "dcqmem_tag_i", 3 0, L_0x1a244a0;  alias, 1 drivers
v0x19d04e0_0 .net "dcqmem_tag_o", 3 0, L_0x1a1f1b0;  alias, 1 drivers
v0x19d0580_0 .net "dcqmem_we_i", 0 0, L_0x1a24210;  alias, 1 drivers
v0x19d0620_0 .net "dcram_we", 3 0, L_0x1a20030;  1 drivers
v0x19d06c0_0 .net "dcsb_ack_i", 0 0, L_0x1a25160;  alias, 1 drivers
v0x19d0760_0 .net "dcsb_adr_o", 31 0, L_0x19971b0;  alias, 1 drivers
v0x19d0800_0 .net "dcsb_cab_o", 0 0, L_0x1a1efe0;  alias, 1 drivers
v0x19d08a0_0 .net "dcsb_cyc_o", 0 0, L_0x1a1e590;  alias, 1 drivers
v0x19d0940_0 .net "dcsb_dat_i", 31 0, L_0x1a25060;  alias, 1 drivers
v0x19d09e0_0 .net "dcsb_dat_o", 31 0, L_0x1a1e460;  alias, 1 drivers
v0x19d0a80_0 .net "dcsb_err_i", 0 0, L_0x1a25260;  alias, 1 drivers
v0x19d0b20_0 .net "dcsb_sel_o", 3 0, L_0x1a1ee60;  alias, 1 drivers
v0x19d0bc0_0 .net "dcsb_stb_o", 0 0, L_0x1a1e800;  alias, 1 drivers
v0x19d0c60_0 .net "dcsb_we_o", 0 0, L_0x1a1e8f0;  alias, 1 drivers
v0x19d0d00_0 .net "dctag_addr", 12 4, L_0x1a1e110;  1 drivers
v0x19d0da0_0 .net "dctag_en", 0 0, L_0x1a1e2a0;  1 drivers
v0x19d0e40_0 .net "dctag_v", 0 0, L_0x1a1e3f0;  1 drivers
v0x19d0ee0_0 .net "dctag_we", 0 0, L_0x1a1de70;  1 drivers
L_0x7f106a89b968 .functor BUFT 1, C4<00000000000000000000000000000000>, C4<0>, C4<0>, C4<0>;
v0x19d0f80_0 .net "from_dcram", 31 0, L_0x7f106a89b968;  1 drivers
v0x19d1020_0 .net "rst", 0 0, v0x19f27d0_0;  alias, 1 drivers
v0x19d10c0_0 .net "saved_addr", 31 0, v0x19cd570_0;  1 drivers
v0x19d1160_0 .net "spr_cs", 0 0, L_0x1a1dd10;  alias, 1 drivers
v0x19d1200_0 .net "spr_dat_i", 31 0, L_0x1a0c4c0;  alias, 1 drivers
v0x19d12a0_0 .net "spr_write", 0 0, L_0x19dd030;  alias, 1 drivers
L_0x7f106a89b9b0 .functor BUFT 1, C4<0000000000000000000>, C4<0>, C4<0>, C4<0>;
v0x19d1340_0 .net "tag", 18 0, L_0x7f106a89b9b0;  1 drivers
L_0x7f106a89b9f8 .functor BUFT 1, C4<0>, C4<0>, C4<0>, C4<0>;
v0x19d13e0_0 .net "tag_v", 0 0, L_0x7f106a89b9f8;  1 drivers
v0x19d1480_0 .var "tagcomp_miss", 0 0;
v0x19d1520_0 .net "to_dcram", 31 0, L_0x1a1f7a0;  1 drivers
E_0x183a320 .event anyedge, v0x19ce960_0, v0x19cd4d0_0, v0x19ce8c0_0;
L_0x1a1dfd0 .part L_0x1a0c4c0, 4, 9;
L_0x1a1e070 .part L_0x1a20b20, 4, 9;
L_0x1a1e110 .functor MUXZ 9, L_0x1a1e070, L_0x1a1dfd0, L_0x1a1de00, C4<>;
L_0x1a1e590 .functor MUXZ 1, L_0x1a242a0, L_0x1a1e4d0, L_0x1a05150, C4<>;
L_0x1a1e800 .functor MUXZ 1, L_0x1a242a0, L_0x1a1e740, L_0x1a05150, C4<>;
L_0x1a1e8f0 .functor MUXZ 1, L_0x1a24210, v0x19cd750_0, L_0x1a05150, C4<>;
L_0x1a1ebb0 .reduce/nor v0x19cd750_0;
L_0x1a1ecc0 .reduce/nor L_0x1a243a0;
L_0x1a1ee60 .functor MUXZ 4, L_0x1a24540, L_0x7f106a89b650, L_0x1a1edf0, C4<>;
L_0x1a1efe0 .functor MUXZ 1, L_0x7f106a89b698, L_0x1a22770, L_0x1a05150, C4<>;
L_0x1a1f1b0 .functor MUXZ 4, L_0x1a244a0, L_0x7f106a89b6e0, L_0x1a1f5e0, C4<>;
L_0x1a1f3b0 .functor MUXZ 1, L_0x1a25160, L_0x1a1f2a0, L_0x1a05150, C4<>;
L_0x1a1f5e0 .functor MUXZ 1, L_0x1a25260, L_0x1a22060, L_0x1a05150, C4<>;
L_0x1a1f7a0 .functor MUXZ 32, L_0x1a24780, L_0x1a25060, L_0x1a206c0, C4<>;
L_0x1a1f950 .reduce/nor L_0x1a05150;
L_0x1a1fa70 .functor MUXZ 32, L_0x7f106a89b968, L_0x1a25060, L_0x1a1f450, C4<>;
L_0x1a22870 .part L_0x1a20b20, 2, 11;
L_0x1a22e60 .part L_0x1a20b20, 13, 19;
L_0x1a22fa0 .concat [ 1 19 0 0], L_0x1a1e3f0, L_0x1a22e60;
S_0x19c9f70 .scope module, "or1200_dc_fsm" "or1200_dc_fsm" 24 185, 25 15 0, S_0x14b42b0;
 .timescale -12 -12;
    .port_info 0 /INPUT 1 "clk";
    .port_info 1 /INPUT 1 "rst";
    .port_info 2 /INPUT 1 "dc_en";
    .port_info 3 /INPUT 1 "dcqmem_cycstb_i";
    .port_info 4 /INPUT 1 "dcqmem_ci_i";
    .port_info 5 /INPUT 1 "dcqmem_we_i";
    .port_info 6 /INPUT 4 "dcqmem_sel_i";
    .port_info 7 /INPUT 1 "tagcomp_miss";
    .port_info 8 /INPUT 1 "biudata_valid";
    .port_info 9 /INPUT 1 "biudata_error";
    .port_info 10 /INPUT 32 "start_addr";
    .port_info 11 /OUTPUT 32 "saved_addr";
    .port_info 12 /OUTPUT 4 "dcram_we";
    .port_info 13 /OUTPUT 1 "biu_read";
    .port_info 14 /OUTPUT 1 "biu_write";
    .port_info 15 /OUTPUT 1 "first_hit_ack";
    .port_info 16 /OUTPUT 1 "first_miss_ack";
    .port_info 17 /OUTPUT 1 "first_miss_err";
    .port_info 18 /OUTPUT 1 "burst";
    .port_info 19 /OUTPUT 1 "tag_we";
    .port_info 20 /OUTPUT 32 "dc_addr";
L_0x1a1f140 .functor AND 1, v0x19cd390_0, L_0x1a25160, C4<1>, C4<1>;
L_0x1a1fd20 .functor AND 1, L_0x1a1f140, L_0x1a1fc80, C4<1>, C4<1>;
L_0x1a1ff70 .functor AND 4, L_0x1a1fed0, L_0x1a24540, C4<1111>, C4<1111>;
L_0x1a20030 .functor OR 4, L_0x1a1fde0, L_0x1a1ff70, C4<0000>, C4<0000>;
L_0x1a20140 .functor AND 1, L_0x1a206c0, L_0x1a25160, C4<1>, C4<1>;
L_0x1a202a0 .functor AND 1, L_0x1a20140, L_0x1a201b0, C4<1>, C4<1>;
L_0x1a203b0 .functor AND 1, v0x19cbad0_0, v0x19d1480_0, C4<1>, C4<1>;
L_0x1a20560 .functor AND 1, L_0x1a20470, v0x19cd390_0, C4<1>, C4<1>;
L_0x1a206c0 .functor OR 1, L_0x1a203b0, L_0x1a20560, C4<0>, C4<0>;
L_0x1a20840 .functor OR 1, L_0x1a206c0, v0x19cd750_0, C4<0>, C4<0>;
L_0x1a1eb20 .functor AND 1, L_0x1a20840, L_0x1a209c0, C4<1>, C4<1>;
L_0x1a20f80 .functor AND 1, L_0x1a20da0, L_0x1a20ee0, C4<1>, C4<1>;
L_0x1a20ab0 .functor AND 1, L_0x1a20f80, L_0x1a21090, C4<1>, C4<1>;
L_0x1a21220 .functor AND 1, L_0x1a20ab0, L_0x1a21180, C4<1>, C4<1>;
L_0x1a213c0 .functor OR 1, L_0x1a21220, L_0x1a21b90, C4<0>, C4<0>;
L_0x1a217b0 .functor AND 1, L_0x1a214d0, L_0x1a21680, C4<1>, C4<1>;
L_0x1a21330 .functor AND 1, L_0x1a217b0, L_0x1a25160, C4<1>, C4<1>;
L_0x1a21610 .functor AND 1, L_0x1a21330, L_0x1a21960, C4<1>, C4<1>;
L_0x1a21b90 .functor AND 1, L_0x1a21610, L_0x1a21870, C4<1>, C4<1>;
L_0x1a21f50 .functor OR 1, L_0x1a21ca0, L_0x1a21e20, C4<0>, C4<0>;
L_0x1a21ae0 .functor AND 1, L_0x1a21f50, L_0x1a25160, C4<1>, C4<1>;
L_0x1a224a0 .functor OR 1, L_0x1a222c0, L_0x1a22400, C4<0>, C4<0>;
L_0x1a22060 .functor AND 1, L_0x1a224a0, L_0x1a25260, C4<1>, C4<1>;
L_0x1a22360 .functor AND 1, L_0x1a22680, v0x19d1480_0, C4<1>, C4<1>;
L_0x1a22950 .functor AND 1, L_0x1a22360, L_0x1a225b0, C4<1>, C4<1>;
L_0x1a22770 .functor OR 1, L_0x1a22950, L_0x1a22a60, C4<0>, C4<0>;
v0x19ca460_0 .net *"_ivl_0", 0 0, L_0x1a1f140;  1 drivers
v0x19ca500_0 .net *"_ivl_10", 3 0, L_0x1a1ff70;  1 drivers
L_0x7f106a89b8d8 .functor BUFT 1, C4<001>, C4<0>, C4<0>, C4<0>;
v0x19ca5a0_0 .net/2u *"_ivl_100", 2 0, L_0x7f106a89b8d8;  1 drivers
v0x19ca640_0 .net *"_ivl_102", 0 0, L_0x1a22680;  1 drivers
v0x19ca6e0_0 .net *"_ivl_104", 0 0, L_0x1a22360;  1 drivers
v0x19ca780_0 .net *"_ivl_107", 0 0, L_0x1a225b0;  1 drivers
v0x19ca820_0 .net *"_ivl_108", 0 0, L_0x1a22950;  1 drivers
L_0x7f106a89b920 .functor BUFT 1, C4<010>, C4<0>, C4<0>, C4<0>;
v0x19ca8c0_0 .net/2u *"_ivl_110", 2 0, L_0x7f106a89b920;  1 drivers
v0x19ca960_0 .net *"_ivl_112", 0 0, L_0x1a22a60;  1 drivers
v0x19caa00_0 .net *"_ivl_14", 0 0, L_0x1a20140;  1 drivers
v0x19caaa0_0 .net *"_ivl_17", 0 0, L_0x1a201b0;  1 drivers
v0x19cab40_0 .net *"_ivl_20", 0 0, L_0x1a203b0;  1 drivers
v0x19cabe0_0 .net *"_ivl_23", 0 0, L_0x1a20470;  1 drivers
v0x19cac80_0 .net *"_ivl_24", 0 0, L_0x1a20560;  1 drivers
v0x19cad20_0 .net *"_ivl_3", 0 0, L_0x1a1fc80;  1 drivers
v0x19cadc0_0 .net *"_ivl_30", 0 0, L_0x1a20840;  1 drivers
v0x19cae60_0 .net *"_ivl_33", 0 0, L_0x1a209c0;  1 drivers
v0x19cb010_0 .net *"_ivl_34", 0 0, L_0x1a1eb20;  1 drivers
v0x19cb0b0_0 .net *"_ivl_4", 0 0, L_0x1a1fd20;  1 drivers
L_0x7f106a89b728 .functor BUFT 1, C4<001>, C4<0>, C4<0>, C4<0>;
v0x19cb150_0 .net/2u *"_ivl_40", 2 0, L_0x7f106a89b728;  1 drivers
v0x19cb1f0_0 .net *"_ivl_42", 0 0, L_0x1a20da0;  1 drivers
v0x19cb290_0 .net *"_ivl_45", 0 0, L_0x1a20ee0;  1 drivers
v0x19cb330_0 .net *"_ivl_46", 0 0, L_0x1a20f80;  1 drivers
v0x19cb3d0_0 .net *"_ivl_49", 0 0, L_0x1a21090;  1 drivers
v0x19cb470_0 .net *"_ivl_50", 0 0, L_0x1a20ab0;  1 drivers
v0x19cb510_0 .net *"_ivl_53", 0 0, L_0x1a21180;  1 drivers
v0x19cb5b0_0 .net *"_ivl_54", 0 0, L_0x1a21220;  1 drivers
L_0x7f106a89b770 .functor BUFT 1, C4<011>, C4<0>, C4<0>, C4<0>;
v0x19cb650_0 .net/2u *"_ivl_58", 2 0, L_0x7f106a89b770;  1 drivers
v0x19cb6f0_0 .net *"_ivl_60", 0 0, L_0x1a214d0;  1 drivers
v0x19cb790_0 .net *"_ivl_63", 0 0, L_0x1a21680;  1 drivers
v0x19cb830_0 .net *"_ivl_64", 0 0, L_0x1a217b0;  1 drivers
v0x19cb8d0_0 .net *"_ivl_66", 0 0, L_0x1a21330;  1 drivers
v0x19cb970_0 .net *"_ivl_69", 0 0, L_0x1a21960;  1 drivers
v0x19caf00_0 .net *"_ivl_7", 3 0, L_0x1a1fde0;  1 drivers
v0x19cbc20_0 .net *"_ivl_70", 0 0, L_0x1a21610;  1 drivers
v0x19cbcc0_0 .net *"_ivl_73", 0 0, L_0x1a21870;  1 drivers
L_0x7f106a89b7b8 .functor BUFT 1, C4<001>, C4<0>, C4<0>, C4<0>;
v0x19cbd60_0 .net/2u *"_ivl_76", 2 0, L_0x7f106a89b7b8;  1 drivers
v0x19cbe00_0 .net *"_ivl_78", 0 0, L_0x1a21ca0;  1 drivers
L_0x7f106a89b800 .functor BUFT 1, C4<011>, C4<0>, C4<0>, C4<0>;
v0x19cbea0_0 .net/2u *"_ivl_80", 2 0, L_0x7f106a89b800;  1 drivers
v0x19cbf40_0 .net *"_ivl_82", 0 0, L_0x1a21e20;  1 drivers
v0x19cbfe0_0 .net *"_ivl_84", 0 0, L_0x1a21f50;  1 drivers
L_0x7f106a89b848 .functor BUFT 1, C4<001>, C4<0>, C4<0>, C4<0>;
v0x19cc080_0 .net/2u *"_ivl_88", 2 0, L_0x7f106a89b848;  1 drivers
v0x19cc120_0 .net *"_ivl_9", 3 0, L_0x1a1fed0;  1 drivers
v0x19cc1c0_0 .net *"_ivl_90", 0 0, L_0x1a222c0;  1 drivers
L_0x7f106a89b890 .functor BUFT 1, C4<011>, C4<0>, C4<0>, C4<0>;
v0x19cc260_0 .net/2u *"_ivl_92", 2 0, L_0x7f106a89b890;  1 drivers
v0x19cc300_0 .net *"_ivl_94", 0 0, L_0x1a22400;  1 drivers
v0x19cc3a0_0 .net *"_ivl_96", 0 0, L_0x1a224a0;  1 drivers
v0x19cc440_0 .net "biu_read", 0 0, L_0x1a206c0;  alias, 1 drivers
v0x19cc4e0_0 .net "biu_write", 0 0, v0x19cd750_0;  alias, 1 drivers
v0x19cc580_0 .net "biudata_error", 0 0, L_0x1a25260;  alias, 1 drivers
v0x19cc620_0 .net "biudata_valid", 0 0, L_0x1a25160;  alias, 1 drivers
v0x19cc6c0_0 .net "burst", 0 0, L_0x1a22770;  alias, 1 drivers
v0x19cc760_0 .var "cache_inhibit", 0 0;
v0x19cc800_0 .net "clk", 0 0, v0x19f0750_0;  alias, 1 drivers
v0x19cc8a0_0 .var "cnt", 2 0;
v0x19cc940_0 .net "dc_addr", 31 0, L_0x1a20b20;  alias, 1 drivers
v0x19cc9e0_0 .net "dc_en", 0 0, L_0x1a05150;  alias, 1 drivers
v0x19cca80_0 .net "dcqmem_ci_i", 0 0, L_0x1a243a0;  alias, 1 drivers
v0x19ccb20_0 .net "dcqmem_cycstb_i", 0 0, L_0x1a242a0;  alias, 1 drivers
v0x19ccbc0_0 .net "dcqmem_sel_i", 3 0, L_0x1a24540;  alias, 1 drivers
v0x19ccc60_0 .net "dcqmem_we_i", 0 0, L_0x1a24210;  alias, 1 drivers
v0x19ccd00_0 .net "dcram_we", 3 0, L_0x1a20030;  alias, 1 drivers
v0x19ccda0_0 .net "first_hit_ack", 0 0, L_0x1a213c0;  alias, 1 drivers
v0x19cce40_0 .net "first_miss_ack", 0 0, L_0x1a21ae0;  alias, 1 drivers
v0x19ccee0_0 .net "first_miss_err", 0 0, L_0x1a22060;  alias, 1 drivers
v0x19cba10_0 .net "first_store_hit_ack", 0 0, L_0x1a21b90;  1 drivers
v0x19cbad0_0 .var "hitmiss_eval", 0 0;
v0x19cd390_0 .var "load", 0 0;
v0x19cd430_0 .net "rst", 0 0, v0x19f27d0_0;  alias, 1 drivers
v0x19cd4d0_0 .net "saved_addr", 31 0, v0x19cd570_0;  alias, 1 drivers
v0x19cd570_0 .var "saved_addr_r", 31 0;
v0x19cd610_0 .net "start_addr", 31 0, L_0x1a24110;  alias, 1 drivers
v0x19cd6b0_0 .var "state", 2 0;
v0x19cd750_0 .var "store", 0 0;
v0x19cd7f0_0 .net "tag_we", 0 0, L_0x1a202a0;  alias, 1 drivers
v0x19cd890_0 .net "tagcomp_miss", 0 0, v0x19d1480_0;  1 drivers
L_0x1a1fc80 .reduce/nor v0x19cc760_0;
L_0x1a1fde0 .repeat 4, 4, L_0x1a1fd20;
L_0x1a1fed0 .repeat 4, 4, L_0x1a21b90;
L_0x1a201b0 .reduce/nor v0x19cc760_0;
L_0x1a20470 .reduce/nor v0x19cbad0_0;
L_0x1a209c0 .reduce/nor v0x19cbad0_0;
L_0x1a20b20 .functor MUXZ 32, L_0x1a24110, v0x19cd570_0, L_0x1a1eb20, C4<>;
L_0x1a20da0 .cmp/eq 3, v0x19cd6b0_0, L_0x7f106a89b728;
L_0x1a20ee0 .reduce/nor v0x19d1480_0;
L_0x1a21090 .reduce/nor v0x19cc760_0;
L_0x1a21180 .reduce/nor L_0x1a243a0;
L_0x1a214d0 .cmp/eq 3, v0x19cd6b0_0, L_0x7f106a89b770;
L_0x1a21680 .reduce/nor v0x19d1480_0;
L_0x1a21960 .reduce/nor v0x19cc760_0;
L_0x1a21870 .reduce/nor L_0x1a243a0;
L_0x1a21ca0 .cmp/eq 3, v0x19cd6b0_0, L_0x7f106a89b7b8;
L_0x1a21e20 .cmp/eq 3, v0x19cd6b0_0, L_0x7f106a89b800;
L_0x1a222c0 .cmp/eq 3, v0x19cd6b0_0, L_0x7f106a89b848;
L_0x1a22400 .cmp/eq 3, v0x19cd6b0_0, L_0x7f106a89b890;
L_0x1a22680 .cmp/eq 3, v0x19cd6b0_0, L_0x7f106a89b8d8;
L_0x1a225b0 .reduce/nor v0x19cc760_0;
L_0x1a22a60 .cmp/eq 3, v0x19cd6b0_0, L_0x7f106a89b920;
S_0x19cd9e0 .scope module, "or1200_dc_ram" "or1200_dc_ram" 24 212, 26 5 0, S_0x14b42b0;
 .timescale -12 -12;
    .port_info 0 /INPUT 1 "clk";
    .port_info 1 /INPUT 1 "rst";
    .port_info 2 /INPUT 11 "addr";
    .port_info 3 /INPUT 1 "en";
    .port_info 4 /INPUT 4 "we";
    .port_info 5 /INPUT 32 "datain";
    .port_info 6 /OUTPUT 32 "dataout";
P_0x1836cf0 .param/l "aw" 0 26 19, +C4<000000000000000000000000000001011>;
P_0x1836d30 .param/l "dw" 0 26 18, +C4<00000000000000000000000000100000>;
v0x19ca100_0 .net "addr", 10 0, L_0x1a22870;  1 drivers
v0x19cdc60_0 .net "clk", 0 0, v0x19f0750_0;  alias, 1 drivers
v0x18efd30_0 .net "datain", 31 0, L_0x1a1f7a0;  alias, 1 drivers
v0x19cdf10_0 .net "dataout", 31 0, L_0x7f106a89b968;  alias, 1 drivers
v0x19cdfb0_0 .net "en", 0 0, L_0x1a05150;  alias, 1 drivers
v0x19ce050_0 .net "rst", 0 0, v0x19f27d0_0;  alias, 1 drivers
v0x18cf130_0 .net "we", 3 0, L_0x1a20030;  alias, 1 drivers
S_0x19ce300 .scope module, "or1200_dc_tag" "or1200_dc_tag" 24 233, 27 5 0, S_0x14b42b0;
 .timescale -12 -12;
    .port_info 0 /INPUT 1 "clk";
    .port_info 1 /INPUT 1 "rst";
    .port_info 2 /INPUT 9 "addr";
    .port_info 3 /INPUT 1 "en";
    .port_info 4 /INPUT 1 "we";
    .port_info 5 /INPUT 20 "datain";
    .port_info 6 /OUTPUT 1 "tag_v";
    .port_info 7 /OUTPUT 19 "tag";
P_0x1996d50 .param/l "aw" 0 27 19, +C4<000000000000000000000000000001001>;
P_0x1996d90 .param/l "dw" 0 27 18, +C4<00000000000000000000000000010100>;
v0x19ce5a0_0 .net "addr", 8 0, L_0x1a1e110;  alias, 1 drivers
v0x19ce640_0 .net "clk", 0 0, v0x19f0750_0;  alias, 1 drivers
v0x19ce6e0_0 .net "datain", 19 0, L_0x1a22fa0;  alias, 1 drivers
v0x19ce780_0 .net "en", 0 0, L_0x1a1e2a0;  alias, 1 drivers
v0x19ce820_0 .net "rst", 0 0, v0x19f27d0_0;  alias, 1 drivers
v0x19ce8c0_0 .net "tag", 18 0, L_0x7f106a89b9b0;  alias, 1 drivers
v0x19ce960_0 .net "tag_v", 0 0, L_0x7f106a89b9f8;  alias, 1 drivers
v0x19cea00_0 .net "we", 0 0, L_0x1a1de70;  alias, 1 drivers
S_0x19d19d0 .scope module, "or1200_dmmu_top" "or1200_dmmu_top" 3 617, 28 9 0, S_0x19613f0;
 .timescale -12 -12;
    .port_info 0 /INPUT 1 "clk";
    .port_info 1 /INPUT 1 "rst";
    .port_info 2 /INPUT 1 "dc_en";
    .port_info 3 /INPUT 1 "dmmu_en";
    .port_info 4 /INPUT 1 "supv";
    .port_info 5 /INPUT 32 "dcpu_adr_i";
    .port_info 6 /INPUT 1 "dcpu_cycstb_i";
    .port_info 7 /INPUT 1 "dcpu_we_i";
    .port_info 8 /OUTPUT 4 "dcpu_tag_o";
    .port_info 9 /OUTPUT 1 "dcpu_err_o";
    .port_info 10 /INPUT 1 "spr_cs";
    .port_info 11 /INPUT 1 "spr_write";
    .port_info 12 /INPUT 32 "spr_addr";
    .port_info 13 /INPUT 32 "spr_dat_i";
    .port_info 14 /OUTPUT 32 "spr_dat_o";
    .port_info 15 /INPUT 1 "qmemdmmu_err_i";
    .port_info 16 /INPUT 4 "qmemdmmu_tag_i";
    .port_info 17 /OUTPUT 32 "qmemdmmu_adr_o";
    .port_info 18 /OUTPUT 1 "qmemdmmu_cycstb_o";
    .port_info 19 /OUTPUT 1 "qmemdmmu_ci_o";
P_0x1995a40 .param/l "aw" 0 28 30, +C4<00000000000000000000000000100000>;
P_0x1995a80 .param/l "dw" 0 28 29, +C4<00000000000000000000000000100000>;
L_0x1a0ef00 .functor BUFZ 32, L_0x1a14d40, C4<00000000000000000000000000000000>, C4<00000000000000000000000000000000>, C4<00000000000000000000000000000000>;
L_0x1a1d970 .functor BUFZ 4, L_0x1a23d80, C4<0000>, C4<0000>, C4<0000>;
L_0x1a1d9e0 .functor BUFZ 1, L_0x1a15200, C4<0>, C4<0>, C4<0>;
L_0x1997630 .functor BUFZ 1, L_0x1a23ef0, C4<0>, C4<0>, C4<0>;
v0x19d1df0_0 .net "clk", 0 0, v0x19f0750_0;  alias, 1 drivers
v0x19d1e90_0 .net "dc_en", 0 0, L_0x1a05150;  alias, 1 drivers
v0x19d1f30_0 .net "dcpu_adr_i", 31 0, L_0x1a14d40;  alias, 1 drivers
v0x19d1fd0_0 .net "dcpu_cycstb_i", 0 0, L_0x1a15200;  alias, 1 drivers
v0x19d2070_0 .net "dcpu_err_o", 0 0, L_0x1997630;  alias, 1 drivers
v0x19d2110_0 .net "dcpu_tag_o", 3 0, L_0x1a1d970;  alias, 1 drivers
v0x19d21b0_0 .net "dcpu_we_i", 0 0, L_0x1a15340;  alias, 1 drivers
v0x19d2250_0 .net "dmmu_en", 0 0, L_0x1a05570;  alias, 1 drivers
v0x19d22f0_0 .net "qmemdmmu_adr_o", 31 0, L_0x1a0ef00;  alias, 1 drivers
v0x19d2390_0 .net "qmemdmmu_ci_o", 0 0, L_0x1a1dc70;  alias, 1 drivers
v0x19d2430_0 .net "qmemdmmu_cycstb_o", 0 0, L_0x1a1d9e0;  alias, 1 drivers
v0x19d24d0_0 .net "qmemdmmu_err_i", 0 0, L_0x1a23ef0;  alias, 1 drivers
v0x19d2570_0 .net "qmemdmmu_tag_i", 3 0, L_0x1a23d80;  alias, 1 drivers
v0x19d2610_0 .net "rst", 0 0, v0x19f27d0_0;  alias, 1 drivers
v0x19d26b0_0 .net "spr_addr", 31 0, L_0x1a0c2f0;  alias, 1 drivers
v0x19d2750_0 .net "spr_cs", 0 0, L_0x1a1d290;  alias, 1 drivers
v0x19d27f0_0 .net "spr_dat_i", 31 0, L_0x1a0c4c0;  alias, 1 drivers
v0x19d29a0_0 .net "spr_dat_o", 31 0, L_0x7f106a89b608;  alias, 1 drivers
v0x19d2a40_0 .net "spr_write", 0 0, L_0x19dd030;  alias, 1 drivers
v0x19d2ae0_0 .net "supv", 0 0, L_0x1a056b0;  alias, 1 drivers
L_0x1a1dc70 .part L_0x1a14d40, 31, 1;
S_0x19d2c30 .scope module, "or1200_du" "or1200_du" 3 808, 29 9 0, S_0x19613f0;
 .timescale -12 -12;
    .port_info 0 /INPUT 1 "clk";
    .port_info 1 /INPUT 1 "rst";
    .port_info 2 /INPUT 1 "dcpu_cycstb_i";
    .port_info 3 /INPUT 1 "dcpu_we_i";
    .port_info 4 /INPUT 32 "dcpu_adr_i";
    .port_info 5 /INPUT 32 "dcpu_dat_lsu";
    .port_info 6 /INPUT 32 "dcpu_dat_dc";
    .port_info 7 /INPUT 1 "icpu_cycstb_i";
    .port_info 8 /INPUT 1 "ex_freeze";
    .port_info 9 /INPUT 3 "branch_op";
    .port_info 10 /INPUT 32 "ex_insn";
    .port_info 11 /INPUT 32 "id_pc";
    .port_info 12 /INPUT 32 "spr_dat_npc";
    .port_info 13 /INPUT 32 "rf_dataw";
    .port_info 14 /OUTPUT 14 "du_dsr";
    .port_info 15 /OUTPUT 1 "du_stall";
    .port_info 16 /OUTPUT 32 "du_addr";
    .port_info 17 /INPUT 32 "du_dat_i";
    .port_info 18 /OUTPUT 32 "du_dat_o";
    .port_info 19 /OUTPUT 1 "du_read";
    .port_info 20 /OUTPUT 1 "du_write";
    .port_info 21 /INPUT 13 "du_except";
    .port_info 22 /OUTPUT 1 "du_hwbkpt";
    .port_info 23 /INPUT 1 "spr_cs";
    .port_info 24 /INPUT 1 "spr_write";
    .port_info 25 /INPUT 32 "spr_addr";
    .port_info 26 /INPUT 32 "spr_dat_i";
    .port_info 27 /OUTPUT 32 "spr_dat_o";
    .port_info 28 /INPUT 1 "dbg_stall_i";
    .port_info 29 /INPUT 1 "dbg_ewt_i";
    .port_info 30 /OUTPUT 4 "dbg_lss_o";
    .port_info 31 /OUTPUT 2 "dbg_is_o";
    .port_info 32 /OUTPUT 11 "dbg_wp_o";
    .port_info 33 /OUTPUT 1 "dbg_bp_o";
    .port_info 34 /INPUT 1 "dbg_stb_i";
    .port_info 35 /INPUT 1 "dbg_we_i";
    .port_info 36 /INPUT 32 "dbg_adr_i";
    .port_info 37 /INPUT 32 "dbg_dat_i";
    .port_info 38 /OUTPUT 32 "dbg_dat_o";
    .port_info 39 /OUTPUT 1 "dbg_ack_o";
P_0x1852210 .param/l "aw" 0 29 26, +C4<00000000000000000000000000100000>;
P_0x1852250 .param/l "dw" 0 29 25, +C4<00000000000000000000000000100000>;
L_0x1a25400 .functor BUFZ 32, L_0x1a0c810, C4<00000000000000000000000000000000>, C4<00000000000000000000000000000000>, C4<00000000000000000000000000000000>;
L_0x1a25470 .functor BUFZ 1, v0x19f0e30_0, C4<0>, C4<0>, C4<0>;
L_0x1a254e0 .functor BUFZ 32, v0x19f09d0_0, C4<00000000000000000000000000000000>, C4<00000000000000000000000000000000>, C4<00000000000000000000000000000000>;
L_0x1a25550 .functor BUFZ 32, v0x19f0b10_0, C4<00000000000000000000000000000000>, C4<00000000000000000000000000000000>, C4<00000000000000000000000000000000>;
L_0x1a25660 .functor AND 1, v0x19f0ed0_0, L_0x1a255c0, C4<1>, C4<1>;
L_0x1a256d0 .functor AND 1, v0x19f0ed0_0, v0x19f0f70_0, C4<1>, C4<1>;
L_0x1a259a0 .functor AND 1, L_0x1a25360, L_0x1a25900, C4<1>, C4<1>;
L_0x1a25b50 .functor AND 1, L_0x1a25360, L_0x1a25ab0, C4<1>, C4<1>;
L_0x1a25d90 .functor AND 1, L_0x1a25360, L_0x1a25cf0, C4<1>, C4<1>;
L_0x1a25e00 .functor BUFZ 1, v0x19d3da0_0, C4<0>, C4<0>, C4<0>;
v0x19c9af0_0 .net *"_ivl_13", 0 0, L_0x1a255c0;  1 drivers
v0x19d34e0_0 .net *"_ivl_19", 10 0, L_0x1a25860;  1 drivers
L_0x7f106a89bad0 .functor BUFT 1, C4<00000010000>, C4<0>, C4<0>, C4<0>;
v0x19d3580_0 .net/2u *"_ivl_20", 10 0, L_0x7f106a89bad0;  1 drivers
v0x19d3620_0 .net *"_ivl_22", 0 0, L_0x1a25900;  1 drivers
v0x19d36c0_0 .net *"_ivl_27", 10 0, L_0x1a25a10;  1 drivers
L_0x7f106a89bb18 .functor BUFT 1, C4<00000010100>, C4<0>, C4<0>, C4<0>;
v0x19d3760_0 .net/2u *"_ivl_28", 10 0, L_0x7f106a89bb18;  1 drivers
v0x19d3800_0 .net *"_ivl_30", 0 0, L_0x1a25ab0;  1 drivers
v0x19d38a0_0 .net *"_ivl_35", 10 0, L_0x1a25c50;  1 drivers
L_0x7f106a89bb60 .functor BUFT 1, C4<00000010101>, C4<0>, C4<0>, C4<0>;
v0x19d3940_0 .net/2u *"_ivl_36", 10 0, L_0x7f106a89bb60;  1 drivers
v0x19d39e0_0 .net *"_ivl_38", 0 0, L_0x1a25cf0;  1 drivers
v0x19d3a80_0 .net "branch_op", 2 0, v0x1947d10_0;  alias, 1 drivers
v0x19d3b20_0 .net "clk", 0 0, v0x19f0750_0;  alias, 1 drivers
v0x19d3bc0_0 .var "dbg_ack_o", 0 0;
v0x19d3c60_0 .net "dbg_adr_i", 31 0, v0x19f09d0_0;  alias, 1 drivers
v0x19d3d00_0 .net "dbg_bp_o", 0 0, L_0x1a25e00;  alias, 1 drivers
v0x19d3da0_0 .var "dbg_bp_r", 0 0;
v0x19d3e40_0 .net "dbg_dat_i", 31 0, v0x19f0b10_0;  alias, 1 drivers
v0x19d3ff0_0 .net "dbg_dat_o", 31 0, L_0x1a25400;  alias, 1 drivers
v0x19d4090_0 .net "dbg_ewt_i", 0 0, v0x19f0c50_0;  alias, 1 drivers
v0x19d4130_0 .var "dbg_is_o", 1 0;
v0x19d41d0_0 .net "dbg_lss_o", 3 0, L_0x7f106a89ba40;  alias, 1 drivers
v0x19d4270_0 .net "dbg_stall_i", 0 0, v0x19f0e30_0;  alias, 1 drivers
v0x19d4310_0 .net "dbg_stb_i", 0 0, v0x19f0ed0_0;  alias, 1 drivers
v0x19d43b0_0 .net "dbg_we_i", 0 0, v0x19f0f70_0;  alias, 1 drivers
v0x19d4450_0 .net "dbg_wp_o", 10 0, L_0x7f106a89ba88;  alias, 1 drivers
v0x19d44f0_0 .net "dcpu_adr_i", 31 0, L_0x1a14d40;  alias, 1 drivers
v0x19d4590_0 .net "dcpu_cycstb_i", 0 0, L_0x1a15200;  alias, 1 drivers
v0x19d4630_0 .net "dcpu_dat_dc", 31 0, L_0x1a23c10;  alias, 1 drivers
v0x19d46d0_0 .net "dcpu_dat_lsu", 31 0, L_0x1a15730;  alias, 1 drivers
v0x19d4770_0 .net "dcpu_we_i", 0 0, L_0x1a15340;  alias, 1 drivers
L_0x7f106a89be30 .functor BUFT 1, C4<00000000>, C4<0>, C4<0>, C4<0>;
v0x19d4810_0 .net "dcr0", 7 0, L_0x7f106a89be30;  1 drivers
L_0x7f106a89be78 .functor BUFT 1, C4<00000000>, C4<0>, C4<0>, C4<0>;
v0x19d48b0_0 .net "dcr1", 7 0, L_0x7f106a89be78;  1 drivers
L_0x7f106a89bec0 .functor BUFT 1, C4<00000000>, C4<0>, C4<0>, C4<0>;
v0x19d4950_0 .net "dcr2", 7 0, L_0x7f106a89bec0;  1 drivers
L_0x7f106a89bf08 .functor BUFT 1, C4<00000000>, C4<0>, C4<0>, C4<0>;
v0x19d3ee0_0 .net "dcr3", 7 0, L_0x7f106a89bf08;  1 drivers
L_0x7f106a89bf50 .functor BUFT 1, C4<00000000>, C4<0>, C4<0>, C4<0>;
v0x19d4c00_0 .net "dcr4", 7 0, L_0x7f106a89bf50;  1 drivers
L_0x7f106a89bf98 .functor BUFT 1, C4<00000000>, C4<0>, C4<0>, C4<0>;
v0x19d4ca0_0 .net "dcr5", 7 0, L_0x7f106a89bf98;  1 drivers
L_0x7f106a89bfe0 .functor BUFT 1, C4<00000000>, C4<0>, C4<0>, C4<0>;
v0x19d4d40_0 .net "dcr6", 7 0, L_0x7f106a89bfe0;  1 drivers
L_0x7f106a89c028 .functor BUFT 1, C4<00000000>, C4<0>, C4<0>, C4<0>;
v0x19d4de0_0 .net "dcr7", 7 0, L_0x7f106a89c028;  1 drivers
v0x19d4e80_0 .var "dmr1", 24 0;
v0x19d4f20_0 .net "dmr1_sel", 0 0, L_0x1a259a0;  1 drivers
L_0x7f106a89bba8 .functor BUFT 1, C4<000000000000000000000000>, C4<0>, C4<0>, C4<0>;
v0x19d4fc0_0 .net "dmr2", 23 0, L_0x7f106a89bba8;  1 drivers
v0x19d5060_0 .var "drr", 13 0;
v0x19d5100_0 .net "drr_sel", 0 0, L_0x1a25d90;  1 drivers
v0x19d51a0_0 .var "dsr", 13 0;
v0x19d5240_0 .net "dsr_sel", 0 0, L_0x1a25b50;  1 drivers
v0x19d52e0_0 .net "du_addr", 31 0, L_0x1a254e0;  alias, 1 drivers
v0x19d5380_0 .net "du_dat_i", 31 0, L_0x1a0c810;  alias, 1 drivers
v0x19d5420_0 .net "du_dat_o", 31 0, L_0x1a25550;  alias, 1 drivers
v0x19d54c0_0 .net "du_dsr", 13 0, v0x19d51a0_0;  alias, 1 drivers
v0x19d5560_0 .net "du_except", 12 0, L_0x14c9b00;  alias, 1 drivers
v0x19d5600_0 .net "du_hwbkpt", 0 0, L_0x7f106a89c100;  alias, 1 drivers
v0x19d56a0_0 .net "du_read", 0 0, L_0x1a25660;  alias, 1 drivers
v0x19d5740_0 .net "du_stall", 0 0, L_0x1a25470;  alias, 1 drivers
v0x19d57e0_0 .net "du_write", 0 0, L_0x1a256d0;  alias, 1 drivers
L_0x7f106a89bbf0 .functor BUFT 1, C4<00000000000000000000000000000000>, C4<0>, C4<0>, C4<0>;
v0x19d5880_0 .net "dvr0", 31 0, L_0x7f106a89bbf0;  1 drivers
L_0x7f106a89bc38 .functor BUFT 1, C4<00000000000000000000000000000000>, C4<0>, C4<0>, C4<0>;
v0x19d5920_0 .net "dvr1", 31 0, L_0x7f106a89bc38;  1 drivers
L_0x7f106a89bc80 .functor BUFT 1, C4<00000000000000000000000000000000>, C4<0>, C4<0>, C4<0>;
v0x19d59c0_0 .net "dvr2", 31 0, L_0x7f106a89bc80;  1 drivers
L_0x7f106a89bcc8 .functor BUFT 1, C4<00000000000000000000000000000000>, C4<0>, C4<0>, C4<0>;
v0x19d5a60_0 .net "dvr3", 31 0, L_0x7f106a89bcc8;  1 drivers
L_0x7f106a89bd10 .functor BUFT 1, C4<00000000000000000000000000000000>, C4<0>, C4<0>, C4<0>;
v0x19d5b00_0 .net "dvr4", 31 0, L_0x7f106a89bd10;  1 drivers
L_0x7f106a89bd58 .functor BUFT 1, C4<00000000000000000000000000000000>, C4<0>, C4<0>, C4<0>;
v0x19d5ba0_0 .net "dvr5", 31 0, L_0x7f106a89bd58;  1 drivers
L_0x7f106a89bda0 .functor BUFT 1, C4<00000000000000000000000000000000>, C4<0>, C4<0>, C4<0>;
v0x19d5c40_0 .net "dvr6", 31 0, L_0x7f106a89bda0;  1 drivers
L_0x7f106a89bde8 .functor BUFT 1, C4<00000000000000000000000000000000>, C4<0>, C4<0>, C4<0>;
v0x19d5ce0_0 .net "dvr7", 31 0, L_0x7f106a89bde8;  1 drivers
L_0x7f106a89c070 .functor BUFT 1, C4<00000000000000000000000000000000>, C4<0>, C4<0>, C4<0>;
v0x19d5d80_0 .net "dwcr0", 31 0, L_0x7f106a89c070;  1 drivers
L_0x7f106a89c0b8 .functor BUFT 1, C4<00000000000000000000000000000000>, C4<0>, C4<0>, C4<0>;
v0x19d5e20_0 .net "dwcr1", 31 0, L_0x7f106a89c0b8;  1 drivers
v0x19d5ec0_0 .net "ex_freeze", 0 0, L_0x1a16030;  alias, 1 drivers
v0x19d49f0_0 .net "ex_insn", 31 0, v0x19200b0_0;  alias, 1 drivers
v0x19d4b00_0 .var "except_stop", 13 0;
v0x19d6370_0 .net "icpu_cycstb_i", 0 0, L_0x1a05ca0;  alias, 1 drivers
v0x19d6410_0 .net "id_pc", 31 0, v0x1855e60_0;  alias, 1 drivers
v0x19d64b0_0 .net "rf_dataw", 31 0, v0x151e320_0;  alias, 1 drivers
v0x19d6550_0 .net "rst", 0 0, v0x19f27d0_0;  alias, 1 drivers
v0x19d65f0_0 .net "spr_addr", 31 0, L_0x1a0c2f0;  alias, 1 drivers
v0x19d6690_0 .net "spr_cs", 0 0, L_0x1a25360;  alias, 1 drivers
v0x19d6730_0 .net "spr_dat_i", 31 0, L_0x1a0c4c0;  alias, 1 drivers
v0x19d67d0_0 .net "spr_dat_npc", 31 0, L_0x1a16c50;  alias, 1 drivers
v0x19d6870_0 .var "spr_dat_o", 31 0;
v0x19d6910_0 .net "spr_write", 0 0, L_0x19dd030;  alias, 1 drivers
L_0x7f106a89c1d8 .functor BUFT 1, C4<00000000000000000000000000000000>, C4<0>, C4<0>, C4<0>;
v0x19d69b0_0 .net "tbar_dat_o", 31 0, L_0x7f106a89c1d8;  1 drivers
L_0x7f106a89c148 .functor BUFT 1, C4<00000000000000000000000000000000>, C4<0>, C4<0>, C4<0>;
v0x19d6a50_0 .net "tbia_dat_o", 31 0, L_0x7f106a89c148;  1 drivers
L_0x7f106a89c190 .functor BUFT 1, C4<00000000000000000000000000000000>, C4<0>, C4<0>, C4<0>;
v0x19d6af0_0 .net "tbim_dat_o", 31 0, L_0x7f106a89c190;  1 drivers
L_0x7f106a89c220 .functor BUFT 1, C4<00000000000000000000000000000000>, C4<0>, C4<0>, C4<0>;
v0x19d6b90_0 .net "tbts_dat_o", 31 0, L_0x7f106a89c220;  1 drivers
E_0x15b3150/0 .event anyedge, v0x19d5e20_0, v0x19d5d80_0, v0x19d4de0_0, v0x19d4d40_0;
E_0x15b3150/1 .event anyedge, v0x19d4ca0_0, v0x19d4c00_0, v0x19d3ee0_0, v0x19d4950_0;
E_0x15b3150/2 .event anyedge, v0x19d48b0_0, v0x19d4810_0, v0x19d5ce0_0, v0x19d5c40_0;
E_0x15b3150/3 .event anyedge, v0x19d5ba0_0, v0x19d5b00_0, v0x19d5a60_0, v0x19d59c0_0;
E_0x15b3150/4 .event anyedge, v0x19d5920_0, v0x19d5880_0, v0x19d4fc0_0, v0x19d4e80_0;
E_0x15b3150/5 .event anyedge, v0x19d5060_0, v0x19d51a0_0, v0x198c180_0;
E_0x15b3150 .event/or E_0x15b3150/0, E_0x15b3150/1, E_0x15b3150/2, E_0x15b3150/3, E_0x15b3150/4, E_0x15b3150/5;
E_0x15b3190 .event anyedge, v0x19c4490_0;
L_0x1a255c0 .reduce/nor v0x19f0f70_0;
L_0x1a25860 .part L_0x1a0c2f0, 0, 11;
L_0x1a25900 .cmp/eq 11, L_0x1a25860, L_0x7f106a89bad0;
L_0x1a25a10 .part L_0x1a0c2f0, 0, 11;
L_0x1a25ab0 .cmp/eq 11, L_0x1a25a10, L_0x7f106a89bb18;
L_0x1a25c50 .part L_0x1a0c2f0, 0, 11;
L_0x1a25cf0 .cmp/eq 11, L_0x1a25c50, L_0x7f106a89bb60;
S_0x19d6d80 .scope module, "or1200_ic_top" "or1200_ic_top" 3 494, 30 8 0, S_0x19613f0;
 .timescale -12 -12;
    .port_info 0 /INPUT 1 "clk";
    .port_info 1 /INPUT 1 "rst";
    .port_info 2 /OUTPUT 32 "icbiu_dat_o";
    .port_info 3 /OUTPUT 32 "icbiu_adr_o";
    .port_info 4 /OUTPUT 1 "icbiu_cyc_o";
    .port_info 5 /OUTPUT 1 "icbiu_stb_o";
    .port_info 6 /OUTPUT 1 "icbiu_we_o";
    .port_info 7 /OUTPUT 4 "icbiu_sel_o";
    .port_info 8 /OUTPUT 1 "icbiu_cab_o";
    .port_info 9 /INPUT 32 "icbiu_dat_i";
    .port_info 10 /INPUT 1 "icbiu_ack_i";
    .port_info 11 /INPUT 1 "icbiu_err_i";
    .port_info 12 /INPUT 1 "ic_en";
    .port_info 13 /INPUT 32 "icqmem_adr_i";
    .port_info 14 /INPUT 1 "icqmem_cycstb_i";
    .port_info 15 /INPUT 1 "icqmem_ci_i";
    .port_info 16 /INPUT 4 "icqmem_sel_i";
    .port_info 17 /INPUT 4 "icqmem_tag_i";
    .port_info 18 /OUTPUT 32 "icqmem_dat_o";
    .port_info 19 /OUTPUT 1 "icqmem_ack_o";
    .port_info 20 /OUTPUT 1 "icqmem_rty_o";
    .port_info 21 /OUTPUT 1 "icqmem_err_o";
    .port_info 22 /OUTPUT 4 "icqmem_tag_o";
    .port_info 23 /INPUT 1 "spr_cs";
    .port_info 24 /INPUT 1 "spr_write";
    .port_info 25 /INPUT 32 "spr_dat_i";
P_0x1582ce0 .param/l "dw" 0 30 31, +C4<00000000000000000000000000100000>;
L_0x14bdde0 .functor BUFZ 32, L_0x1a039d0, C4<00000000000000000000000000000000>, C4<00000000000000000000000000000000>, C4<00000000000000000000000000000000>;
L_0x14bd9f0 .functor AND 1, L_0x1a031e0, L_0x19dd030, C4<1>, C4<1>;
L_0x14b6790 .functor OR 1, L_0x14ca010, L_0x14bd9f0, C4<0>, C4<0>;
L_0x14c3570 .functor OR 1, L_0x14bd9f0, L_0x1a054d0, C4<0>, C4<0>;
L_0x14c4600 .functor NOT 1, L_0x14bd9f0, C4<0>, C4<0>, C4<0>;
L_0x14b9540 .functor AND 1, L_0x1a054d0, L_0x14c6760, C4<1>, C4<1>;
L_0x14b82d0 .functor NOT 1, L_0x1a03890, C4<0>, C4<0>, C4<0>;
L_0x14b8da0 .functor NOT 1, L_0x1a03930, C4<0>, C4<0>, C4<0>;
L_0x14b9190 .functor AND 1, L_0x14b82d0, L_0x14b8da0, C4<1>, C4<1>;
L_0x14b93d0 .functor OR 1, L_0x14b4bd0, L_0x14b5d00, C4<0>, C4<0>;
L_0x14b6c00 .functor BUFZ 32, L_0x19f29b0, C4<00000000000000000000000000000000>, C4<00000000000000000000000000000000>, C4<00000000000000000000000000000000>;
L_0x14b74e0 .functor OR 1, L_0x14b5d00, L_0x1a03a70, C4<0>, C4<0>;
v0x19da660_0 .net *"_ivl_24", 0 0, L_0x14b9540;  1 drivers
L_0x7f106a89a1c8 .functor BUFT 1, C4<1111>, C4<0>, C4<0>, C4<0>;
v0x19da700_0 .net/2u *"_ivl_26", 3 0, L_0x7f106a89a1c8;  1 drivers
L_0x7f106a89a210 .functor BUFT 1, C4<0>, C4<0>, C4<0>, C4<0>;
v0x19da7a0_0 .net/2u *"_ivl_30", 0 0, L_0x7f106a89a210;  1 drivers
v0x19da840_0 .net *"_ivl_34", 0 0, L_0x14b82d0;  1 drivers
v0x19da8e0_0 .net *"_ivl_36", 0 0, L_0x14b8da0;  1 drivers
L_0x7f106a89a258 .functor BUFT 1, C4<1011>, C4<0>, C4<0>, C4<0>;
v0x19da980_0 .net/2u *"_ivl_40", 3 0, L_0x7f106a89a258;  1 drivers
v0x19daa20_0 .net *"_ivl_44", 0 0, L_0x14b93d0;  1 drivers
v0x19daac0_0 .net *"_ivl_55", 0 0, L_0x1a03a70;  1 drivers
v0x19dab60_0 .net *"_ivl_56", 0 0, L_0x14b74e0;  1 drivers
v0x19dac00_0 .net *"_ivl_61", 3 0, L_0x1a03bb0;  1 drivers
v0x19daca0_0 .net *"_ivl_63", 3 0, L_0x1a03c50;  1 drivers
v0x19dad40_0 .net *"_ivl_67", 4 0, L_0x1a03d90;  1 drivers
v0x19dade0_0 .net *"_ivl_69", 4 0, L_0x1a03e30;  1 drivers
v0x19dae80_0 .net *"_ivl_7", 8 0, L_0x1a03280;  1 drivers
v0x19daf20_0 .net *"_ivl_73", 4 0, L_0x1a04010;  1 drivers
v0x19dafc0_0 .net *"_ivl_75", 4 0, L_0x1a03ed0;  1 drivers
v0x19db060_0 .net *"_ivl_79", 4 0, L_0x1a040b0;  1 drivers
v0x19db210_0 .net *"_ivl_81", 4 0, L_0x1a042c0;  1 drivers
v0x19db2b0_0 .net *"_ivl_87", 18 0, L_0x1a04360;  1 drivers
v0x19db350_0 .net *"_ivl_9", 8 0, L_0x1a03320;  1 drivers
v0x19db3f0_0 .net "addr_ic_ram", 12 2, L_0x1a05020;  1 drivers
v0x19db490_0 .net "clk", 0 0, v0x19f0750_0;  alias, 1 drivers
L_0x7f106a89a408 .functor BUFT 1, C4<00000000000000000000000000000000>, C4<0>, C4<0>, C4<0>;
v0x19db530_0 .net "from_icram", 31 0, L_0x7f106a89a408;  1 drivers
v0x19db5d0_0 .net "ic_addr", 31 0, L_0x1a039d0;  1 drivers
v0x19db670_0 .net "ic_en", 0 0, L_0x1a054d0;  alias, 1 drivers
v0x19db710_0 .net "ic_inv", 0 0, L_0x14bd9f0;  1 drivers
v0x19db7b0_0 .net "ic_tag_datain", 31 12, L_0x1a05230;  1 drivers
v0x19db850_0 .net "icbiu_ack_i", 0 0, L_0x1522320;  alias, 1 drivers
v0x19db8f0_0 .net "icbiu_adr_o", 31 0, L_0x14bdde0;  alias, 1 drivers
v0x19db990_0 .net "icbiu_cab_o", 0 0, L_0x1a03750;  alias, 1 drivers
v0x19dba30_0 .net "icbiu_cyc_o", 0 0, L_0x1a03460;  alias, 1 drivers
v0x19dbad0_0 .net "icbiu_dat_i", 31 0, L_0x19f29b0;  alias, 1 drivers
v0x19dbb70_0 .net "icbiu_dat_o", 31 0, L_0x7f106a89a138;  alias, 1 drivers
v0x19db100_0 .net "icbiu_err_i", 0 0, L_0x14e46f0;  alias, 1 drivers
v0x19dbe20_0 .net "icbiu_sel_o", 3 0, L_0x1a036b0;  alias, 1 drivers
v0x19dbec0_0 .net "icbiu_stb_o", 0 0, L_0x1a03500;  alias, 1 drivers
v0x19dbf60_0 .net "icbiu_we_o", 0 0, L_0x7f106a89a180;  alias, 1 drivers
v0x19dc000_0 .net "icfsm_biu_read", 0 0, L_0x14c6760;  1 drivers
v0x19dc0a0_0 .net "icfsm_burst", 0 0, L_0x14c8690;  1 drivers
v0x19dc140_0 .net "icfsm_first_hit_ack", 0 0, L_0x14b4bd0;  1 drivers
v0x19dc1e0_0 .net "icfsm_first_miss_ack", 0 0, L_0x14b5d00;  1 drivers
v0x19dc280_0 .net "icfsm_first_miss_err", 0 0, L_0x14bf150;  1 drivers
v0x19dc320_0 .net "icfsm_tag_we", 0 0, L_0x14ca010;  1 drivers
v0x19dc3c0_0 .net "icqmem_ack_o", 0 0, L_0x1a03890;  alias, 1 drivers
v0x19dc460_0 .net "icqmem_adr_i", 31 0, L_0x1a23710;  alias, 1 drivers
v0x19dc500_0 .net "icqmem_ci_i", 0 0, L_0x1a23910;  alias, 1 drivers
v0x19dc5a0_0 .net "icqmem_cycstb_i", 0 0, L_0x1a23810;  alias, 1 drivers
v0x19dc640_0 .net "icqmem_dat_o", 31 0, L_0x1a03b10;  alias, 1 drivers
v0x19dc6e0_0 .net "icqmem_err_o", 0 0, L_0x1a03930;  alias, 1 drivers
v0x19dc780_0 .net "icqmem_rty_o", 0 0, L_0x14b9190;  alias, 1 drivers
v0x19dc820_0 .net "icqmem_sel_i", 3 0, L_0x1a23a10;  alias, 1 drivers
v0x19dc8c0_0 .net "icqmem_tag_i", 3 0, L_0x1a23b10;  alias, 1 drivers
v0x19dc960_0 .net "icqmem_tag_o", 3 0, L_0x1a037f0;  alias, 1 drivers
v0x19dca00_0 .net "icram_we", 3 0, L_0x1a044d0;  1 drivers
v0x19dcaa0_0 .net "ictag_addr", 12 4, L_0x1a033c0;  1 drivers
v0x19dcb40_0 .net "ictag_en", 0 0, L_0x14c3570;  1 drivers
v0x19dcbe0_0 .net "ictag_v", 0 0, L_0x14c4600;  1 drivers
v0x19dcc80_0 .net "ictag_we", 0 0, L_0x14b6790;  1 drivers
v0x19dcd20_0 .net "rst", 0 0, v0x19f27d0_0;  alias, 1 drivers
v0x19dcdc0_0 .net "saved_addr", 31 0, v0x19d94c0_0;  1 drivers
v0x19dce60_0 .net "spr_cs", 0 0, L_0x1a031e0;  alias, 1 drivers
v0x19dcf00_0 .net "spr_dat_i", 31 0, L_0x1a0c4c0;  alias, 1 drivers
v0x19dd0b0_0 .net "spr_write", 0 0, L_0x19dd030;  alias, 1 drivers
L_0x7f106a89a450 .functor BUFT 1, C4<0000000000000000000>, C4<0>, C4<0>, C4<0>;
v0x19dd150_0 .net "tag", 18 0, L_0x7f106a89a450;  1 drivers
v0x19dd1f0_0 .net "tag_comp_0", 0 0, L_0x1a04200;  1 drivers
v0x19dbc10_0 .net "tag_comp_1", 0 0, L_0x1a04160;  1 drivers
v0x19dbcd0_0 .net "tag_comp_2", 0 0, L_0x1a03f70;  1 drivers
v0x19dd6a0_0 .net "tag_comp_3", 0 0, L_0x1a03cf0;  1 drivers
L_0x7f106a89a498 .functor BUFT 1, C4<0>, C4<0>, C4<0>, C4<0>;
v0x19dd740_0 .net "tag_v", 0 0, L_0x7f106a89a498;  1 drivers
v0x19dd7e0_0 .var "tagcomp_miss", 0 0;
v0x19dd880_0 .net "to_icram", 31 0, L_0x14b6c00;  1 drivers
E_0x1587e20 .event anyedge, v0x19da520_0, v0x19d9420_0, v0x19da480_0;
L_0x1a03280 .part L_0x1a0c4c0, 4, 9;
L_0x1a03320 .part L_0x1a039d0, 4, 9;
L_0x1a033c0 .functor MUXZ 9, L_0x1a03320, L_0x1a03280, L_0x14bd9f0, C4<>;
L_0x1a03460 .functor MUXZ 1, L_0x1a23810, L_0x14c6760, L_0x1a054d0, C4<>;
L_0x1a03500 .functor MUXZ 1, L_0x1a23810, L_0x14c6760, L_0x1a054d0, C4<>;
L_0x1a036b0 .functor MUXZ 4, L_0x1a23a10, L_0x7f106a89a1c8, L_0x14b9540, C4<>;
L_0x1a03750 .functor MUXZ 1, L_0x7f106a89a210, L_0x14c8690, L_0x1a054d0, C4<>;
L_0x1a037f0 .functor MUXZ 4, L_0x1a23b10, L_0x7f106a89a258, L_0x1a03930, C4<>;
L_0x1a03890 .functor MUXZ 1, L_0x1522320, L_0x14b93d0, L_0x1a054d0, C4<>;
L_0x1a03930 .functor MUXZ 1, L_0x14e46f0, L_0x14bf150, L_0x1a054d0, C4<>;
L_0x1a039d0 .functor MUXZ 32, L_0x1a23710, v0x19d94c0_0, L_0x14c6760, C4<>;
L_0x1a03a70 .reduce/nor L_0x1a054d0;
L_0x1a03b10 .functor MUXZ 32, L_0x7f106a89a408, L_0x19f29b0, L_0x14b74e0, C4<>;
L_0x1a03bb0 .part L_0x7f106a89a450, 15, 4;
L_0x1a03c50 .part v0x19d94c0_0, 28, 4;
L_0x1a03cf0 .cmp/ne 4, L_0x1a03bb0, L_0x1a03c50;
L_0x1a03d90 .part L_0x7f106a89a450, 10, 5;
L_0x1a03e30 .part v0x19d94c0_0, 23, 5;
L_0x1a03f70 .cmp/ne 5, L_0x1a03d90, L_0x1a03e30;
L_0x1a04010 .part L_0x7f106a89a450, 5, 5;
L_0x1a03ed0 .part v0x19d94c0_0, 18, 5;
L_0x1a04160 .cmp/ne 5, L_0x1a04010, L_0x1a03ed0;
L_0x1a040b0 .part L_0x7f106a89a450, 0, 5;
L_0x1a042c0 .part v0x19d94c0_0, 13, 5;
L_0x1a04200 .cmp/ne 5, L_0x1a040b0, L_0x1a042c0;
L_0x1a05020 .part L_0x1a039d0, 2, 11;
L_0x1a04360 .part L_0x1a039d0, 13, 19;
L_0x1a05230 .concat [ 1 19 0 0], L_0x14c4600, L_0x1a04360;
S_0x19d7260 .scope module, "or1200_ic_fsm" "or1200_ic_fsm" 30 193, 31 14 0, S_0x19d6d80;
 .timescale -12 -12;
    .port_info 0 /INPUT 1 "clk";
    .port_info 1 /INPUT 1 "rst";
    .port_info 2 /INPUT 1 "ic_en";
    .port_info 3 /INPUT 1 "icqmem_cycstb_i";
    .port_info 4 /INPUT 1 "icqmem_ci_i";
    .port_info 5 /INPUT 1 "tagcomp_miss";
    .port_info 6 /INPUT 1 "biudata_valid";
    .port_info 7 /INPUT 1 "biudata_error";
    .port_info 8 /INPUT 32 "start_addr";
    .port_info 9 /OUTPUT 32 "saved_addr";
    .port_info 10 /OUTPUT 4 "icram_we";
    .port_info 11 /OUTPUT 1 "biu_read";
    .port_info 12 /OUTPUT 1 "first_hit_ack";
    .port_info 13 /OUTPUT 1 "first_miss_ack";
    .port_info 14 /OUTPUT 1 "first_miss_err";
    .port_info 15 /OUTPUT 1 "burst";
    .port_info 16 /OUTPUT 1 "tag_we";
L_0x14c4e70 .functor AND 1, L_0x14c6760, L_0x1522320, C4<1>, C4<1>;
L_0x14b6220 .functor AND 1, L_0x14c4e70, L_0x1a04430, C4<1>, C4<1>;
L_0x14c9cb0 .functor AND 1, L_0x14c6760, L_0x1522320, C4<1>, C4<1>;
L_0x14ca010 .functor AND 1, L_0x14c9cb0, L_0x1a04570, C4<1>, C4<1>;
L_0x14ca1c0 .functor AND 1, v0x19d8fc0_0, v0x19dd7e0_0, C4<1>, C4<1>;
L_0x14cbc10 .functor AND 1, L_0x1a04610, v0x19d92e0_0, C4<1>, C4<1>;
L_0x14c6760 .functor OR 1, L_0x14ca1c0, L_0x14cbc10, C4<0>, C4<0>;
L_0x14c40f0 .functor AND 1, L_0x1a047c0, v0x19d8fc0_0, C4<1>, C4<1>;
L_0x14c8180 .functor AND 1, L_0x14c40f0, L_0x1a04860, C4<1>, C4<1>;
L_0x14b4900 .functor AND 1, L_0x14c8180, L_0x1a04900, C4<1>, C4<1>;
L_0x14b4bd0 .functor AND 1, L_0x14b4900, L_0x1a049a0, C4<1>, C4<1>;
L_0x14b5d00 .functor AND 1, L_0x1a04a40, L_0x1522320, C4<1>, C4<1>;
L_0x14bf150 .functor AND 1, L_0x1a04bf0, L_0x14e46f0, C4<1>, C4<1>;
L_0x14c8840 .functor AND 1, L_0x1a04c90, v0x19dd7e0_0, C4<1>, C4<1>;
L_0x14bbc80 .functor AND 1, L_0x14c8840, L_0x1a04dc0, C4<1>, C4<1>;
L_0x14c8690 .functor OR 1, L_0x14bbc80, L_0x1a04f80, C4<0>, C4<0>;
v0x19d7620_0 .net *"_ivl_0", 0 0, L_0x14c4e70;  1 drivers
v0x19d76c0_0 .net *"_ivl_11", 0 0, L_0x1a04570;  1 drivers
v0x19d7760_0 .net *"_ivl_14", 0 0, L_0x14ca1c0;  1 drivers
v0x19d7800_0 .net *"_ivl_17", 0 0, L_0x1a04610;  1 drivers
v0x19d78a0_0 .net *"_ivl_18", 0 0, L_0x14cbc10;  1 drivers
L_0x7f106a89a2a0 .functor BUFT 1, C4<01>, C4<0>, C4<0>, C4<0>;
v0x19d7940_0 .net/2u *"_ivl_24", 1 0, L_0x7f106a89a2a0;  1 drivers
v0x19d79e0_0 .net *"_ivl_26", 0 0, L_0x1a047c0;  1 drivers
v0x19d7a80_0 .net *"_ivl_28", 0 0, L_0x14c40f0;  1 drivers
v0x19d7b20_0 .net *"_ivl_3", 0 0, L_0x1a04430;  1 drivers
v0x19d7bc0_0 .net *"_ivl_31", 0 0, L_0x1a04860;  1 drivers
v0x19d7c60_0 .net *"_ivl_32", 0 0, L_0x14c8180;  1 drivers
v0x19d7d00_0 .net *"_ivl_35", 0 0, L_0x1a04900;  1 drivers
v0x19d7da0_0 .net *"_ivl_36", 0 0, L_0x14b4900;  1 drivers
v0x19d7e40_0 .net *"_ivl_39", 0 0, L_0x1a049a0;  1 drivers
v0x19d7ee0_0 .net *"_ivl_4", 0 0, L_0x14b6220;  1 drivers
L_0x7f106a89a2e8 .functor BUFT 1, C4<01>, C4<0>, C4<0>, C4<0>;
v0x19d7f80_0 .net/2u *"_ivl_42", 1 0, L_0x7f106a89a2e8;  1 drivers
v0x19d8020_0 .net *"_ivl_44", 0 0, L_0x1a04a40;  1 drivers
L_0x7f106a89a330 .functor BUFT 1, C4<01>, C4<0>, C4<0>, C4<0>;
v0x19d81d0_0 .net/2u *"_ivl_48", 1 0, L_0x7f106a89a330;  1 drivers
v0x19d8270_0 .net *"_ivl_50", 0 0, L_0x1a04bf0;  1 drivers
L_0x7f106a89a378 .functor BUFT 1, C4<01>, C4<0>, C4<0>, C4<0>;
v0x19d8310_0 .net/2u *"_ivl_54", 1 0, L_0x7f106a89a378;  1 drivers
v0x19d83b0_0 .net *"_ivl_56", 0 0, L_0x1a04c90;  1 drivers
v0x19d8450_0 .net *"_ivl_58", 0 0, L_0x14c8840;  1 drivers
v0x19d84f0_0 .net *"_ivl_61", 0 0, L_0x1a04dc0;  1 drivers
v0x19d8590_0 .net *"_ivl_62", 0 0, L_0x14bbc80;  1 drivers
L_0x7f106a89a3c0 .functor BUFT 1, C4<10>, C4<0>, C4<0>, C4<0>;
v0x19d8630_0 .net/2u *"_ivl_64", 1 0, L_0x7f106a89a3c0;  1 drivers
v0x19d86d0_0 .net *"_ivl_66", 0 0, L_0x1a04f80;  1 drivers
v0x19d8770_0 .net *"_ivl_8", 0 0, L_0x14c9cb0;  1 drivers
v0x19d8810_0 .net "biu_read", 0 0, L_0x14c6760;  alias, 1 drivers
v0x19d88b0_0 .net "biudata_error", 0 0, L_0x14e46f0;  alias, 1 drivers
v0x19d8950_0 .net "biudata_valid", 0 0, L_0x1522320;  alias, 1 drivers
v0x19d89f0_0 .net "burst", 0 0, L_0x14c8690;  alias, 1 drivers
v0x19d8a90_0 .var "cache_inhibit", 0 0;
v0x19d8b30_0 .net "clk", 0 0, v0x19f0750_0;  alias, 1 drivers
v0x19d80c0_0 .var "cnt", 2 0;
v0x19d8de0_0 .net "first_hit_ack", 0 0, L_0x14b4bd0;  alias, 1 drivers
v0x19d8e80_0 .net "first_miss_ack", 0 0, L_0x14b5d00;  alias, 1 drivers
v0x19d8f20_0 .net "first_miss_err", 0 0, L_0x14bf150;  alias, 1 drivers
v0x19d8fc0_0 .var "hitmiss_eval", 0 0;
v0x19d9060_0 .net "ic_en", 0 0, L_0x1a054d0;  alias, 1 drivers
v0x19d9100_0 .net "icqmem_ci_i", 0 0, L_0x1a23910;  alias, 1 drivers
v0x19d91a0_0 .net "icqmem_cycstb_i", 0 0, L_0x1a23810;  alias, 1 drivers
v0x19d9240_0 .net "icram_we", 3 0, L_0x1a044d0;  alias, 1 drivers
v0x19d92e0_0 .var "load", 0 0;
v0x19d9380_0 .net "rst", 0 0, v0x19f27d0_0;  alias, 1 drivers
v0x19d9420_0 .net "saved_addr", 31 0, v0x19d94c0_0;  alias, 1 drivers
v0x19d94c0_0 .var "saved_addr_r", 31 0;
v0x19d9560_0 .net "start_addr", 31 0, L_0x1a23710;  alias, 1 drivers
v0x19d9600_0 .var "state", 1 0;
v0x19d96a0_0 .net "tag_we", 0 0, L_0x14ca010;  alias, 1 drivers
v0x19d9740_0 .net "tagcomp_miss", 0 0, v0x19dd7e0_0;  1 drivers
L_0x1a04430 .reduce/nor v0x19d8a90_0;
L_0x1a044d0 .repeat 4, 4, L_0x14b6220;
L_0x1a04570 .reduce/nor v0x19d8a90_0;
L_0x1a04610 .reduce/nor v0x19d8fc0_0;
L_0x1a047c0 .cmp/eq 2, v0x19d9600_0, L_0x7f106a89a2a0;
L_0x1a04860 .reduce/nor v0x19dd7e0_0;
L_0x1a04900 .reduce/nor v0x19d8a90_0;
L_0x1a049a0 .reduce/nor L_0x1a23910;
L_0x1a04a40 .cmp/eq 2, v0x19d9600_0, L_0x7f106a89a2e8;
L_0x1a04bf0 .cmp/eq 2, v0x19d9600_0, L_0x7f106a89a330;
L_0x1a04c90 .cmp/eq 2, v0x19d9600_0, L_0x7f106a89a378;
L_0x1a04dc0 .reduce/nor v0x19d8a90_0;
L_0x1a04f80 .cmp/eq 2, v0x19d9600_0, L_0x7f106a89a3c0;
S_0x19d97e0 .scope module, "or1200_ic_ram" "or1200_ic_ram" 30 218, 32 5 0, S_0x19d6d80;
 .timescale -12 -12;
    .port_info 0 /INPUT 1 "clk";
    .port_info 1 /INPUT 1 "rst";
    .port_info 2 /INPUT 11 "addr";
    .port_info 3 /INPUT 1 "en";
    .port_info 4 /INPUT 4 "we";
    .port_info 5 /INPUT 32 "datain";
    .port_info 6 /OUTPUT 32 "dataout";
P_0x1813830 .param/l "aw" 0 32 19, +C4<000000000000000000000000000001011>;
P_0x1813870 .param/l "dw" 0 32 18, +C4<00000000000000000000000000100000>;
v0x19d9a60_0 .net "addr", 10 0, L_0x1a05020;  alias, 1 drivers
v0x19d9b00_0 .net "clk", 0 0, v0x19f0750_0;  alias, 1 drivers
v0x19d9ba0_0 .net "datain", 31 0, L_0x14b6c00;  alias, 1 drivers
v0x19d9c40_0 .net "dataout", 31 0, L_0x7f106a89a408;  alias, 1 drivers
v0x19d9ce0_0 .net "en", 0 0, L_0x1a054d0;  alias, 1 drivers
v0x19d9d80_0 .net "rst", 0 0, v0x19f27d0_0;  alias, 1 drivers
v0x19d9e20_0 .net "we", 3 0, L_0x1a044d0;  alias, 1 drivers
S_0x19d9ec0 .scope module, "or1200_ic_tag" "or1200_ic_tag" 30 239, 33 5 0, S_0x19d6d80;
 .timescale -12 -12;
    .port_info 0 /INPUT 1 "clk";
    .port_info 1 /INPUT 1 "rst";
    .port_info 2 /INPUT 9 "addr";
    .port_info 3 /INPUT 1 "en";
    .port_info 4 /INPUT 1 "we";
    .port_info 5 /INPUT 20 "datain";
    .port_info 6 /OUTPUT 1 "tag_v";
    .port_info 7 /OUTPUT 19 "tag";
P_0x1539d50 .param/l "aw" 0 33 19, +C4<000000000000000000000000000001001>;
P_0x1539d90 .param/l "dw" 0 33 18, +C4<00000000000000000000000000010100>;
v0x19da160_0 .net "addr", 8 0, L_0x1a033c0;  alias, 1 drivers
v0x19da200_0 .net "clk", 0 0, v0x19f0750_0;  alias, 1 drivers
v0x19da2a0_0 .net "datain", 19 0, L_0x1a05230;  alias, 1 drivers
v0x19da340_0 .net "en", 0 0, L_0x14c3570;  alias, 1 drivers
v0x19da3e0_0 .net "rst", 0 0, v0x19f27d0_0;  alias, 1 drivers
v0x19da480_0 .net "tag", 18 0, L_0x7f106a89a450;  alias, 1 drivers
v0x19da520_0 .net "tag_v", 0 0, L_0x7f106a89a498;  alias, 1 drivers
v0x19da5c0_0 .net "we", 0 0, L_0x14b6790;  alias, 1 drivers
S_0x19dda00 .scope module, "or1200_immu_top" "or1200_immu_top" 3 450, 34 9 0, S_0x19613f0;
 .timescale -12 -12;
    .port_info 0 /INPUT 1 "clk";
    .port_info 1 /INPUT 1 "rst";
    .port_info 2 /INPUT 1 "ic_en";
    .port_info 3 /INPUT 1 "immu_en";
    .port_info 4 /INPUT 1 "supv";
    .port_info 5 /INPUT 32 "icpu_adr_i";
    .port_info 6 /INPUT 1 "icpu_cycstb_i";
    .port_info 7 /OUTPUT 32 "icpu_adr_o";
    .port_info 8 /OUTPUT 4 "icpu_tag_o";
    .port_info 9 /OUTPUT 1 "icpu_rty_o";
    .port_info 10 /OUTPUT 1 "icpu_err_o";
    .port_info 11 /INPUT 1 "spr_cs";
    .port_info 12 /INPUT 1 "spr_write";
    .port_info 13 /INPUT 32 "spr_addr";
    .port_info 14 /INPUT 32 "spr_dat_i";
    .port_info 15 /OUTPUT 32 "spr_dat_o";
    .port_info 16 /INPUT 1 "qmemimmu_rty_i";
    .port_info 17 /INPUT 1 "qmemimmu_err_i";
    .port_info 18 /INPUT 4 "qmemimmu_tag_i";
    .port_info 19 /OUTPUT 32 "qmemimmu_adr_o";
    .port_info 20 /OUTPUT 1 "qmemimmu_cycstb_o";
    .port_info 21 /OUTPUT 1 "qmemimmu_ci_o";
P_0x1480d20 .param/l "aw" 0 34 30, +C4<00000000000000000000000000100000>;
P_0x1480d60 .param/l "dw" 0 34 29, +C4<00000000000000000000000000100000>;
L_0x14e72f0 .functor BUFZ 32, L_0x1a05c00, C4<00000000000000000000000000000000>, C4<00000000000000000000000000000000>, C4<00000000000000000000000000000000>;
L_0x14d4c70 .functor BUFZ 4, L_0x1a23580, C4<0000>, C4<0000>, C4<0000>;
L_0x14d08e0 .functor NOT 1, L_0x19f3130, C4<0>, C4<0>, C4<0>;
L_0x14b4500 .functor AND 1, L_0x1a05ca0, L_0x14d08e0, C4<1>, C4<1>;
L_0x14caa30 .functor BUFZ 1, L_0x1a232f0, C4<0>, C4<0>, C4<0>;
L_0x14c1f50 .functor BUFZ 1, L_0x1a23480, C4<0>, C4<0>, C4<0>;
v0x19dde60_0 .net *"_ivl_1", 18 0, L_0x19f3090;  1 drivers
v0x19ddf00_0 .net *"_ivl_10", 0 0, L_0x14d08e0;  1 drivers
v0x19ddfa0_0 .net "clk", 0 0, v0x19f0750_0;  alias, 1 drivers
v0x19de040_0 .net "ic_en", 0 0, L_0x1a054d0;  alias, 1 drivers
v0x19de0e0_0 .net "icpu_adr_i", 31 0, L_0x1a05c00;  alias, 1 drivers
v0x19de180_0 .var "icpu_adr_o", 31 0;
v0x19de220_0 .net "icpu_cycstb_i", 0 0, L_0x1a05ca0;  alias, 1 drivers
v0x19de2c0_0 .net "icpu_err_o", 0 0, L_0x14c1f50;  alias, 1 drivers
v0x19de360_0 .net "icpu_rty_o", 0 0, L_0x14caa30;  alias, 1 drivers
v0x19de400_0 .net "icpu_tag_o", 3 0, L_0x14d4c70;  alias, 1 drivers
v0x19de4a0_0 .var "icpu_vpn_r", 31 13;
v0x19de540_0 .net "immu_en", 0 0, L_0x1a05610;  alias, 1 drivers
v0x19de5e0_0 .net "page_cross", 0 0, L_0x19f3130;  1 drivers
v0x19de680_0 .net "qmemimmu_adr_o", 31 0, L_0x14e72f0;  alias, 1 drivers
v0x19de720_0 .net "qmemimmu_ci_o", 0 0, L_0x7f106a89a0f0;  alias, 1 drivers
v0x19de7c0_0 .net "qmemimmu_cycstb_o", 0 0, L_0x14b4500;  alias, 1 drivers
v0x19de860_0 .net "qmemimmu_err_i", 0 0, L_0x1a23480;  alias, 1 drivers
v0x19dea10_0 .net "qmemimmu_rty_i", 0 0, L_0x1a232f0;  alias, 1 drivers
v0x19deab0_0 .net "qmemimmu_tag_i", 3 0, L_0x1a23580;  alias, 1 drivers
v0x19deb50_0 .net "rst", 0 0, v0x19f27d0_0;  alias, 1 drivers
v0x19debf0_0 .net "spr_addr", 31 0, L_0x1a0c2f0;  alias, 1 drivers
v0x19dec90_0 .net "spr_cs", 0 0, L_0x19f2ff0;  alias, 1 drivers
v0x19ded30_0 .net "spr_dat_i", 31 0, L_0x1a0c4c0;  alias, 1 drivers
v0x19dedd0_0 .net "spr_dat_o", 31 0, L_0x7f106a89a0a8;  alias, 1 drivers
v0x19dee70_0 .net "spr_write", 0 0, L_0x19dd030;  alias, 1 drivers
v0x19df020_0 .net "supv", 0 0, L_0x1a056b0;  alias, 1 drivers
L_0x19f3090 .part L_0x1a05c00, 13, 19;
L_0x19f3130 .cmp/ne 19, L_0x19f3090, v0x19de4a0_0;
S_0x19df180 .scope module, "or1200_pic" "or1200_pic" 3 865, 35 5 0, S_0x19613f0;
 .timescale -12 -12;
    .port_info 0 /INPUT 1 "clk";
    .port_info 1 /INPUT 1 "rst";
    .port_info 2 /INPUT 1 "spr_cs";
    .port_info 3 /INPUT 1 "spr_write";
    .port_info 4 /INPUT 32 "spr_addr";
    .port_info 5 /INPUT 32 "spr_dat_i";
    .port_info 6 /OUTPUT 32 "spr_dat_o";
    .port_info 7 /OUTPUT 1 "pic_wakeup";
    .port_info 8 /OUTPUT 1 "intr";
    .port_info 9 /INPUT 20 "pic_int";
L_0x1a26150 .functor AND 1, L_0x1a25f70, L_0x1a260b0, C4<1>, C4<1>;
L_0x1a263a0 .functor AND 1, L_0x1a25f70, L_0x1a26300, C4<1>, C4<1>;
L_0x1a137d0 .functor AND 20, v0x19f20f0_0, L_0x1a13730, C4<11111111111111111111>, C4<11111111111111111111>;
L_0x1a138e0 .functor BUFZ 1, L_0x1a13840, C4<0>, C4<0>, C4<0>;
v0x19d2dc0_0 .net *"_ivl_1", 1 0, L_0x1a26010;  1 drivers
L_0x7f106a89c2f8 .functor BUFT 1, C4<0>, C4<0>, C4<0>, C4<0>;
v0x19df460_0 .net/2u *"_ivl_10", 0 0, L_0x7f106a89c2f8;  1 drivers
v0x19df500_0 .net *"_ivl_15", 1 0, L_0x1a26260;  1 drivers
L_0x7f106a89c340 .functor BUFT 1, C4<10>, C4<0>, C4<0>, C4<0>;
v0x19df5a0_0 .net/2u *"_ivl_16", 1 0, L_0x7f106a89c340;  1 drivers
v0x19df640_0 .net *"_ivl_18", 0 0, L_0x1a26300;  1 drivers
L_0x7f106a89c268 .functor BUFT 1, C4<00>, C4<0>, C4<0>, C4<0>;
v0x19df6e0_0 .net/2u *"_ivl_2", 1 0, L_0x7f106a89c268;  1 drivers
v0x19df780_0 .net *"_ivl_21", 0 0, L_0x1a263a0;  1 drivers
L_0x7f106a89c388 .functor BUFT 1, C4<1>, C4<0>, C4<0>, C4<0>;
v0x19df820_0 .net/2u *"_ivl_22", 0 0, L_0x7f106a89c388;  1 drivers
L_0x7f106a89c3d0 .functor BUFT 1, C4<0>, C4<0>, C4<0>, C4<0>;
v0x19df8c0_0 .net/2u *"_ivl_24", 0 0, L_0x7f106a89c3d0;  1 drivers
L_0x7f106a89c418 .functor BUFT 1, C4<11>, C4<0>, C4<0>, C4<0>;
v0x19df960_0 .net/2u *"_ivl_28", 1 0, L_0x7f106a89c418;  1 drivers
v0x19dfa00_0 .net *"_ivl_30", 19 0, L_0x1a13730;  1 drivers
v0x19dfaa0_0 .net *"_ivl_4", 0 0, L_0x1a260b0;  1 drivers
v0x19dfb40_0 .net *"_ivl_7", 0 0, L_0x1a26150;  1 drivers
L_0x7f106a89c2b0 .functor BUFT 1, C4<1>, C4<0>, C4<0>, C4<0>;
v0x19dfbe0_0 .net/2u *"_ivl_8", 0 0, L_0x7f106a89c2b0;  1 drivers
v0x19dfc80_0 .net "clk", 0 0, v0x19f0750_0;  alias, 1 drivers
v0x19dfd20_0 .net "intr", 0 0, L_0x1a13840;  alias, 1 drivers
v0x19dfdc0_0 .net "pic_int", 19 0, v0x19f20f0_0;  alias, 1 drivers
v0x19dff70_0 .net "pic_wakeup", 0 0, L_0x1a138e0;  alias, 1 drivers
v0x19e0010_0 .var "picmr", 19 2;
v0x19e00b0_0 .net "picmr_sel", 0 0, L_0x1a261c0;  1 drivers
v0x19e0150_0 .var "picsr", 19 0;
v0x19e01f0_0 .net "picsr_sel", 0 0, L_0x1a264a0;  1 drivers
v0x19e0290_0 .net "rst", 0 0, v0x19f27d0_0;  alias, 1 drivers
v0x19e0330_0 .net "spr_addr", 31 0, L_0x1a0c2f0;  alias, 1 drivers
v0x19e04e0_0 .net "spr_cs", 0 0, L_0x1a25f70;  alias, 1 drivers
v0x19e0580_0 .net "spr_dat_i", 31 0, L_0x1a0c4c0;  alias, 1 drivers
v0x19e0620_0 .var "spr_dat_o", 31 0;
v0x19e06c0_0 .net "spr_write", 0 0, L_0x19dd030;  alias, 1 drivers
v0x19e0760_0 .net "um_ints", 19 0, L_0x1a137d0;  1 drivers
E_0x1569610 .event anyedge, v0x19e0150_0, v0x19e0010_0, v0x198c180_0;
L_0x1a26010 .part L_0x1a0c2f0, 0, 2;
L_0x1a260b0 .cmp/eq 2, L_0x1a26010, L_0x7f106a89c268;
L_0x1a261c0 .functor MUXZ 1, L_0x7f106a89c2f8, L_0x7f106a89c2b0, L_0x1a26150, C4<>;
L_0x1a26260 .part L_0x1a0c2f0, 0, 2;
L_0x1a26300 .cmp/eq 2, L_0x1a26260, L_0x7f106a89c340;
L_0x1a264a0 .functor MUXZ 1, L_0x7f106a89c3d0, L_0x7f106a89c388, L_0x1a263a0, C4<>;
L_0x1a13730 .concat [ 2 18 0 0], L_0x7f106a89c418, v0x19e0010_0;
L_0x1a13840 .reduce/or L_0x1a137d0;
S_0x19e0800 .scope module, "or1200_pm" "or1200_pm" 3 902, 36 5 0, S_0x19613f0;
 .timescale -12 -12;
    .port_info 0 /INPUT 1 "clk";
    .port_info 1 /INPUT 1 "rst";
    .port_info 2 /INPUT 1 "pic_wakeup";
    .port_info 3 /INPUT 1 "spr_write";
    .port_info 4 /INPUT 32 "spr_addr";
    .port_info 5 /INPUT 32 "spr_dat_i";
    .port_info 6 /OUTPUT 32 "spr_dat_o";
    .port_info 7 /OUTPUT 4 "pm_clksd";
    .port_info 8 /INPUT 1 "pm_cpustall";
    .port_info 9 /OUTPUT 1 "pm_dc_gate";
    .port_info 10 /OUTPUT 1 "pm_ic_gate";
    .port_info 11 /OUTPUT 1 "pm_dmmu_gate";
    .port_info 12 /OUTPUT 1 "pm_immu_gate";
    .port_info 13 /OUTPUT 1 "pm_tt_gate";
    .port_info 14 /OUTPUT 1 "pm_cpu_gate";
    .port_info 15 /OUTPUT 1 "pm_wakeup";
    .port_info 16 /OUTPUT 1 "pm_lvolt";
L_0x1a28410 .functor BUFZ 4, v0x19e1ef0_0, C4<0000>, C4<0000>, C4<0000>;
L_0x1a28480 .functor BUFZ 1, v0x19e1520_0, C4<0>, C4<0>, C4<0>;
L_0x1a284f0 .functor BUFZ 1, v0x19e1f90_0, C4<0>, C4<0>, C4<0>;
L_0x1a28840 .functor BUFZ 4, v0x19e1ef0_0, C4<0000>, C4<0000>, C4<0000>;
L_0x1a28900 .functor OR 1, v0x19e1520_0, v0x19e1f90_0, C4<0>, C4<0>;
L_0x1a28a10 .functor NOT 1, L_0x1a138e0, C4<0>, C4<0>, C4<0>;
L_0x1a28b10 .functor AND 1, L_0x1a28900, L_0x1a28a10, C4<1>, C4<1>;
L_0x1a28c20 .functor BUFZ 1, L_0x1a28b10, C4<0>, C4<0>, C4<0>;
L_0x1a28d20 .functor BUFZ 1, L_0x1a28b10, C4<0>, C4<0>, C4<0>;
L_0x1a28d90 .functor BUFZ 1, L_0x1a28b10, C4<0>, C4<0>, C4<0>;
L_0x1a28e00 .functor BUFZ 1, L_0x1a28b10, C4<0>, C4<0>, C4<0>;
L_0x1a28ee0 .functor NOT 1, L_0x1a138e0, C4<0>, C4<0>, C4<0>;
L_0x1a28f50 .functor AND 1, v0x19e1f90_0, L_0x1a28ee0, C4<1>, C4<1>;
L_0x1a28e70 .functor BUFZ 1, L_0x1a138e0, C4<0>, C4<0>, C4<0>;
L_0x1a29040 .functor OR 1, L_0x1a28b10, v0x19f22d0_0, C4<0>, C4<0>;
v0x19e0bc0_0 .net *"_ivl_1", 4 0, L_0x1a280a0;  1 drivers
v0x19e0c60_0 .net *"_ivl_15", 3 0, L_0x1a28410;  1 drivers
v0x19e0d00_0 .net *"_ivl_19", 0 0, L_0x1a28480;  1 drivers
L_0x7f106a89c778 .functor BUFT 1, C4<01000>, C4<0>, C4<0>, C4<0>;
v0x19e0da0_0 .net/2u *"_ivl_2", 4 0, L_0x7f106a89c778;  1 drivers
v0x19e0e40_0 .net *"_ivl_23", 0 0, L_0x1a284f0;  1 drivers
v0x19e0ee0_0 .net *"_ivl_27", 0 0, v0x19e1480_0;  1 drivers
L_0x7f106a89c850 .functor BUFT 1, C4<0000000000000000000000000>, C4<0>, C4<0>, C4<0>;
v0x19e0f80_0 .net/2u *"_ivl_31", 24 0, L_0x7f106a89c850;  1 drivers
v0x19e1020_0 .net *"_ivl_35", 0 0, L_0x1a28900;  1 drivers
v0x19e10c0_0 .net *"_ivl_37", 0 0, L_0x1a28a10;  1 drivers
v0x19e1160_0 .net *"_ivl_4", 0 0, L_0x1a28140;  1 drivers
v0x19e1200_0 .net *"_ivl_49", 0 0, L_0x1a28ee0;  1 drivers
L_0x7f106a89c7c0 .functor BUFT 1, C4<1>, C4<0>, C4<0>, C4<0>;
v0x19e12a0_0 .net/2u *"_ivl_6", 0 0, L_0x7f106a89c7c0;  1 drivers
L_0x7f106a89c808 .functor BUFT 1, C4<0>, C4<0>, C4<0>, C4<0>;
v0x19e1340_0 .net/2u *"_ivl_8", 0 0, L_0x7f106a89c808;  1 drivers
v0x19e13e0_0 .net "clk", 0 0, v0x19f0750_0;  alias, 1 drivers
v0x19e1480_0 .var "dcge", 0 0;
v0x19e1520_0 .var "dme", 0 0;
v0x19e15c0_0 .net "pic_wakeup", 0 0, L_0x1a138e0;  alias, 1 drivers
v0x19e1770_0 .net "pm_clksd", 3 0, L_0x1a28840;  alias, 1 drivers
v0x19e1810_0 .net "pm_cpu_gate", 0 0, L_0x1a28b10;  alias, 1 drivers
v0x19e18b0_0 .net "pm_cpustall", 0 0, v0x19f22d0_0;  alias, 1 drivers
v0x19e1950_0 .net "pm_dc_gate", 0 0, L_0x1a28c20;  alias, 1 drivers
v0x19e19f0_0 .net "pm_dmmu_gate", 0 0, L_0x1a28d90;  alias, 1 drivers
v0x19e1a90_0 .net "pm_ic_gate", 0 0, L_0x1a28d20;  alias, 1 drivers
v0x19e1b30_0 .net "pm_immu_gate", 0 0, L_0x1a28e00;  alias, 1 drivers
v0x19e1bd0_0 .net "pm_lvolt", 0 0, L_0x1a29040;  alias, 1 drivers
v0x19e1c70_0 .net "pm_tt_gate", 0 0, L_0x1a28f50;  alias, 1 drivers
v0x19e1d10_0 .net "pm_wakeup", 0 0, L_0x1a28e70;  alias, 1 drivers
v0x19e1db0_0 .net "pmr_sel", 0 0, L_0x1a28280;  1 drivers
v0x19e1e50_0 .net "rst", 0 0, v0x19f27d0_0;  alias, 1 drivers
v0x19e1ef0_0 .var "sdf", 3 0;
v0x19e1f90_0 .var "sme", 0 0;
v0x19e2030_0 .net "spr_addr", 31 0, L_0x1a0c2f0;  alias, 1 drivers
v0x19e20d0_0 .net "spr_dat_i", 31 0, L_0x1a0c4c0;  alias, 1 drivers
v0x19e1660_0 .net "spr_dat_o", 31 0, L_0x1a285d0;  alias, 1 drivers
v0x19e2380_0 .net "spr_write", 0 0, L_0x19dd030;  alias, 1 drivers
L_0x1a280a0 .part L_0x1a0c2f0, 11, 5;
L_0x1a28140 .cmp/eq 5, L_0x1a280a0, L_0x7f106a89c778;
L_0x1a28280 .functor MUXZ 1, L_0x7f106a89c808, L_0x7f106a89c7c0, L_0x1a28140, C4<>;
LS_0x1a285d0_0_0 .concat8 [ 4 1 1 1], L_0x1a28410, L_0x1a28480, L_0x1a284f0, v0x19e1480_0;
LS_0x1a285d0_0_4 .concat8 [ 25 0 0 0], L_0x7f106a89c850;
L_0x1a285d0 .concat8 [ 7 25 0 0], LS_0x1a285d0_0_0, LS_0x1a285d0_0_4;
S_0x19e2420 .scope module, "or1200_qmem_top" "or1200_qmem_top" 3 706, 37 13 0, S_0x19613f0;
 .timescale -12 -12;
    .port_info 0 /INPUT 1 "clk";
    .port_info 1 /INPUT 1 "rst";
    .port_info 2 /INPUT 32 "qmemimmu_adr_i";
    .port_info 3 /INPUT 1 "qmemimmu_cycstb_i";
    .port_info 4 /INPUT 1 "qmemimmu_ci_i";
    .port_info 5 /INPUT 4 "qmemicpu_sel_i";
    .port_info 6 /INPUT 4 "qmemicpu_tag_i";
    .port_info 7 /OUTPUT 32 "qmemicpu_dat_o";
    .port_info 8 /OUTPUT 1 "qmemicpu_ack_o";
    .port_info 9 /OUTPUT 1 "qmemimmu_rty_o";
    .port_info 10 /OUTPUT 1 "qmemimmu_err_o";
    .port_info 11 /OUTPUT 4 "qmemimmu_tag_o";
    .port_info 12 /OUTPUT 32 "icqmem_adr_o";
    .port_info 13 /OUTPUT 1 "icqmem_cycstb_o";
    .port_info 14 /OUTPUT 1 "icqmem_ci_o";
    .port_info 15 /OUTPUT 4 "icqmem_sel_o";
    .port_info 16 /OUTPUT 4 "icqmem_tag_o";
    .port_info 17 /INPUT 32 "icqmem_dat_i";
    .port_info 18 /INPUT 1 "icqmem_ack_i";
    .port_info 19 /INPUT 1 "icqmem_rty_i";
    .port_info 20 /INPUT 1 "icqmem_err_i";
    .port_info 21 /INPUT 4 "icqmem_tag_i";
    .port_info 22 /INPUT 32 "qmemdmmu_adr_i";
    .port_info 23 /INPUT 1 "qmemdmmu_cycstb_i";
    .port_info 24 /INPUT 1 "qmemdmmu_ci_i";
    .port_info 25 /INPUT 1 "qmemdcpu_we_i";
    .port_info 26 /INPUT 4 "qmemdcpu_sel_i";
    .port_info 27 /INPUT 4 "qmemdcpu_tag_i";
    .port_info 28 /INPUT 32 "qmemdcpu_dat_i";
    .port_info 29 /OUTPUT 32 "qmemdcpu_dat_o";
    .port_info 30 /OUTPUT 1 "qmemdcpu_ack_o";
    .port_info 31 /OUTPUT 1 "qmemdcpu_rty_o";
    .port_info 32 /OUTPUT 1 "qmemdmmu_err_o";
    .port_info 33 /OUTPUT 4 "qmemdmmu_tag_o";
    .port_info 34 /OUTPUT 32 "dcqmem_adr_o";
    .port_info 35 /OUTPUT 1 "dcqmem_cycstb_o";
    .port_info 36 /OUTPUT 1 "dcqmem_ci_o";
    .port_info 37 /OUTPUT 1 "dcqmem_we_o";
    .port_info 38 /OUTPUT 4 "dcqmem_sel_o";
    .port_info 39 /OUTPUT 4 "dcqmem_tag_o";
    .port_info 40 /OUTPUT 32 "dcqmem_dat_o";
    .port_info 41 /INPUT 32 "dcqmem_dat_i";
    .port_info 42 /INPUT 1 "dcqmem_ack_i";
    .port_info 43 /INPUT 1 "dcqmem_rty_i";
    .port_info 44 /INPUT 1 "dcqmem_err_i";
    .port_info 45 /INPUT 4 "dcqmem_tag_i";
P_0x1567960 .param/l "dw" 0 37 67, +C4<00000000000000000000000000100000>;
L_0x1a23180 .functor BUFZ 32, L_0x1a03b10, C4<00000000000000000000000000000000>, C4<00000000000000000000000000000000>, C4<00000000000000000000000000000000>;
L_0x1a23280 .functor BUFZ 1, L_0x1a03890, C4<0>, C4<0>, C4<0>;
L_0x1a232f0 .functor BUFZ 1, L_0x14b9190, C4<0>, C4<0>, C4<0>;
L_0x1a23480 .functor BUFZ 1, L_0x1a03930, C4<0>, C4<0>, C4<0>;
L_0x1a23580 .functor BUFZ 4, L_0x1a037f0, C4<0000>, C4<0000>, C4<0000>;
L_0x1a23710 .functor BUFZ 32, L_0x14e72f0, C4<00000000000000000000000000000000>, C4<00000000000000000000000000000000>, C4<00000000000000000000000000000000>;
L_0x1a23810 .functor BUFZ 1, L_0x14b4500, C4<0>, C4<0>, C4<0>;
L_0x1a23910 .functor BUFZ 1, L_0x7f106a89a0f0, C4<0>, C4<0>, C4<0>;
L_0x1a23a10 .functor BUFZ 4, L_0x7f106a89a4e0, C4<0000>, C4<0000>, C4<0000>;
L_0x1a23b10 .functor BUFZ 4, L_0x7f106a89a528, C4<0000>, C4<0000>, C4<0000>;
L_0x1a23c10 .functor BUFZ 32, L_0x1a1fa70, C4<00000000000000000000000000000000>, C4<00000000000000000000000000000000>, C4<00000000000000000000000000000000>;
L_0x1a23d10 .functor BUFZ 1, L_0x1a1f3b0, C4<0>, C4<0>, C4<0>;
L_0x1a23df0 .functor BUFZ 1, L_0x1a1f0d0, C4<0>, C4<0>, C4<0>;
L_0x1a23ef0 .functor BUFZ 1, L_0x1a1f5e0, C4<0>, C4<0>, C4<0>;
L_0x1a23d80 .functor BUFZ 4, L_0x1a1f1b0, C4<0000>, C4<0000>, C4<0000>;
L_0x1a24110 .functor BUFZ 32, L_0x1a0ef00, C4<00000000000000000000000000000000>, C4<00000000000000000000000000000000>, C4<00000000000000000000000000000000>;
L_0x1a242a0 .functor BUFZ 1, L_0x1a1d9e0, C4<0>, C4<0>, C4<0>;
L_0x1a243a0 .functor BUFZ 1, L_0x1a1dc70, C4<0>, C4<0>, C4<0>;
L_0x1a24210 .functor BUFZ 1, L_0x1a15340, C4<0>, C4<0>, C4<0>;
L_0x1a24540 .functor BUFZ 4, v0x1974950_0, C4<0000>, C4<0000>, C4<0000>;
L_0x1a244a0 .functor BUFZ 4, L_0x1a15470, C4<0000>, C4<0000>, C4<0000>;
L_0x1a24780 .functor BUFZ 32, L_0x1a15730, C4<00000000000000000000000000000000>, C4<00000000000000000000000000000000>, C4<00000000000000000000000000000000>;
v0x19e2d00_0 .net "clk", 0 0, v0x19f0750_0;  alias, 1 drivers
v0x19e2da0_0 .net "dcqmem_ack_i", 0 0, L_0x1a1f3b0;  alias, 1 drivers
v0x19e2e40_0 .net "dcqmem_adr_o", 31 0, L_0x1a24110;  alias, 1 drivers
v0x19e2ee0_0 .net "dcqmem_ci_o", 0 0, L_0x1a243a0;  alias, 1 drivers
v0x19e2f80_0 .net "dcqmem_cycstb_o", 0 0, L_0x1a242a0;  alias, 1 drivers
v0x19e3020_0 .net "dcqmem_dat_i", 31 0, L_0x1a1fa70;  alias, 1 drivers
v0x19e30c0_0 .net "dcqmem_dat_o", 31 0, L_0x1a24780;  alias, 1 drivers
v0x19e3160_0 .net "dcqmem_err_i", 0 0, L_0x1a1f5e0;  alias, 1 drivers
v0x19e3200_0 .net "dcqmem_rty_i", 0 0, L_0x1a1f0d0;  alias, 1 drivers
v0x19e32a0_0 .net "dcqmem_sel_o", 3 0, L_0x1a24540;  alias, 1 drivers
v0x19e3340_0 .net "dcqmem_tag_i", 3 0, L_0x1a1f1b0;  alias, 1 drivers
v0x19e33e0_0 .net "dcqmem_tag_o", 3 0, L_0x1a244a0;  alias, 1 drivers
v0x19e3480_0 .net "dcqmem_we_o", 0 0, L_0x1a24210;  alias, 1 drivers
v0x19e3520_0 .net "icqmem_ack_i", 0 0, L_0x1a03890;  alias, 1 drivers
v0x19e35c0_0 .net "icqmem_adr_o", 31 0, L_0x1a23710;  alias, 1 drivers
v0x19e3660_0 .net "icqmem_ci_o", 0 0, L_0x1a23910;  alias, 1 drivers
v0x19e3700_0 .net "icqmem_cycstb_o", 0 0, L_0x1a23810;  alias, 1 drivers
v0x19e38b0_0 .net "icqmem_dat_i", 31 0, L_0x1a03b10;  alias, 1 drivers
v0x19e3950_0 .net "icqmem_err_i", 0 0, L_0x1a03930;  alias, 1 drivers
v0x19e39f0_0 .net "icqmem_rty_i", 0 0, L_0x14b9190;  alias, 1 drivers
v0x19e3a90_0 .net "icqmem_sel_o", 3 0, L_0x1a23a10;  alias, 1 drivers
v0x19e3b30_0 .net "icqmem_tag_i", 3 0, L_0x1a037f0;  alias, 1 drivers
v0x19e3bd0_0 .net "icqmem_tag_o", 3 0, L_0x1a23b10;  alias, 1 drivers
v0x19e3c70_0 .net "qmemdcpu_ack_o", 0 0, L_0x1a23d10;  alias, 1 drivers
v0x19e3d10_0 .net "qmemdcpu_dat_i", 31 0, L_0x1a15730;  alias, 1 drivers
v0x19e3db0_0 .net "qmemdcpu_dat_o", 31 0, L_0x1a23c10;  alias, 1 drivers
v0x19e3e50_0 .net "qmemdcpu_rty_o", 0 0, L_0x1a23df0;  alias, 1 drivers
v0x19e3ef0_0 .net "qmemdcpu_sel_i", 3 0, v0x1974950_0;  alias, 1 drivers
v0x19e3f90_0 .net "qmemdcpu_tag_i", 3 0, L_0x1a15470;  alias, 1 drivers
v0x19e4030_0 .net "qmemdcpu_we_i", 0 0, L_0x1a15340;  alias, 1 drivers
v0x19e40d0_0 .net "qmemdmmu_adr_i", 31 0, L_0x1a0ef00;  alias, 1 drivers
v0x19e4170_0 .net "qmemdmmu_ci_i", 0 0, L_0x1a1dc70;  alias, 1 drivers
v0x19e4210_0 .net "qmemdmmu_cycstb_i", 0 0, L_0x1a1d9e0;  alias, 1 drivers
v0x19e37a0_0 .net "qmemdmmu_err_o", 0 0, L_0x1a23ef0;  alias, 1 drivers
v0x19e44c0_0 .net "qmemdmmu_tag_o", 3 0, L_0x1a23d80;  alias, 1 drivers
v0x19e4560_0 .net "qmemicpu_ack_o", 0 0, L_0x1a23280;  alias, 1 drivers
v0x19e4600_0 .net "qmemicpu_dat_o", 31 0, L_0x1a23180;  alias, 1 drivers
v0x19e46a0_0 .net "qmemicpu_sel_i", 3 0, L_0x7f106a89a4e0;  alias, 1 drivers
v0x19e4740_0 .net "qmemicpu_tag_i", 3 0, L_0x7f106a89a528;  alias, 1 drivers
v0x19e47e0_0 .net "qmemimmu_adr_i", 31 0, L_0x14e72f0;  alias, 1 drivers
v0x19e4880_0 .net "qmemimmu_ci_i", 0 0, L_0x7f106a89a0f0;  alias, 1 drivers
v0x19e4920_0 .net "qmemimmu_cycstb_i", 0 0, L_0x14b4500;  alias, 1 drivers
v0x19e49c0_0 .net "qmemimmu_err_o", 0 0, L_0x1a23480;  alias, 1 drivers
v0x19e4a60_0 .net "qmemimmu_rty_o", 0 0, L_0x1a232f0;  alias, 1 drivers
v0x19e4b00_0 .net "qmemimmu_tag_o", 3 0, L_0x1a23580;  alias, 1 drivers
v0x19e4ba0_0 .net "rst", 0 0, v0x19f27d0_0;  alias, 1 drivers
S_0x19e4dc0 .scope module, "or1200_sb" "or1200_sb" 3 773, 38 5 0, S_0x19613f0;
 .timescale -12 -12;
    .port_info 0 /INPUT 1 "clk";
    .port_info 1 /INPUT 1 "rst";
    .port_info 2 /INPUT 32 "dcsb_dat_i";
    .port_info 3 /INPUT 32 "dcsb_adr_i";
    .port_info 4 /INPUT 1 "dcsb_cyc_i";
    .port_info 5 /INPUT 1 "dcsb_stb_i";
    .port_info 6 /INPUT 1 "dcsb_we_i";
    .port_info 7 /INPUT 4 "dcsb_sel_i";
    .port_info 8 /INPUT 1 "dcsb_cab_i";
    .port_info 9 /OUTPUT 32 "dcsb_dat_o";
    .port_info 10 /OUTPUT 1 "dcsb_ack_o";
    .port_info 11 /OUTPUT 1 "dcsb_err_o";
    .port_info 12 /OUTPUT 32 "sbbiu_dat_o";
    .port_info 13 /OUTPUT 32 "sbbiu_adr_o";
    .port_info 14 /OUTPUT 1 "sbbiu_cyc_o";
    .port_info 15 /OUTPUT 1 "sbbiu_stb_o";
    .port_info 16 /OUTPUT 1 "sbbiu_we_o";
    .port_info 17 /OUTPUT 4 "sbbiu_sel_o";
    .port_info 18 /OUTPUT 1 "sbbiu_cab_o";
    .port_info 19 /INPUT 32 "sbbiu_dat_i";
    .port_info 20 /INPUT 1 "sbbiu_ack_i";
    .port_info 21 /INPUT 1 "sbbiu_err_i";
P_0x1668eb0 .param/l "aw" 0 38 19, +C4<00000000000000000000000000100000>;
P_0x1668ef0 .param/l "dw" 0 38 18, +C4<00000000000000000000000000100000>;
L_0x1a24640 .functor BUFZ 32, L_0x1a1e460, C4<00000000000000000000000000000000>, C4<00000000000000000000000000000000>, C4<00000000000000000000000000000000>;
L_0x1a24940 .functor BUFZ 32, L_0x19971b0, C4<00000000000000000000000000000000>, C4<00000000000000000000000000000000>, C4<00000000000000000000000000000000>;
L_0x1a24a40 .functor BUFZ 1, L_0x1a1e590, C4<0>, C4<0>, C4<0>;
L_0x1a24bd0 .functor BUFZ 1, L_0x1a1e800, C4<0>, C4<0>, C4<0>;
L_0x1a24d60 .functor BUFZ 1, L_0x1a1e8f0, C4<0>, C4<0>, C4<0>;
L_0x1a24e60 .functor BUFZ 1, L_0x1a1efe0, C4<0>, C4<0>, C4<0>;
L_0x1a24f60 .functor BUFZ 4, L_0x1a1ee60, C4<0000>, C4<0000>, C4<0000>;
L_0x1a25060 .functor BUFZ 32, L_0x14e7f70, C4<00000000000000000000000000000000>, C4<00000000000000000000000000000000>, C4<00000000000000000000000000000000>;
L_0x1a25160 .functor BUFZ 1, L_0x14e2a10, C4<0>, C4<0>, C4<0>;
L_0x1a25260 .functor BUFZ 1, L_0x14e3e10, C4<0>, C4<0>, C4<0>;
v0x19e2670_0 .net "clk", 0 0, v0x19f0750_0;  alias, 1 drivers
v0x19e5220_0 .net "dcsb_ack_o", 0 0, L_0x1a25160;  alias, 1 drivers
v0x19e52c0_0 .net "dcsb_adr_i", 31 0, L_0x19971b0;  alias, 1 drivers
v0x19e5360_0 .net "dcsb_cab_i", 0 0, L_0x1a1efe0;  alias, 1 drivers
v0x19e5400_0 .net "dcsb_cyc_i", 0 0, L_0x1a1e590;  alias, 1 drivers
v0x19e54a0_0 .net "dcsb_dat_i", 31 0, L_0x1a1e460;  alias, 1 drivers
v0x19e5540_0 .net "dcsb_dat_o", 31 0, L_0x1a25060;  alias, 1 drivers
v0x19e55e0_0 .net "dcsb_err_o", 0 0, L_0x1a25260;  alias, 1 drivers
v0x19e5680_0 .net "dcsb_sel_i", 3 0, L_0x1a1ee60;  alias, 1 drivers
v0x19e5720_0 .net "dcsb_stb_i", 0 0, L_0x1a1e800;  alias, 1 drivers
v0x19e57c0_0 .net "dcsb_we_i", 0 0, L_0x1a1e8f0;  alias, 1 drivers
v0x19e5860_0 .net "rst", 0 0, v0x19f27d0_0;  alias, 1 drivers
v0x19e5900_0 .net "sbbiu_ack_i", 0 0, L_0x14e2a10;  alias, 1 drivers
v0x19e59a0_0 .net "sbbiu_adr_o", 31 0, L_0x1a24940;  alias, 1 drivers
v0x19e5a40_0 .net "sbbiu_cab_o", 0 0, L_0x1a24e60;  alias, 1 drivers
v0x19e5ae0_0 .net "sbbiu_cyc_o", 0 0, L_0x1a24a40;  alias, 1 drivers
v0x19e5b80_0 .net "sbbiu_dat_i", 31 0, L_0x14e7f70;  alias, 1 drivers
v0x19e5d30_0 .net "sbbiu_dat_o", 31 0, L_0x1a24640;  alias, 1 drivers
v0x19e5dd0_0 .net "sbbiu_err_i", 0 0, L_0x14e3e10;  alias, 1 drivers
v0x19e5e70_0 .net "sbbiu_sel_o", 3 0, L_0x1a24f60;  alias, 1 drivers
v0x19e5f10_0 .net "sbbiu_stb_o", 0 0, L_0x1a24bd0;  alias, 1 drivers
v0x19e5fb0_0 .net "sbbiu_we_o", 0 0, L_0x1a24d60;  alias, 1 drivers
S_0x19e6110 .scope module, "or1200_tt" "or1200_tt" 3 886, 39 5 0, S_0x19613f0;
 .timescale -12 -12;
    .port_info 0 /INPUT 1 "clk";
    .port_info 1 /INPUT 1 "rst";
    .port_info 2 /INPUT 1 "du_stall";
    .port_info 3 /INPUT 1 "spr_cs";
    .port_info 4 /INPUT 1 "spr_write";
    .port_info 5 /INPUT 32 "spr_addr";
    .port_info 6 /INPUT 32 "spr_dat_i";
    .port_info 7 /OUTPUT 32 "spr_dat_o";
    .port_info 8 /OUTPUT 1 "intr";
L_0x7f106a89c460 .functor BUFT 1, C4<0>, C4<0>, C4<0>, C4<0>;
L_0x15585a0 .functor XNOR 1, L_0x1a139f0, L_0x7f106a89c460, C4<0>, C4<0>;
L_0x154d5d0 .functor AND 1, L_0x1a13950, L_0x15585a0, C4<1>, C4<1>;
L_0x7f106a89c538 .functor BUFT 1, C4<1>, C4<0>, C4<0>, C4<0>;
L_0x1a0ac40 .functor XNOR 1, L_0x1a0aba0, L_0x7f106a89c538, C4<0>, C4<0>;
L_0x154c050 .functor AND 1, L_0x1a13950, L_0x1a0ac40, C4<1>, C4<1>;
L_0x1a27790 .functor AND 1, L_0x1a27470, L_0x1a27650, C4<1>, C4<1>;
L_0x1a27af0 .functor AND 1, L_0x1a27470, L_0x1a27940, C4<1>, C4<1>;
L_0x1a27a80 .functor OR 1, L_0x1a27af0, L_0x1a27ce0, C4<0>, C4<0>;
L_0x1a27ef0 .functor OR 1, L_0x1a27a80, L_0x1a25470, C4<0>, C4<0>;
v0x19e25b0_0 .net *"_ivl_1", 0 0, L_0x1a139f0;  1 drivers
L_0x7f106a89c4f0 .functor BUFT 1, C4<0>, C4<0>, C4<0>, C4<0>;
v0x19e63d0_0 .net/2u *"_ivl_10", 0 0, L_0x7f106a89c4f0;  1 drivers
v0x19e6470_0 .net *"_ivl_15", 0 0, L_0x1a0aba0;  1 drivers
v0x19e6510_0 .net/2u *"_ivl_16", 0 0, L_0x7f106a89c538;  1 drivers
v0x19e65b0_0 .net *"_ivl_18", 0 0, L_0x1a0ac40;  1 drivers
v0x19e6650_0 .net/2u *"_ivl_2", 0 0, L_0x7f106a89c460;  1 drivers
v0x19e66f0_0 .net *"_ivl_21", 0 0, L_0x154c050;  1 drivers
L_0x7f106a89c580 .functor BUFT 1, C4<1>, C4<0>, C4<0>, C4<0>;
v0x19e6790_0 .net/2u *"_ivl_22", 0 0, L_0x7f106a89c580;  1 drivers
L_0x7f106a89c5c8 .functor BUFT 1, C4<0>, C4<0>, C4<0>, C4<0>;
v0x19e6830_0 .net/2u *"_ivl_24", 0 0, L_0x7f106a89c5c8;  1 drivers
v0x19e68d0_0 .net *"_ivl_29", 27 0, L_0x1a27290;  1 drivers
v0x19e6970_0 .net *"_ivl_31", 27 0, L_0x1a27330;  1 drivers
v0x19e6a10_0 .net *"_ivl_32", 0 0, L_0x1a273d0;  1 drivers
L_0x7f106a89c610 .functor BUFT 1, C4<1>, C4<0>, C4<0>, C4<0>;
v0x19e6ab0_0 .net/2u *"_ivl_34", 0 0, L_0x7f106a89c610;  1 drivers
L_0x7f106a89c658 .functor BUFT 1, C4<0>, C4<0>, C4<0>, C4<0>;
v0x19e6b50_0 .net/2u *"_ivl_36", 0 0, L_0x7f106a89c658;  1 drivers
v0x19e6bf0_0 .net *"_ivl_4", 0 0, L_0x15585a0;  1 drivers
v0x19e6c90_0 .net *"_ivl_41", 1 0, L_0x1a27560;  1 drivers
L_0x7f106a89c6a0 .functor BUFT 1, C4<01>, C4<0>, C4<0>, C4<0>;
v0x19e6d30_0 .net/2u *"_ivl_42", 1 0, L_0x7f106a89c6a0;  1 drivers
v0x19e6ee0_0 .net *"_ivl_44", 0 0, L_0x1a27650;  1 drivers
v0x19e6f80_0 .net *"_ivl_49", 1 0, L_0x1a278a0;  1 drivers
L_0x7f106a89c6e8 .functor BUFT 1, C4<10>, C4<0>, C4<0>, C4<0>;
v0x19e7020_0 .net/2u *"_ivl_50", 1 0, L_0x7f106a89c6e8;  1 drivers
v0x19e70c0_0 .net *"_ivl_52", 0 0, L_0x1a27940;  1 drivers
v0x19e7160_0 .net *"_ivl_54", 0 0, L_0x1a27af0;  1 drivers
v0x19e7200_0 .net *"_ivl_57", 1 0, L_0x1a27bb0;  1 drivers
L_0x7f106a89c730 .functor BUFT 1, C4<00>, C4<0>, C4<0>, C4<0>;
v0x19e72a0_0 .net/2u *"_ivl_58", 1 0, L_0x7f106a89c730;  1 drivers
v0x19e7340_0 .net *"_ivl_60", 0 0, L_0x1a27ce0;  1 drivers
v0x19e73e0_0 .net *"_ivl_62", 0 0, L_0x1a27a80;  1 drivers
v0x19e7480_0 .net *"_ivl_7", 0 0, L_0x154d5d0;  1 drivers
L_0x7f106a89c4a8 .functor BUFT 1, C4<1>, C4<0>, C4<0>, C4<0>;
v0x19e7520_0 .net/2u *"_ivl_8", 0 0, L_0x7f106a89c4a8;  1 drivers
v0x19e75c0_0 .net "clk", 0 0, v0x19f0750_0;  alias, 1 drivers
v0x19e7660_0 .net "du_stall", 0 0, L_0x1a25470;  alias, 1 drivers
v0x19e7700_0 .net "intr", 0 0, L_0x1a28000;  alias, 1 drivers
v0x19e77a0_0 .net "match", 0 0, L_0x1a27470;  1 drivers
v0x19e7840_0 .net "restart", 0 0, L_0x1a27790;  1 drivers
v0x19e6dd0_0 .net "rst", 0 0, v0x19f27d0_0;  alias, 1 drivers
v0x19e7af0_0 .net "spr_addr", 31 0, L_0x1a0c2f0;  alias, 1 drivers
v0x19e7b90_0 .net "spr_cs", 0 0, L_0x1a13950;  alias, 1 drivers
v0x19e7c30_0 .net "spr_dat_i", 31 0, L_0x1a0c4c0;  alias, 1 drivers
v0x19e7cd0_0 .var "spr_dat_o", 31 0;
v0x19e7d70_0 .net "spr_write", 0 0, L_0x19dd030;  alias, 1 drivers
v0x19e7e10_0 .net "stop", 0 0, L_0x1a27ef0;  1 drivers
v0x19e7eb0_0 .var "ttcr", 31 0;
v0x19e7f50_0 .net "ttcr_sel", 0 0, L_0x1a271f0;  1 drivers
v0x19e7ff0_0 .var "ttmr", 31 0;
v0x19e8090_0 .net "ttmr_sel", 0 0, L_0x1a13a90;  1 drivers
E_0x19cf610 .event anyedge, v0x19e7eb0_0, v0x19e7ff0_0, v0x198c180_0;
L_0x1a139f0 .part L_0x1a0c2f0, 0, 1;
L_0x1a13a90 .functor MUXZ 1, L_0x7f106a89c4f0, L_0x7f106a89c4a8, L_0x154d5d0, C4<>;
L_0x1a0aba0 .part L_0x1a0c2f0, 0, 1;
L_0x1a271f0 .functor MUXZ 1, L_0x7f106a89c5c8, L_0x7f106a89c580, L_0x154c050, C4<>;
L_0x1a27290 .part v0x19e7ff0_0, 0, 28;
L_0x1a27330 .part v0x19e7eb0_0, 0, 28;
L_0x1a273d0 .cmp/eq 28, L_0x1a27290, L_0x1a27330;
L_0x1a27470 .functor MUXZ 1, L_0x7f106a89c658, L_0x7f106a89c610, L_0x1a273d0, C4<>;
L_0x1a27560 .part v0x19e7ff0_0, 30, 2;
L_0x1a27650 .cmp/eq 2, L_0x1a27560, L_0x7f106a89c6a0;
L_0x1a278a0 .part v0x19e7ff0_0, 30, 2;
L_0x1a27940 .cmp/eq 2, L_0x1a278a0, L_0x7f106a89c6e8;
L_0x1a27bb0 .part v0x19e7ff0_0, 30, 2;
L_0x1a27ce0 .cmp/eq 2, L_0x1a27bb0, L_0x7f106a89c730;
L_0x1a28000 .part v0x19e7ff0_0, 28, 1;
S_0x19bb830 .scope module, "random_rom_wb_i" "random_rom_wb" 2 187, 40 10 0, S_0x16c1a60;
 .timescale -12 -12;
    .port_info 0 /OUTPUT 32 "dat_o";
    .port_info 1 /INPUT 24 "adr_i";
    .port_info 2 /INPUT 4 "sel_i";
    .port_info 3 /INPUT 1 "cyc_i";
    .port_info 4 /INPUT 1 "stb_i";
    .port_info 5 /OUTPUT 1 "ack_o";
    .port_info 6 /INPUT 1 "clk_i";
    .port_info 7 /INPUT 1 "rst_i";
P_0x1995670 .param/l "adr_width" 0 40 12, +C4<00000000000000000000000000011010>;
P_0x19956b0 .param/l "memBorder" 0 40 33, C4<000000000000111111111110>;
v0x19efb70_0 .var "ack_o", 0 0;
v0x19efc10_0 .net "adr_i", 25 2, L_0x19f2870;  1 drivers
v0x19efcb0_0 .net "clk_i", 0 0, v0x19f0750_0;  alias, 1 drivers
v0x19cdd00_0 .net "cyc_i", 0 0, v0x191aea0_0;  alias, 1 drivers
v0x19cddf0_0 .var "dat_o", 31 0;
v0x19f0160_0 .var "lastSet", 0 0;
v0x19f0200_0 .var/i "rnd", 31 0;
v0x19f02a0_0 .net "rst_i", 0 0, v0x19f27d0_0;  alias, 1 drivers
v0x19ce0f0_0 .net "sel_i", 3 0, v0x18e81a0_0;  alias, 1 drivers
v0x19ce1b0_0 .net "stb_i", 0 0, v0x18e9610_0;  alias, 1 drivers
    .scope S_0x19bb830;
T_0 ;
    %wait E_0x1996c00;
    %load/vec4 v0x19f02a0_0;
    %flag_set/vec4 8;
    %jmp/0xz  T_0.0, 8;
    %pushi/vec4 0, 0, 1;
    %assign/vec4 v0x19efb70_0, 0;
    %pushi/vec4 0, 0, 32;
    %assign/vec4 v0x19cddf0_0, 0;
    %pushi/vec4 0, 0, 1;
    %assign/vec4 v0x19f0160_0, 0;
    %jmp T_0.1;
T_0.0 ;
    %load/vec4 v0x19efb70_0;
    %nor/r;
    %flag_set/vec4 8;
    %jmp/0xz  T_0.2, 8;
    %load/vec4 v0x19cdd00_0;
    %load/vec4 v0x19ce1b0_0;
    %and;
    %flag_set/vec4 8;
    %jmp/0xz  T_0.4, 8;
    %pushi/vec4 1, 0, 1;
    %assign/vec4 v0x19efb70_0, 0;
    %load/vec4 v0x19efc10_0;
    %pad/u 32;
    %cmpi/u 4044, 0, 32;
    %flag_get/vec4 5;
    %load/vec4 v0x19f0160_0;
    %and;
    %flag_set/vec4 8;
    %jmp/0xz  T_0.6, 8;
    %vpi_func 40 54 "$random" 32 {0 0 0};
    %vpi_func 40 54 "$random" 32 {0 0 0};
    %mul;
    %pushi/vec4 2, 0, 32;
    %mod/s;
    %store/vec4 v0x19f0200_0, 0, 32;
    %load/vec4 v0x19f0200_0;
    %cmpi/s 0, 0, 32;
    %jmp/0xz  T_0.8, 5;
    %load/vec4 v0x19f0200_0;
    %muli 4294967295, 0, 32;
    %store/vec4 v0x19f0200_0, 0, 32;
T_0.8 ;
    %load/vec4 v0x19f0200_0;
    %cmpi/e 0, 0, 32;
    %jmp/0xz  T_0.10, 4;
    %pushi/vec4 4, 0, 6;
    %ix/load 4, 26, 0;
    %ix/load 5, 0, 0;
    %flag_set/imm 4, 0;
    %assign/vec4/off/d v0x19cddf0_0, 4, 5;
    %pushi/vec4 16, 0, 26;
    %ix/load 4, 0, 0;
    %ix/load 5, 0, 0;
    %flag_set/imm 4, 0;
    %assign/vec4/off/d v0x19cddf0_0, 4, 5;
    %vpi_call 40 60 "$display", "l.bf @%x ", v0x19efc10_0 {0 0 0};
    %jmp T_0.11;
T_0.10 ;
    %load/vec4 v0x19f0200_0;
    %cmpi/e 1, 0, 32;
    %jmp/0xz  T_0.12, 4;
    %pushi/vec4 3, 0, 6;
    %ix/load 4, 26, 0;
    %ix/load 5, 0, 0;
    %flag_set/imm 4, 0;
    %assign/vec4/off/d v0x19cddf0_0, 4, 5;
    %pushi/vec4 16, 0, 26;
    %ix/load 4, 0, 0;
    %ix/load 5, 0, 0;
    %flag_set/imm 4, 0;
    %assign/vec4/off/d v0x19cddf0_0, 4, 5;
    %vpi_call 40 65 "$display", "l.bnf @%x ", v0x19efc10_0 {0 0 0};
T_0.12 ;
T_0.11 ;
    %pushi/vec4 0, 0, 1;
    %assign/vec4 v0x19f0160_0, 0;
    %jmp T_0.7;
T_0.6 ;
    %load/vec4 v0x19efc10_0;
    %pad/u 32;
    %cmpi/u 4044, 0, 32;
    %jmp/0xz  T_0.14, 5;
    %vpi_func 40 73 "$random" 32 {0 0 0};
    %vpi_func 40 73 "$random" 32 {0 0 0};
    %mul;
    %pushi/vec4 51, 0, 32;
    %mod/s;
    %store/vec4 v0x19f0200_0, 0, 32;
    %jmp T_0.15;
T_0.14 ;
    %vpi_func 40 75 "$random" 32 {0 0 0};
    %vpi_func 40 75 "$random" 32 {0 0 0};
    %mul;
    %pushi/vec4 31, 0, 32;
    %mod/s;
    %store/vec4 v0x19f0200_0, 0, 32;
T_0.15 ;
    %load/vec4 v0x19f0200_0;
    %cmpi/s 0, 0, 32;
    %jmp/0xz  T_0.16, 5;
    %load/vec4 v0x19f0200_0;
    %muli 4294967295, 0, 32;
    %store/vec4 v0x19f0200_0, 0, 32;
T_0.16 ;
    %load/vec4 v0x19f0200_0;
    %cmpi/e 0, 0, 32;
    %jmp/0xz  T_0.18, 4;
    %pushi/vec4 56, 0, 6;
    %ix/load 4, 26, 0;
    %ix/load 5, 0, 0;
    %flag_set/imm 4, 0;
    %assign/vec4/off/d v0x19cddf0_0, 4, 5;
    %vpi_func 40 80 "$random" 32 {0 0 0};
    %pad/s 15;
    %ix/load 4, 11, 0;
    %ix/load 5, 0, 0;
    %flag_set/imm 4, 0;
    %assign/vec4/off/d v0x19cddf0_0, 4, 5;
    %pushi/vec4 0, 0, 11;
    %ix/load 4, 0, 0;
    %ix/load 5, 0, 0;
    %flag_set/imm 4, 0;
    %assign/vec4/off/d v0x19cddf0_0, 4, 5;
    %vpi_call 40 82 "$display", "l.add @%x ", v0x19efc10_0 {0 0 0};
    %jmp T_0.19;
T_0.18 ;
    %load/vec4 v0x19f0200_0;
    %cmpi/e 1, 0, 32;
    %jmp/0xz  T_0.20, 4;
    %pushi/vec4 56, 0, 6;
    %ix/load 4, 26, 0;
    %ix/load 5, 0, 0;
    %flag_set/imm 4, 0;
    %assign/vec4/off/d v0x19cddf0_0, 4, 5;
    %vpi_func 40 86 "$random" 32 {0 0 0};
    %pad/s 15;
    %ix/load 4, 11, 0;
    %ix/load 5, 0, 0;
    %flag_set/imm 4, 0;
    %assign/vec4/off/d v0x19cddf0_0, 4, 5;
    %pushi/vec4 1, 0, 11;
    %ix/load 4, 0, 0;
    %ix/load 5, 0, 0;
    %flag_set/imm 4, 0;
    %assign/vec4/off/d v0x19cddf0_0, 4, 5;
    %vpi_call 40 88 "$display", "l.addc @%x ", v0x19efc10_0 {0 0 0};
    %jmp T_0.21;
T_0.20 ;
    %load/vec4 v0x19f0200_0;
    %cmpi/e 2, 0, 32;
    %jmp/0xz  T_0.22, 4;
    %pushi/vec4 39, 0, 6;
    %ix/load 4, 26, 0;
    %ix/load 5, 0, 0;
    %flag_set/imm 4, 0;
    %assign/vec4/off/d v0x19cddf0_0, 4, 5;
    %vpi_func 40 92 "$random" 32 {0 0 0};
    %pad/s 26;
    %ix/load 4, 0, 0;
    %ix/load 5, 0, 0;
    %flag_set/imm 4, 0;
    %assign/vec4/off/d v0x19cddf0_0, 4, 5;
    %vpi_call 40 93 "$display", "l.addi @%x ", v0x19efc10_0 {0 0 0};
    %jmp T_0.23;
T_0.22 ;
    %load/vec4 v0x19f0200_0;
    %cmpi/e 3, 0, 32;
    %jmp/0xz  T_0.24, 4;
    %pushi/vec4 40, 0, 6;
    %ix/load 4, 26, 0;
    %ix/load 5, 0, 0;
    %flag_set/imm 4, 0;
    %assign/vec4/off/d v0x19cddf0_0, 4, 5;
    %vpi_func 40 97 "$random" 32 {0 0 0};
    %pad/s 26;
    %ix/load 4, 0, 0;
    %ix/load 5, 0, 0;
    %flag_set/imm 4, 0;
    %assign/vec4/off/d v0x19cddf0_0, 4, 5;
    %vpi_call 40 98 "$display", "l.addic @%x ", v0x19efc10_0 {0 0 0};
    %jmp T_0.25;
T_0.24 ;
    %load/vec4 v0x19f0200_0;
    %cmpi/e 4, 0, 32;
    %jmp/0xz  T_0.26, 4;
    %pushi/vec4 56, 0, 6;
    %ix/load 4, 26, 0;
    %ix/load 5, 0, 0;
    %flag_set/imm 4, 0;
    %assign/vec4/off/d v0x19cddf0_0, 4, 5;
    %vpi_func 40 102 "$random" 32 {0 0 0};
    %pad/s 15;
    %ix/load 4, 11, 0;
    %ix/load 5, 0, 0;
    %flag_set/imm 4, 0;
    %assign/vec4/off/d v0x19cddf0_0, 4, 5;
    %pushi/vec4 3, 0, 11;
    %ix/load 4, 0, 0;
    %ix/load 5, 0, 0;
    %flag_set/imm 4, 0;
    %assign/vec4/off/d v0x19cddf0_0, 4, 5;
    %vpi_call 40 104 "$display", "l.and @%x ", v0x19efc10_0 {0 0 0};
    %jmp T_0.27;
T_0.26 ;
    %load/vec4 v0x19f0200_0;
    %cmpi/e 5, 0, 32;
    %jmp/0xz  T_0.28, 4;
    %pushi/vec4 41, 0, 6;
    %ix/load 4, 26, 0;
    %ix/load 5, 0, 0;
    %flag_set/imm 4, 0;
    %assign/vec4/off/d v0x19cddf0_0, 4, 5;
    %vpi_func 40 108 "$random" 32 {0 0 0};
    %pad/s 26;
    %ix/load 4, 0, 0;
    %ix/load 5, 0, 0;
    %flag_set/imm 4, 0;
    %assign/vec4/off/d v0x19cddf0_0, 4, 5;
    %vpi_call 40 109 "$display", "l.andi @%x ", v0x19efc10_0 {0 0 0};
    %jmp T_0.29;
T_0.28 ;
    %load/vec4 v0x19f0200_0;
    %cmpi/e 6, 0, 32;
    %jmp/0xz  T_0.30, 4;
    %pushi/vec4 56, 0, 6;
    %ix/load 4, 26, 0;
    %ix/load 5, 0, 0;
    %flag_set/imm 4, 0;
    %assign/vec4/off/d v0x19cddf0_0, 4, 5;
    %vpi_func 40 115 "$random" 32 {0 0 0};
    %pad/s 5;
    %ix/load 4, 21, 0;
    %ix/load 5, 0, 0;
    %flag_set/imm 4, 0;
    %assign/vec4/off/d v0x19cddf0_0, 4, 5;
    %vpi_func 40 116 "$random" 32 {0 0 0};
    %pad/s 5;
    %ix/load 4, 16, 0;
    %ix/load 5, 0, 0;
    %flag_set/imm 4, 0;
    %assign/vec4/off/d v0x19cddf0_0, 4, 5;
    %vpi_func 40 117 "$random" 32 {0 0 0};
    %pad/s 5;
    %ix/load 4, 11, 0;
    %ix/load 5, 0, 0;
    %flag_set/imm 4, 0;
    %assign/vec4/off/d v0x19cddf0_0, 4, 5;
    %pushi/vec4 14, 0, 11;
    %ix/load 4, 0, 0;
    %ix/load 5, 0, 0;
    %flag_set/imm 4, 0;
    %assign/vec4/off/d v0x19cddf0_0, 4, 5;
    %vpi_call 40 119 "$display", "l.cmov @%x ", v0x19efc10_0 {0 0 0};
    %jmp T_0.31;
T_0.30 ;
    %load/vec4 v0x19f0200_0;
    %cmpi/e 7, 0, 32;
    %jmp/0xz  T_0.32, 4;
    %pushi/vec4 56, 0, 6;
    %ix/load 4, 26, 0;
    %ix/load 5, 0, 0;
    %flag_set/imm 4, 0;
    %assign/vec4/off/d v0x19cddf0_0, 4, 5;
    %vpi_func 40 126 "$random" 32 {0 0 0};
    %pad/s 5;
    %ix/load 4, 21, 0;
    %ix/load 5, 0, 0;
    %flag_set/imm 4, 0;
    %assign/vec4/off/d v0x19cddf0_0, 4, 5;
    %vpi_func 40 127 "$random" 32 {0 0 0};
    %pad/s 5;
    %ix/load 4, 16, 0;
    %ix/load 5, 0, 0;
    %flag_set/imm 4, 0;
    %assign/vec4/off/d v0x19cddf0_0, 4, 5;
    %vpi_func 40 128 "$random" 32 {0 0 0};
    %pad/s 5;
    %ix/load 4, 11, 0;
    %ix/load 5, 0, 0;
    %flag_set/imm 4, 0;
    %assign/vec4/off/d v0x19cddf0_0, 4, 5;
    %pushi/vec4 15, 0, 11;
    %ix/load 4, 0, 0;
    %ix/load 5, 0, 0;
    %flag_set/imm 4, 0;
    %assign/vec4/off/d v0x19cddf0_0, 4, 5;
    %vpi_call 40 130 "$display", "l.ff1 @%x ", v0x19efc10_0 {0 0 0};
    %jmp T_0.33;
T_0.32 ;
    %load/vec4 v0x19f0200_0;
    %cmpi/e 8, 0, 32;
    %jmp/0xz  T_0.34, 4;
    %pushi/vec4 56, 0, 6;
    %ix/load 4, 26, 0;
    %ix/load 5, 0, 0;
    %flag_set/imm 4, 0;
    %assign/vec4/off/d v0x19cddf0_0, 4, 5;
    %vpi_func 40 134 "$random" 32 {0 0 0};
    %pad/s 5;
    %ix/load 4, 21, 0;
    %ix/load 5, 0, 0;
    %flag_set/imm 4, 0;
    %assign/vec4/off/d v0x19cddf0_0, 4, 5;
    %vpi_func 40 135 "$random" 32 {0 0 0};
    %pad/s 5;
    %ix/load 4, 16, 0;
    %ix/load 5, 0, 0;
    %flag_set/imm 4, 0;
    %assign/vec4/off/d v0x19cddf0_0, 4, 5;
    %vpi_func 40 136 "$random" 32 {0 0 0};
    %pad/s 5;
    %ix/load 4, 11, 0;
    %ix/load 5, 0, 0;
    %flag_set/imm 4, 0;
    %assign/vec4/off/d v0x19cddf0_0, 4, 5;
    %pushi/vec4 271, 0, 11;
    %ix/load 4, 0, 0;
    %ix/load 5, 0, 0;
    %flag_set/imm 4, 0;
    %assign/vec4/off/d v0x19cddf0_0, 4, 5;
    %vpi_call 40 138 "$display", "l.fl1 @%x ", v0x19efc10_0 {0 0 0};
    %jmp T_0.35;
T_0.34 ;
    %load/vec4 v0x19f0200_0;
    %cmpi/e 9, 0, 32;
    %jmp/0xz  T_0.36, 4;
    %pushi/vec4 49, 0, 6;
    %ix/load 4, 26, 0;
    %ix/load 5, 0, 0;
    %flag_set/imm 4, 0;
    %assign/vec4/off/d v0x19cddf0_0, 4, 5;
    %pushi/vec4 0, 0, 5;
    %ix/load 4, 21, 0;
    %ix/load 5, 0, 0;
    %flag_set/imm 4, 0;
    %assign/vec4/off/d v0x19cddf0_0, 4, 5;
    %vpi_func 40 154 "$random" 32 {0 0 0};
    %pad/s 5;
    %ix/load 4, 16, 0;
    %ix/load 5, 0, 0;
    %flag_set/imm 4, 0;
    %assign/vec4/off/d v0x19cddf0_0, 4, 5;
    %vpi_func 40 155 "$random" 32 {0 0 0};
    %pad/s 5;
    %ix/load 4, 11, 0;
    %ix/load 5, 0, 0;
    %flag_set/imm 4, 0;
    %assign/vec4/off/d v0x19cddf0_0, 4, 5;
    %pushi/vec4 1, 0, 11;
    %ix/load 4, 0, 0;
    %ix/load 5, 0, 0;
    %flag_set/imm 4, 0;
    %assign/vec4/off/d v0x19cddf0_0, 4, 5;
    %vpi_call 40 157 "$display", "l.mac @%x ", v0x19efc10_0 {0 0 0};
    %jmp T_0.37;
T_0.36 ;
    %load/vec4 v0x19f0200_0;
    %cmpi/e 10, 0, 32;
    %jmp/0xz  T_0.38, 4;
    %pushi/vec4 19, 0, 6;
    %ix/load 4, 26, 0;
    %ix/load 5, 0, 0;
    %flag_set/imm 4, 0;
    %assign/vec4/off/d v0x19cddf0_0, 4, 5;
    %vpi_func 40 161 "$random" 32 {0 0 0};
    %pad/s 5;
    %ix/load 4, 21, 0;
    %ix/load 5, 0, 0;
    %flag_set/imm 4, 0;
    %assign/vec4/off/d v0x19cddf0_0, 4, 5;
    %pushi/vec4 0, 0, 5;
    %ix/load 4, 16, 0;
    %ix/load 5, 0, 0;
    %flag_set/imm 4, 0;
    %assign/vec4/off/d v0x19cddf0_0, 4, 5;
    %vpi_func 40 163 "$random" 32 {0 0 0};
    %pad/s 5;
    %ix/load 4, 11, 0;
    %ix/load 5, 0, 0;
    %flag_set/imm 4, 0;
    %assign/vec4/off/d v0x19cddf0_0, 4, 5;
    %pushi/vec4 1, 0, 11;
    %ix/load 4, 0, 0;
    %ix/load 5, 0, 0;
    %flag_set/imm 4, 0;
    %assign/vec4/off/d v0x19cddf0_0, 4, 5;
    %vpi_call 40 165 "$display", "l.maci @%x ", v0x19efc10_0 {0 0 0};
    %jmp T_0.39;
T_0.38 ;
    %load/vec4 v0x19f0200_0;
    %cmpi/e 11, 0, 32;
    %jmp/0xz  T_0.40, 4;
    %pushi/vec4 6, 0, 6;
    %ix/load 4, 26, 0;
    %ix/load 5, 0, 0;
    %flag_set/imm 4, 0;
    %assign/vec4/off/d v0x19cddf0_0, 4, 5;
    %vpi_func 40 169 "$random" 32 {0 0 0};
    %pad/s 5;
    %ix/load 4, 21, 0;
    %ix/load 5, 0, 0;
    %flag_set/imm 4, 0;
    %assign/vec4/off/d v0x19cddf0_0, 4, 5;
    %pushi/vec4 65536, 0, 21;
    %ix/load 4, 0, 0;
    %ix/load 5, 0, 0;
    %flag_set/imm 4, 0;
    %assign/vec4/off/d v0x19cddf0_0, 4, 5;
    %vpi_call 40 171 "$display", "l.macrc @%x ", v0x19efc10_0 {0 0 0};
    %jmp T_0.41;
T_0.40 ;
    %load/vec4 v0x19f0200_0;
    %cmpi/e 12, 0, 32;
    %jmp/0xz  T_0.42, 4;
    %pushi/vec4 6, 0, 6;
    %ix/load 4, 26, 0;
    %ix/load 5, 0, 0;
    %flag_set/imm 4, 0;
    %assign/vec4/off/d v0x19cddf0_0, 4, 5;
    %vpi_func 40 176 "$random" 32 {0 0 0};
    %pad/s 5;
    %ix/load 4, 21, 0;
    %ix/load 5, 0, 0;
    %flag_set/imm 4, 0;
    %assign/vec4/off/d v0x19cddf0_0, 4, 5;
    %pushi/vec4 0, 0, 5;
    %ix/load 4, 16, 0;
    %ix/load 5, 0, 0;
    %flag_set/imm 4, 0;
    %assign/vec4/off/d v0x19cddf0_0, 4, 5;
    %vpi_func 40 178 "$random" 32 {0 0 0};
    %pad/s 16;
    %ix/load 4, 0, 0;
    %ix/load 5, 0, 0;
    %flag_set/imm 4, 0;
    %assign/vec4/off/d v0x19cddf0_0, 4, 5;
    %vpi_call 40 179 "$display", "l.movhi @%x ", v0x19efc10_0 {0 0 0};
    %jmp T_0.43;
T_0.42 ;
    %load/vec4 v0x19f0200_0;
    %cmpi/e 13, 0, 32;
    %jmp/0xz  T_0.44, 4;
    %pushi/vec4 49, 0, 6;
    %ix/load 4, 26, 0;
    %ix/load 5, 0, 0;
    %flag_set/imm 4, 0;
    %assign/vec4/off/d v0x19cddf0_0, 4, 5;
    %pushi/vec4 0, 0, 5;
    %ix/load 4, 21, 0;
    %ix/load 5, 0, 0;
    %flag_set/imm 4, 0;
    %assign/vec4/off/d v0x19cddf0_0, 4, 5;
    %vpi_func 40 184 "$random" 32 {0 0 0};
    %pad/s 10;
    %ix/load 4, 11, 0;
    %ix/load 5, 0, 0;
    %flag_set/imm 4, 0;
    %assign/vec4/off/d v0x19cddf0_0, 4, 5;
    %pushi/vec4 2, 0, 11;
    %ix/load 4, 0, 0;
    %ix/load 5, 0, 0;
    %flag_set/imm 4, 0;
    %assign/vec4/off/d v0x19cddf0_0, 4, 5;
    %vpi_call 40 186 "$display", "l.msb @%x ", v0x19efc10_0 {0 0 0};
    %jmp T_0.45;
T_0.44 ;
    %load/vec4 v0x19f0200_0;
    %cmpi/e 14, 0, 32;
    %jmp/0xz  T_0.46, 4;
    %pushi/vec4 56, 0, 6;
    %ix/load 4, 26, 0;
    %ix/load 5, 0, 0;
    %flag_set/imm 4, 0;
    %assign/vec4/off/d v0x19cddf0_0, 4, 5;
    %vpi_func 40 191 "$random" 32 {0 0 0};
    %pad/s 15;
    %ix/load 4, 11, 0;
    %ix/load 5, 0, 0;
    %flag_set/imm 4, 0;
    %assign/vec4/off/d v0x19cddf0_0, 4, 5;
    %pushi/vec4 774, 0, 11;
    %ix/load 4, 0, 0;
    %ix/load 5, 0, 0;
    %flag_set/imm 4, 0;
    %assign/vec4/off/d v0x19cddf0_0, 4, 5;
    %vpi_call 40 193 "$display", "l.mul @%x ", v0x19efc10_0 {0 0 0};
    %jmp T_0.47;
T_0.46 ;
    %load/vec4 v0x19f0200_0;
    %cmpi/e 15, 0, 32;
    %jmp/0xz  T_0.48, 4;
    %pushi/vec4 44, 0, 6;
    %ix/load 4, 26, 0;
    %ix/load 5, 0, 0;
    %flag_set/imm 4, 0;
    %assign/vec4/off/d v0x19cddf0_0, 4, 5;
    %vpi_func 40 197 "$random" 32 {0 0 0};
    %pad/s 26;
    %ix/load 4, 0, 0;
    %ix/load 5, 0, 0;
    %flag_set/imm 4, 0;
    %assign/vec4/off/d v0x19cddf0_0, 4, 5;
    %vpi_call 40 198 "$display", "l.muli @%x ", v0x19efc10_0 {0 0 0};
    %jmp T_0.49;
T_0.48 ;
    %load/vec4 v0x19f0200_0;
    %cmpi/e 16, 0, 32;
    %jmp/0xz  T_0.50, 4;
    %pushi/vec4 56, 0, 6;
    %ix/load 4, 26, 0;
    %ix/load 5, 0, 0;
    %flag_set/imm 4, 0;
    %assign/vec4/off/d v0x19cddf0_0, 4, 5;
    %vpi_func 40 202 "$random" 32 {0 0 0};
    %pad/s 15;
    %ix/load 4, 11, 0;
    %ix/load 5, 0, 0;
    %flag_set/imm 4, 0;
    %assign/vec4/off/d v0x19cddf0_0, 4, 5;
    %pushi/vec4 779, 0, 11;
    %ix/load 4, 0, 0;
    %ix/load 5, 0, 0;
    %flag_set/imm 4, 0;
    %assign/vec4/off/d v0x19cddf0_0, 4, 5;
    %vpi_call 40 204 "$display", "l.add @%x ", v0x19efc10_0 {0 0 0};
    %jmp T_0.51;
T_0.50 ;
    %load/vec4 v0x19f0200_0;
    %cmpi/e 17, 0, 32;
    %jmp/0xz  T_0.52, 4;
    %pushi/vec4 56, 0, 6;
    %ix/load 4, 26, 0;
    %ix/load 5, 0, 0;
    %flag_set/imm 4, 0;
    %assign/vec4/off/d v0x19cddf0_0, 4, 5;
    %vpi_func 40 212 "$random" 32 {0 0 0};
    %pad/s 15;
    %ix/load 4, 11, 0;
    %ix/load 5, 0, 0;
    %flag_set/imm 4, 0;
    %assign/vec4/off/d v0x19cddf0_0, 4, 5;
    %pushi/vec4 4, 0, 11;
    %ix/load 4, 0, 0;
    %ix/load 5, 0, 0;
    %flag_set/imm 4, 0;
    %assign/vec4/off/d v0x19cddf0_0, 4, 5;
    %vpi_call 40 214 "$display", "l.or @%x ", v0x19efc10_0 {0 0 0};
    %jmp T_0.53;
T_0.52 ;
    %load/vec4 v0x19f0200_0;
    %cmpi/e 18, 0, 32;
    %jmp/0xz  T_0.54, 4;
    %pushi/vec4 56, 0, 6;
    %ix/load 4, 26, 0;
    %ix/load 5, 0, 0;
    %flag_set/imm 4, 0;
    %assign/vec4/off/d v0x19cddf0_0, 4, 5;
    %vpi_func 40 218 "$random" 32 {0 0 0};
    %pad/s 15;
    %ix/load 4, 11, 0;
    %ix/load 5, 0, 0;
    %flag_set/imm 4, 0;
    %assign/vec4/off/d v0x19cddf0_0, 4, 5;
    %pushi/vec4 4, 0, 11;
    %ix/load 4, 0, 0;
    %ix/load 5, 0, 0;
    %flag_set/imm 4, 0;
    %assign/vec4/off/d v0x19cddf0_0, 4, 5;
    %vpi_call 40 220 "$display", "l.or @%x ", v0x19efc10_0 {0 0 0};
    %jmp T_0.55;
T_0.54 ;
    %load/vec4 v0x19f0200_0;
    %cmpi/e 19, 0, 32;
    %jmp/0xz  T_0.56, 4;
    %pushi/vec4 42, 0, 6;
    %ix/load 4, 26, 0;
    %ix/load 5, 0, 0;
    %flag_set/imm 4, 0;
    %assign/vec4/off/d v0x19cddf0_0, 4, 5;
    %pushi/vec4 0, 0, 26;
    %ix/load 4, 0, 0;
    %ix/load 5, 0, 0;
    %flag_set/imm 4, 0;
    %assign/vec4/off/d v0x19cddf0_0, 4, 5;
    %vpi_call 40 225 "$display", "l.ori @%x ", v0x19efc10_0 {0 0 0};
    %jmp T_0.57;
T_0.56 ;
    %load/vec4 v0x19f0200_0;
    %cmpi/e 20, 0, 32;
    %jmp/0xz  T_0.58, 4;
    %pushi/vec4 56, 0, 6;
    %ix/load 4, 26, 0;
    %ix/load 5, 0, 0;
    %flag_set/imm 4, 0;
    %assign/vec4/off/d v0x19cddf0_0, 4, 5;
    %vpi_func 40 230 "$random" 32 {0 0 0};
    %pad/s 15;
    %ix/load 4, 11, 0;
    %ix/load 5, 0, 0;
    %flag_set/imm 4, 0;
    %assign/vec4/off/d v0x19cddf0_0, 4, 5;
    %pushi/vec4 200, 0, 11;
    %ix/load 4, 0, 0;
    %ix/load 5, 0, 0;
    %flag_set/imm 4, 0;
    %assign/vec4/off/d v0x19cddf0_0, 4, 5;
    %vpi_call 40 232 "$display", "l.ror @%x ", v0x19efc10_0 {0 0 0};
    %jmp T_0.59;
T_0.58 ;
    %load/vec4 v0x19f0200_0;
    %cmpi/e 21, 0, 32;
    %jmp/0xz  T_0.60, 4;
    %pushi/vec4 46, 0, 6;
    %ix/load 4, 26, 0;
    %ix/load 5, 0, 0;
    %flag_set/imm 4, 0;
    %assign/vec4/off/d v0x19cddf0_0, 4, 5;
    %vpi_func 40 236 "$random" 32 {0 0 0};
    %pad/s 10;
    %ix/load 4, 16, 0;
    %ix/load 5, 0, 0;
    %flag_set/imm 4, 0;
    %assign/vec4/off/d v0x19cddf0_0, 4, 5;
    %pushi/vec4 3, 0, 10;
    %ix/load 4, 6, 0;
    %ix/load 5, 0, 0;
    %flag_set/imm 4, 0;
    %assign/vec4/off/d v0x19cddf0_0, 4, 5;
    %vpi_func 40 238 "$random" 32 {0 0 0};
    %pad/s 6;
    %ix/load 4, 0, 0;
    %ix/load 5, 0, 0;
    %flag_set/imm 4, 0;
    %assign/vec4/off/d v0x19cddf0_0, 4, 5;
    %vpi_call 40 239 "$display", "l.rori @%x ", v0x19efc10_0 {0 0 0};
    %jmp T_0.61;
T_0.60 ;
    %load/vec4 v0x19f0200_0;
    %cmpi/e 22, 0, 32;
    %jmp/0xz  T_0.62, 4;
    %pushi/vec4 56, 0, 6;
    %ix/load 4, 26, 0;
    %ix/load 5, 0, 0;
    %flag_set/imm 4, 0;
    %assign/vec4/off/d v0x19cddf0_0, 4, 5;
    %vpi_func 40 246 "$random" 32 {0 0 0};
    %pad/s 15;
    %ix/load 4, 11, 0;
    %ix/load 5, 0, 0;
    %flag_set/imm 4, 0;
    %assign/vec4/off/d v0x19cddf0_0, 4, 5;
    %pushi/vec4 8, 0, 11;
    %ix/load 4, 0, 0;
    %ix/load 5, 0, 0;
    %flag_set/imm 4, 0;
    %assign/vec4/off/d v0x19cddf0_0, 4, 5;
    %vpi_call 40 248 "$display", "l.sll @%x ", v0x19efc10_0 {0 0 0};
    %jmp T_0.63;
T_0.62 ;
    %load/vec4 v0x19f0200_0;
    %cmpi/e 23, 0, 32;
    %jmp/0xz  T_0.64, 4;
    %pushi/vec4 46, 0, 6;
    %ix/load 4, 26, 0;
    %ix/load 5, 0, 0;
    %flag_set/imm 4, 0;
    %assign/vec4/off/d v0x19cddf0_0, 4, 5;
    %vpi_func 40 252 "$random" 32 {0 0 0};
    %pad/s 18;
    %ix/load 4, 8, 0;
    %ix/load 5, 0, 0;
    %flag_set/imm 4, 0;
    %assign/vec4/off/d v0x19cddf0_0, 4, 5;
    %pushi/vec4 0, 0, 2;
    %ix/load 4, 6, 0;
    %ix/load 5, 0, 0;
    %flag_set/imm 4, 0;
    %assign/vec4/off/d v0x19cddf0_0, 4, 5;
    %vpi_func 40 254 "$random" 32 {0 0 0};
    %pad/s 6;
    %ix/load 4, 0, 0;
    %ix/load 5, 0, 0;
    %flag_set/imm 4, 0;
    %assign/vec4/off/d v0x19cddf0_0, 4, 5;
    %vpi_call 40 255 "$display", "l.slli @%x ", v0x19efc10_0 {0 0 0};
    %jmp T_0.65;
T_0.64 ;
    %load/vec4 v0x19f0200_0;
    %cmpi/e 24, 0, 32;
    %jmp/0xz  T_0.66, 4;
    %pushi/vec4 56, 0, 6;
    %ix/load 4, 26, 0;
    %ix/load 5, 0, 0;
    %flag_set/imm 4, 0;
    %assign/vec4/off/d v0x19cddf0_0, 4, 5;
    %vpi_func 40 259 "$random" 32 {0 0 0};
    %pad/s 15;
    %ix/load 4, 11, 0;
    %ix/load 5, 0, 0;
    %flag_set/imm 4, 0;
    %assign/vec4/off/d v0x19cddf0_0, 4, 5;
    %pushi/vec4 136, 0, 11;
    %ix/load 4, 0, 0;
    %ix/load 5, 0, 0;
    %flag_set/imm 4, 0;
    %assign/vec4/off/d v0x19cddf0_0, 4, 5;
    %vpi_call 40 261 "$display", "l.sra @%x ", v0x19efc10_0 {0 0 0};
    %jmp T_0.67;
T_0.66 ;
    %load/vec4 v0x19f0200_0;
    %cmpi/e 25, 0, 32;
    %jmp/0xz  T_0.68, 4;
    %pushi/vec4 46, 0, 6;
    %ix/load 4, 26, 0;
    %ix/load 5, 0, 0;
    %flag_set/imm 4, 0;
    %assign/vec4/off/d v0x19cddf0_0, 4, 5;
    %vpi_func 40 265 "$random" 32 {0 0 0};
    %pad/s 18;
    %ix/load 4, 8, 0;
    %ix/load 5, 0, 0;
    %flag_set/imm 4, 0;
    %assign/vec4/off/d v0x19cddf0_0, 4, 5;
    %pushi/vec4 2, 0, 2;
    %ix/load 4, 6, 0;
    %ix/load 5, 0, 0;
    %flag_set/imm 4, 0;
    %assign/vec4/off/d v0x19cddf0_0, 4, 5;
    %vpi_func 40 267 "$random" 32 {0 0 0};
    %pad/s 6;
    %ix/load 4, 0, 0;
    %ix/load 5, 0, 0;
    %flag_set/imm 4, 0;
    %assign/vec4/off/d v0x19cddf0_0, 4, 5;
    %vpi_call 40 268 "$display", "l.srai @%x ", v0x19efc10_0 {0 0 0};
    %jmp T_0.69;
T_0.68 ;
    %load/vec4 v0x19f0200_0;
    %cmpi/e 26, 0, 32;
    %jmp/0xz  T_0.70, 4;
    %pushi/vec4 56, 0, 6;
    %ix/load 4, 26, 0;
    %ix/load 5, 0, 0;
    %flag_set/imm 4, 0;
    %assign/vec4/off/d v0x19cddf0_0, 4, 5;
    %vpi_func 40 272 "$random" 32 {0 0 0};
    %pad/s 15;
    %ix/load 4, 11, 0;
    %ix/load 5, 0, 0;
    %flag_set/imm 4, 0;
    %assign/vec4/off/d v0x19cddf0_0, 4, 5;
    %pushi/vec4 72, 0, 11;
    %ix/load 4, 0, 0;
    %ix/load 5, 0, 0;
    %flag_set/imm 4, 0;
    %assign/vec4/off/d v0x19cddf0_0, 4, 5;
    %vpi_call 40 274 "$display", "l.srl @%x ", v0x19efc10_0 {0 0 0};
    %jmp T_0.71;
T_0.70 ;
    %load/vec4 v0x19f0200_0;
    %cmpi/e 27, 0, 32;
    %jmp/0xz  T_0.72, 4;
    %pushi/vec4 46, 0, 6;
    %ix/load 4, 26, 0;
    %ix/load 5, 0, 0;
    %flag_set/imm 4, 0;
    %assign/vec4/off/d v0x19cddf0_0, 4, 5;
    %vpi_func 40 278 "$random" 32 {0 0 0};
    %pad/s 18;
    %ix/load 4, 8, 0;
    %ix/load 5, 0, 0;
    %flag_set/imm 4, 0;
    %assign/vec4/off/d v0x19cddf0_0, 4, 5;
    %pushi/vec4 1, 0, 2;
    %ix/load 4, 6, 0;
    %ix/load 5, 0, 0;
    %flag_set/imm 4, 0;
    %assign/vec4/off/d v0x19cddf0_0, 4, 5;
    %vpi_func 40 280 "$random" 32 {0 0 0};
    %pad/s 6;
    %ix/load 4, 0, 0;
    %ix/load 5, 0, 0;
    %flag_set/imm 4, 0;
    %assign/vec4/off/d v0x19cddf0_0, 4, 5;
    %vpi_call 40 281 "$display", "l.srli @%x ", v0x19efc10_0 {0 0 0};
    %jmp T_0.73;
T_0.72 ;
    %load/vec4 v0x19f0200_0;
    %cmpi/e 28, 0, 32;
    %jmp/0xz  T_0.74, 4;
    %pushi/vec4 56, 0, 6;
    %ix/load 4, 26, 0;
    %ix/load 5, 0, 0;
    %flag_set/imm 4, 0;
    %assign/vec4/off/d v0x19cddf0_0, 4, 5;
    %vpi_func 40 285 "$random" 32 {0 0 0};
    %pad/s 15;
    %ix/load 4, 11, 0;
    %ix/load 5, 0, 0;
    %flag_set/imm 4, 0;
    %assign/vec4/off/d v0x19cddf0_0, 4, 5;
    %pushi/vec4 2, 0, 11;
    %ix/load 4, 0, 0;
    %ix/load 5, 0, 0;
    %flag_set/imm 4, 0;
    %assign/vec4/off/d v0x19cddf0_0, 4, 5;
    %vpi_call 40 287 "$display", "l.sub @%x ", v0x19efc10_0 {0 0 0};
    %jmp T_0.75;
T_0.74 ;
    %load/vec4 v0x19f0200_0;
    %cmpi/e 29, 0, 32;
    %jmp/0xz  T_0.76, 4;
    %pushi/vec4 56, 0, 6;
    %ix/load 4, 26, 0;
    %ix/load 5, 0, 0;
    %flag_set/imm 4, 0;
    %assign/vec4/off/d v0x19cddf0_0, 4, 5;
    %vpi_func 40 293 "$random" 32 {0 0 0};
    %pad/s 15;
    %ix/load 4, 11, 0;
    %ix/load 5, 0, 0;
    %flag_set/imm 4, 0;
    %assign/vec4/off/d v0x19cddf0_0, 4, 5;
    %pushi/vec4 5, 0, 11;
    %ix/load 4, 0, 0;
    %ix/load 5, 0, 0;
    %flag_set/imm 4, 0;
    %assign/vec4/off/d v0x19cddf0_0, 4, 5;
    %vpi_call 40 295 "$display", "l.xor @%x ", v0x19efc10_0 {0 0 0};
    %jmp T_0.77;
T_0.76 ;
    %load/vec4 v0x19f0200_0;
    %cmpi/e 30, 0, 32;
    %jmp/0xz  T_0.78, 4;
    %pushi/vec4 43, 0, 6;
    %ix/load 4, 26, 0;
    %ix/load 5, 0, 0;
    %flag_set/imm 4, 0;
    %assign/vec4/off/d v0x19cddf0_0, 4, 5;
    %pushi/vec4 0, 0, 26;
    %ix/load 4, 0, 0;
    %ix/load 5, 0, 0;
    %flag_set/imm 4, 0;
    %assign/vec4/off/d v0x19cddf0_0, 4, 5;
    %vpi_call 40 300 "$display", "l.xori @%x ", v0x19efc10_0 {0 0 0};
    %jmp T_0.79;
T_0.78 ;
    %load/vec4 v0x19f0200_0;
    %cmpi/e 31, 0, 32;
    %jmp/0xz  T_0.80, 4;
    %pushi/vec4 1824, 0, 11;
    %ix/load 4, 21, 0;
    %ix/load 5, 0, 0;
    %flag_set/imm 4, 0;
    %assign/vec4/off/d v0x19cddf0_0, 4, 5;
    %vpi_func 40 308 "$random" 32 {0 0 0};
    %pad/s 10;
    %ix/load 4, 11, 0;
    %ix/load 5, 0, 0;
    %flag_set/imm 4, 0;
    %assign/vec4/off/d v0x19cddf0_0, 4, 5;
    %pushi/vec4 0, 0, 11;
    %ix/load 4, 0, 0;
    %ix/load 5, 0, 0;
    %flag_set/imm 4, 0;
    %assign/vec4/off/d v0x19cddf0_0, 4, 5;
    %vpi_call 40 310 "$display", "l.sfeq @%x ", v0x19efc10_0 {0 0 0};
    %pushi/vec4 1, 0, 1;
    %assign/vec4 v0x19f0160_0, 0;
    %jmp T_0.81;
T_0.80 ;
    %load/vec4 v0x19f0200_0;
    %cmpi/e 32, 0, 32;
    %jmp/0xz  T_0.82, 4;
    %pushi/vec4 1504, 0, 11;
    %ix/load 4, 21, 0;
    %ix/load 5, 0, 0;
    %flag_set/imm 4, 0;
    %assign/vec4/off/d v0x19cddf0_0, 4, 5;
    %vpi_func 40 317 "$random" 32 {0 0 0};
    %pad/s 21;
    %ix/load 4, 0, 0;
    %ix/load 5, 0, 0;
    %flag_set/imm 4, 0;
    %assign/vec4/off/d v0x19cddf0_0, 4, 5;
    %vpi_call 40 318 "$display", "l.sfeqi @%x ", v0x19efc10_0 {0 0 0};
    %pushi/vec4 1, 0, 1;
    %assign/vec4 v0x19f0160_0, 0;
    %jmp T_0.83;
T_0.82 ;
    %load/vec4 v0x19f0200_0;
    %cmpi/e 33, 0, 32;
    %jmp/0xz  T_0.84, 4;
    %pushi/vec4 1835, 0, 11;
    %ix/load 4, 21, 0;
    %ix/load 5, 0, 0;
    %flag_set/imm 4, 0;
    %assign/vec4/off/d v0x19cddf0_0, 4, 5;
    %vpi_func 40 324 "$random" 32 {0 0 0};
    %pad/s 10;
    %ix/load 4, 11, 0;
    %ix/load 5, 0, 0;
    %flag_set/imm 4, 0;
    %assign/vec4/off/d v0x19cddf0_0, 4, 5;
    %pushi/vec4 0, 0, 11;
    %ix/load 4, 0, 0;
    %ix/load 5, 0, 0;
    %flag_set/imm 4, 0;
    %assign/vec4/off/d v0x19cddf0_0, 4, 5;
    %vpi_call 40 326 "$display", "l.sfges @%x ", v0x19efc10_0 {0 0 0};
    %pushi/vec4 1, 0, 1;
    %assign/vec4 v0x19f0160_0, 0;
    %jmp T_0.85;
T_0.84 ;
    %load/vec4 v0x19f0200_0;
    %cmpi/e 34, 0, 32;
    %jmp/0xz  T_0.86, 4;
    %pushi/vec4 1515, 0, 11;
    %ix/load 4, 21, 0;
    %ix/load 5, 0, 0;
    %flag_set/imm 4, 0;
    %assign/vec4/off/d v0x19cddf0_0, 4, 5;
    %vpi_func 40 332 "$random" 32 {0 0 0};
    %pad/s 21;
    %ix/load 4, 0, 0;
    %ix/load 5, 0, 0;
    %flag_set/imm 4, 0;
    %assign/vec4/off/d v0x19cddf0_0, 4, 5;
    %vpi_call 40 333 "$display", "l.sfgesi @%x ", v0x19efc10_0 {0 0 0};
    %pushi/vec4 1, 0, 1;
    %assign/vec4 v0x19f0160_0, 0;
    %jmp T_0.87;
T_0.86 ;
    %load/vec4 v0x19f0200_0;
    %cmpi/e 35, 0, 32;
    %jmp/0xz  T_0.88, 4;
    %pushi/vec4 1827, 0, 11;
    %ix/load 4, 21, 0;
    %ix/load 5, 0, 0;
    %flag_set/imm 4, 0;
    %assign/vec4/off/d v0x19cddf0_0, 4, 5;
    %vpi_func 40 339 "$random" 32 {0 0 0};
    %pad/s 10;
    %ix/load 4, 11, 0;
    %ix/load 5, 0, 0;
    %flag_set/imm 4, 0;
    %assign/vec4/off/d v0x19cddf0_0, 4, 5;
    %pushi/vec4 0, 0, 11;
    %ix/load 4, 0, 0;
    %ix/load 5, 0, 0;
    %flag_set/imm 4, 0;
    %assign/vec4/off/d v0x19cddf0_0, 4, 5;
    %vpi_call 40 341 "$display", "l.sfgeu @%x ", v0x19efc10_0 {0 0 0};
    %pushi/vec4 1, 0, 1;
    %assign/vec4 v0x19f0160_0, 0;
    %jmp T_0.89;
T_0.88 ;
    %load/vec4 v0x19f0200_0;
    %cmpi/e 36, 0, 32;
    %jmp/0xz  T_0.90, 4;
    %pushi/vec4 1507, 0, 11;
    %ix/load 4, 21, 0;
    %ix/load 5, 0, 0;
    %flag_set/imm 4, 0;
    %assign/vec4/off/d v0x19cddf0_0, 4, 5;
    %vpi_func 40 347 "$random" 32 {0 0 0};
    %pad/s 21;
    %ix/load 4, 0, 0;
    %ix/load 5, 0, 0;
    %flag_set/imm 4, 0;
    %assign/vec4/off/d v0x19cddf0_0, 4, 5;
    %vpi_call 40 348 "$display", "l.sfgeui @%x ", v0x19efc10_0 {0 0 0};
    %pushi/vec4 1, 0, 1;
    %assign/vec4 v0x19f0160_0, 0;
    %jmp T_0.91;
T_0.90 ;
    %load/vec4 v0x19f0200_0;
    %cmpi/e 37, 0, 32;
    %jmp/0xz  T_0.92, 4;
    %pushi/vec4 1834, 0, 11;
    %ix/load 4, 21, 0;
    %ix/load 5, 0, 0;
    %flag_set/imm 4, 0;
    %assign/vec4/off/d v0x19cddf0_0, 4, 5;
    %vpi_func 40 354 "$random" 32 {0 0 0};
    %pad/s 10;
    %ix/load 4, 11, 0;
    %ix/load 5, 0, 0;
    %flag_set/imm 4, 0;
    %assign/vec4/off/d v0x19cddf0_0, 4, 5;
    %pushi/vec4 0, 0, 11;
    %ix/load 4, 0, 0;
    %ix/load 5, 0, 0;
    %flag_set/imm 4, 0;
    %assign/vec4/off/d v0x19cddf0_0, 4, 5;
    %vpi_call 40 356 "$display", "l.sfgts @%x ", v0x19efc10_0 {0 0 0};
    %pushi/vec4 1, 0, 1;
    %assign/vec4 v0x19f0160_0, 0;
    %jmp T_0.93;
T_0.92 ;
    %load/vec4 v0x19f0200_0;
    %cmpi/e 38, 0, 32;
    %jmp/0xz  T_0.94, 4;
    %pushi/vec4 1514, 0, 11;
    %ix/load 4, 21, 0;
    %ix/load 5, 0, 0;
    %flag_set/imm 4, 0;
    %assign/vec4/off/d v0x19cddf0_0, 4, 5;
    %vpi_func 40 362 "$random" 32 {0 0 0};
    %pad/s 21;
    %ix/load 4, 0, 0;
    %ix/load 5, 0, 0;
    %flag_set/imm 4, 0;
    %assign/vec4/off/d v0x19cddf0_0, 4, 5;
    %vpi_call 40 363 "$display", "l.sfgtsi @%x ", v0x19efc10_0 {0 0 0};
    %pushi/vec4 1, 0, 1;
    %assign/vec4 v0x19f0160_0, 0;
    %jmp T_0.95;
T_0.94 ;
    %load/vec4 v0x19f0200_0;
    %cmpi/e 39, 0, 32;
    %jmp/0xz  T_0.96, 4;
    %pushi/vec4 1826, 0, 11;
    %ix/load 4, 21, 0;
    %ix/load 5, 0, 0;
    %flag_set/imm 4, 0;
    %assign/vec4/off/d v0x19cddf0_0, 4, 5;
    %vpi_func 40 369 "$random" 32 {0 0 0};
    %pad/s 10;
    %ix/load 4, 11, 0;
    %ix/load 5, 0, 0;
    %flag_set/imm 4, 0;
    %assign/vec4/off/d v0x19cddf0_0, 4, 5;
    %pushi/vec4 0, 0, 11;
    %ix/load 4, 0, 0;
    %ix/load 5, 0, 0;
    %flag_set/imm 4, 0;
    %assign/vec4/off/d v0x19cddf0_0, 4, 5;
    %vpi_call 40 371 "$display", "l.sfgtu @%x ", v0x19efc10_0 {0 0 0};
    %pushi/vec4 1, 0, 1;
    %assign/vec4 v0x19f0160_0, 0;
    %jmp T_0.97;
T_0.96 ;
    %load/vec4 v0x19f0200_0;
    %cmpi/e 40, 0, 32;
    %jmp/0xz  T_0.98, 4;
    %pushi/vec4 1506, 0, 11;
    %ix/load 4, 21, 0;
    %ix/load 5, 0, 0;
    %flag_set/imm 4, 0;
    %assign/vec4/off/d v0x19cddf0_0, 4, 5;
    %vpi_func 40 377 "$random" 32 {0 0 0};
    %pad/s 21;
    %ix/load 4, 0, 0;
    %ix/load 5, 0, 0;
    %flag_set/imm 4, 0;
    %assign/vec4/off/d v0x19cddf0_0, 4, 5;
    %vpi_call 40 378 "$display", "l.sfgtui @%x ", v0x19efc10_0 {0 0 0};
    %pushi/vec4 1, 0, 1;
    %assign/vec4 v0x19f0160_0, 0;
    %jmp T_0.99;
T_0.98 ;
    %load/vec4 v0x19f0200_0;
    %cmpi/e 41, 0, 32;
    %jmp/0xz  T_0.100, 4;
    %pushi/vec4 1837, 0, 11;
    %ix/load 4, 21, 0;
    %ix/load 5, 0, 0;
    %flag_set/imm 4, 0;
    %assign/vec4/off/d v0x19cddf0_0, 4, 5;
    %vpi_func 40 384 "$random" 32 {0 0 0};
    %pad/s 10;
    %ix/load 4, 11, 0;
    %ix/load 5, 0, 0;
    %flag_set/imm 4, 0;
    %assign/vec4/off/d v0x19cddf0_0, 4, 5;
    %pushi/vec4 0, 0, 11;
    %ix/load 4, 0, 0;
    %ix/load 5, 0, 0;
    %flag_set/imm 4, 0;
    %assign/vec4/off/d v0x19cddf0_0, 4, 5;
    %vpi_call 40 386 "$display", "l.sfles @%x ", v0x19efc10_0 {0 0 0};
    %pushi/vec4 1, 0, 1;
    %assign/vec4 v0x19f0160_0, 0;
    %jmp T_0.101;
T_0.100 ;
    %load/vec4 v0x19f0200_0;
    %cmpi/e 42, 0, 32;
    %jmp/0xz  T_0.102, 4;
    %pushi/vec4 1517, 0, 11;
    %ix/load 4, 21, 0;
    %ix/load 5, 0, 0;
    %flag_set/imm 4, 0;
    %assign/vec4/off/d v0x19cddf0_0, 4, 5;
    %vpi_func 40 392 "$random" 32 {0 0 0};
    %pad/s 21;
    %ix/load 4, 0, 0;
    %ix/load 5, 0, 0;
    %flag_set/imm 4, 0;
    %assign/vec4/off/d v0x19cddf0_0, 4, 5;
    %vpi_call 40 393 "$display", "l.sflesi @%x ", v0x19efc10_0 {0 0 0};
    %pushi/vec4 1, 0, 1;
    %assign/vec4 v0x19f0160_0, 0;
    %jmp T_0.103;
T_0.102 ;
    %load/vec4 v0x19f0200_0;
    %cmpi/e 43, 0, 32;
    %jmp/0xz  T_0.104, 4;
    %pushi/vec4 1829, 0, 11;
    %ix/load 4, 21, 0;
    %ix/load 5, 0, 0;
    %flag_set/imm 4, 0;
    %assign/vec4/off/d v0x19cddf0_0, 4, 5;
    %vpi_func 40 399 "$random" 32 {0 0 0};
    %pad/s 10;
    %ix/load 4, 11, 0;
    %ix/load 5, 0, 0;
    %flag_set/imm 4, 0;
    %assign/vec4/off/d v0x19cddf0_0, 4, 5;
    %pushi/vec4 0, 0, 11;
    %ix/load 4, 0, 0;
    %ix/load 5, 0, 0;
    %flag_set/imm 4, 0;
    %assign/vec4/off/d v0x19cddf0_0, 4, 5;
    %vpi_call 40 401 "$display", "l.sfleu @%x ", v0x19efc10_0 {0 0 0};
    %pushi/vec4 1, 0, 1;
    %assign/vec4 v0x19f0160_0, 0;
    %jmp T_0.105;
T_0.104 ;
    %load/vec4 v0x19f0200_0;
    %cmpi/e 44, 0, 32;
    %jmp/0xz  T_0.106, 4;
    %pushi/vec4 1509, 0, 11;
    %ix/load 4, 21, 0;
    %ix/load 5, 0, 0;
    %flag_set/imm 4, 0;
    %assign/vec4/off/d v0x19cddf0_0, 4, 5;
    %vpi_func 40 407 "$random" 32 {0 0 0};
    %pad/s 21;
    %ix/load 4, 0, 0;
    %ix/load 5, 0, 0;
    %flag_set/imm 4, 0;
    %assign/vec4/off/d v0x19cddf0_0, 4, 5;
    %vpi_call 40 408 "$display", "l.sfleui @%x ", v0x19efc10_0 {0 0 0};
    %pushi/vec4 1, 0, 1;
    %assign/vec4 v0x19f0160_0, 0;
    %jmp T_0.107;
T_0.106 ;
    %load/vec4 v0x19f0200_0;
    %cmpi/e 45, 0, 32;
    %jmp/0xz  T_0.108, 4;
    %pushi/vec4 1836, 0, 11;
    %ix/load 4, 21, 0;
    %ix/load 5, 0, 0;
    %flag_set/imm 4, 0;
    %assign/vec4/off/d v0x19cddf0_0, 4, 5;
    %vpi_func 40 414 "$random" 32 {0 0 0};
    %pad/s 10;
    %ix/load 4, 11, 0;
    %ix/load 5, 0, 0;
    %flag_set/imm 4, 0;
    %assign/vec4/off/d v0x19cddf0_0, 4, 5;
    %pushi/vec4 0, 0, 11;
    %ix/load 4, 0, 0;
    %ix/load 5, 0, 0;
    %flag_set/imm 4, 0;
    %assign/vec4/off/d v0x19cddf0_0, 4, 5;
    %vpi_call 40 416 "$display", "l.sflts @%x ", v0x19efc10_0 {0 0 0};
    %pushi/vec4 1, 0, 1;
    %assign/vec4 v0x19f0160_0, 0;
    %jmp T_0.109;
T_0.108 ;
    %load/vec4 v0x19f0200_0;
    %cmpi/e 46, 0, 32;
    %jmp/0xz  T_0.110, 4;
    %pushi/vec4 1516, 0, 11;
    %ix/load 4, 21, 0;
    %ix/load 5, 0, 0;
    %flag_set/imm 4, 0;
    %assign/vec4/off/d v0x19cddf0_0, 4, 5;
    %vpi_func 40 422 "$random" 32 {0 0 0};
    %pad/s 21;
    %ix/load 4, 0, 0;
    %ix/load 5, 0, 0;
    %flag_set/imm 4, 0;
    %assign/vec4/off/d v0x19cddf0_0, 4, 5;
    %vpi_call 40 423 "$display", "l.sfltsi @%x ", v0x19efc10_0 {0 0 0};
    %pushi/vec4 1, 0, 1;
    %assign/vec4 v0x19f0160_0, 0;
    %jmp T_0.111;
T_0.110 ;
    %load/vec4 v0x19f0200_0;
    %cmpi/e 47, 0, 32;
    %jmp/0xz  T_0.112, 4;
    %pushi/vec4 1828, 0, 11;
    %ix/load 4, 21, 0;
    %ix/load 5, 0, 0;
    %flag_set/imm 4, 0;
    %assign/vec4/off/d v0x19cddf0_0, 4, 5;
    %vpi_func 40 429 "$random" 32 {0 0 0};
    %pad/s 10;
    %ix/load 4, 11, 0;
    %ix/load 5, 0, 0;
    %flag_set/imm 4, 0;
    %assign/vec4/off/d v0x19cddf0_0, 4, 5;
    %pushi/vec4 0, 0, 11;
    %ix/load 4, 0, 0;
    %ix/load 5, 0, 0;
    %flag_set/imm 4, 0;
    %assign/vec4/off/d v0x19cddf0_0, 4, 5;
    %vpi_call 40 431 "$display", "l.sfltu @%x ", v0x19efc10_0 {0 0 0};
    %pushi/vec4 1, 0, 1;
    %assign/vec4 v0x19f0160_0, 0;
    %jmp T_0.113;
T_0.112 ;
    %load/vec4 v0x19f0200_0;
    %cmpi/e 48, 0, 32;
    %jmp/0xz  T_0.114, 4;
    %pushi/vec4 1508, 0, 11;
    %ix/load 4, 21, 0;
    %ix/load 5, 0, 0;
    %flag_set/imm 4, 0;
    %assign/vec4/off/d v0x19cddf0_0, 4, 5;
    %vpi_func 40 437 "$random" 32 {0 0 0};
    %pad/s 21;
    %ix/load 4, 0, 0;
    %ix/load 5, 0, 0;
    %flag_set/imm 4, 0;
    %assign/vec4/off/d v0x19cddf0_0, 4, 5;
    %vpi_call 40 438 "$display", "l.sfltui @%x ", v0x19efc10_0 {0 0 0};
    %pushi/vec4 1, 0, 1;
    %assign/vec4 v0x19f0160_0, 0;
    %jmp T_0.115;
T_0.114 ;
    %load/vec4 v0x19f0200_0;
    %cmpi/e 49, 0, 32;
    %jmp/0xz  T_0.116, 4;
    %pushi/vec4 1825, 0, 11;
    %ix/load 4, 21, 0;
    %ix/load 5, 0, 0;
    %flag_set/imm 4, 0;
    %assign/vec4/off/d v0x19cddf0_0, 4, 5;
    %vpi_func 40 444 "$random" 32 {0 0 0};
    %pad/s 10;
    %ix/load 4, 11, 0;
    %ix/load 5, 0, 0;
    %flag_set/imm 4, 0;
    %assign/vec4/off/d v0x19cddf0_0, 4, 5;
    %pushi/vec4 0, 0, 11;
    %ix/load 4, 0, 0;
    %ix/load 5, 0, 0;
    %flag_set/imm 4, 0;
    %assign/vec4/off/d v0x19cddf0_0, 4, 5;
    %vpi_call 40 446 "$display", "l.sfltu @%x ", v0x19efc10_0 {0 0 0};
    %pushi/vec4 1, 0, 1;
    %assign/vec4 v0x19f0160_0, 0;
    %jmp T_0.117;
T_0.116 ;
    %load/vec4 v0x19f0200_0;
    %cmpi/e 50, 0, 32;
    %jmp/0xz  T_0.118, 4;
    %pushi/vec4 1505, 0, 11;
    %ix/load 4, 21, 0;
    %ix/load 5, 0, 0;
    %flag_set/imm 4, 0;
    %assign/vec4/off/d v0x19cddf0_0, 4, 5;
    %vpi_func 40 452 "$random" 32 {0 0 0};
    %pad/s 21;
    %ix/load 4, 0, 0;
    %ix/load 5, 0, 0;
    %flag_set/imm 4, 0;
    %assign/vec4/off/d v0x19cddf0_0, 4, 5;
    %vpi_call 40 453 "$display", "l.sfnei @%x ", v0x19efc10_0 {0 0 0};
    %pushi/vec4 1, 0, 1;
    %assign/vec4 v0x19f0160_0, 0;
T_0.118 ;
T_0.117 ;
T_0.115 ;
T_0.113 ;
T_0.111 ;
T_0.109 ;
T_0.107 ;
T_0.105 ;
T_0.103 ;
T_0.101 ;
T_0.99 ;
T_0.97 ;
T_0.95 ;
T_0.93 ;
T_0.91 ;
T_0.89 ;
T_0.87 ;
T_0.85 ;
T_0.83 ;
T_0.81 ;
T_0.79 ;
T_0.77 ;
T_0.75 ;
T_0.73 ;
T_0.71 ;
T_0.69 ;
T_0.67 ;
T_0.65 ;
T_0.63 ;
T_0.61 ;
T_0.59 ;
T_0.57 ;
T_0.55 ;
T_0.53 ;
T_0.51 ;
T_0.49 ;
T_0.47 ;
T_0.45 ;
T_0.43 ;
T_0.41 ;
T_0.39 ;
T_0.37 ;
T_0.35 ;
T_0.33 ;
T_0.31 ;
T_0.29 ;
T_0.27 ;
T_0.25 ;
T_0.23 ;
T_0.21 ;
T_0.19 ;
T_0.7 ;
    %load/vec4 v0x19efc10_0;
    %pad/u 32;
    %cmpi/e 4090, 0, 32;
    %jmp/0xz  T_0.120, 4;
    %pushi/vec4 1409286144, 0, 32;
    %assign/vec4 v0x19cddf0_0, 0;
    %vpi_call 40 463 "$display", "@%x %x  c", v0x19efc10_0, v0x19cddf0_0 {0 0 0};
T_0.120 ;
    %load/vec4 v0x19efc10_0;
    %pad/u 32;
    %cmpi/e 4091, 0, 32;
    %jmp/0xz  T_0.122, 4;
    %pushi/vec4 1409286144, 0, 32;
    %assign/vec4 v0x19cddf0_0, 0;
    %vpi_call 40 467 "$display", "@%x %x  c", v0x19efc10_0, v0x19cddf0_0 {0 0 0};
T_0.122 ;
    %load/vec4 v0x19efc10_0;
    %pad/u 32;
    %cmpi/e 4092, 0, 32;
    %jmp/0xz  T_0.124, 4;
    %pushi/vec4 1140850688, 0, 32;
    %assign/vec4 v0x19cddf0_0, 0;
    %vpi_call 40 471 "$display", "@%x %x  d", v0x19efc10_0, v0x19cddf0_0 {0 0 0};
T_0.124 ;
    %load/vec4 v0x19efc10_0;
    %pad/u 32;
    %cmpi/e 4093, 0, 32;
    %jmp/0xz  T_0.126, 4;
    %pushi/vec4 1409286144, 0, 32;
    %assign/vec4 v0x19cddf0_0, 0;
    %vpi_call 40 475 "$display", "@%x %x  e", v0x19efc10_0, v0x19cddf0_0 {0 0 0};
T_0.126 ;
    %load/vec4 v0x19efc10_0;
    %cmpi/e 4094, 0, 24;
    %jmp/0xz  T_0.128, 4;
    %pushi/vec4 1409286144, 0, 32;
    %assign/vec4 v0x19cddf0_0, 0;
    %vpi_call 40 479 "$display", "@%x %x  g", v0x19efc10_0, v0x19cddf0_0 {0 0 0};
T_0.128 ;
T_0.4 ;
    %jmp T_0.3;
T_0.2 ;
    %pushi/vec4 0, 0, 1;
    %assign/vec4 v0x19efb70_0, 0;
T_0.3 ;
T_0.1 ;
    %jmp T_0;
    .thread T_0;
    .scope S_0x1834440;
T_1 ;
    %wait E_0x14b12e0;
    %load/vec4 v0x18e5910_0;
    %flag_set/vec4 8;
    %jmp/0xz  T_1.0, 8;
    %pushi/vec4 0, 0, 32;
    %assign/vec4 v0x1868df0_0, 1;
    %jmp T_1.1;
T_1.0 ;
    %load/vec4 v0x1830e80_0;
    %load/vec4 v0x1902040_0;
    %and;
    %load/vec4 v0x18b7b60_0;
    %inv;
    %and;
    %load/vec4 v0x18d1c70_0;
    %inv;
    %and;
    %load/vec4 v0x18e9610_0;
    %load/vec4 v0x18b7b60_0;
    %inv;
    %and;
    %inv;
    %and;
    %load/vec4 v0x19baff0_0;
    %load/vec4 v0x1859990_0;
    %load/vec4 v0x1835d10_0;
    %or;
    %and;
    %or;
    %flag_set/vec4 8;
    %jmp/0xz  T_1.2, 8;
    %load/vec4 v0x1992740_0;
    %assign/vec4 v0x1868df0_0, 1;
T_1.2 ;
T_1.1 ;
    %jmp T_1;
    .thread T_1;
    .scope S_0x1834440;
T_2 ;
    %wait E_0x14b12e0;
    %load/vec4 v0x18e5910_0;
    %flag_set/vec4 8;
    %jmp/0xz  T_2.0, 8;
    %pushi/vec4 0, 0, 32;
    %assign/vec4 v0x18cebe0_0, 1;
    %jmp T_2.1;
T_2.0 ;
    %load/vec4 v0x18b7b60_0;
    %flag_set/vec4 8;
    %jmp/0xz  T_2.2, 8;
    %load/vec4 v0x18cca10_0;
    %assign/vec4 v0x18cebe0_0, 1;
T_2.2 ;
T_2.1 ;
    %jmp T_2;
    .thread T_2;
    .scope S_0x1834440;
T_3 ;
    %wait E_0x1996c00;
    %load/vec4 v0x15abe90_0;
    %flag_set/vec4 8;
    %jmp/0xz  T_3.0, 8;
    %pushi/vec4 0, 0, 1;
    %assign/vec4 v0x157ed30_0, 1;
    %jmp T_3.1;
T_3.0 ;
    %load/vec4 v0x1859790_0;
    %load/vec4 v0x1830e80_0;
    %and;
    %load/vec4 v0x1902040_0;
    %and;
    %flag_set/vec4 8;
    %jmp/0xz  T_3.2, 8;
    %pushi/vec4 1, 0, 1;
    %assign/vec4 v0x157ed30_0, 1;
    %jmp T_3.3;
T_3.2 ;
    %pushi/vec4 0, 0, 1;
    %assign/vec4 v0x157ed30_0, 1;
T_3.3 ;
T_3.1 ;
    %jmp T_3;
    .thread T_3;
    .scope S_0x1834440;
T_4 ;
    %wait E_0x14b12e0;
    %load/vec4 v0x18e5910_0;
    %flag_set/vec4 8;
    %jmp/0xz  T_4.0, 8;
    %pushi/vec4 1, 0, 1;
    %assign/vec4 v0x1859990_0, 1;
    %jmp T_4.1;
T_4.0 ;
    %load/vec4 v0x18b7b60_0;
    %load/vec4 v0x1830e80_0;
    %and;
    %load/vec4 v0x1902040_0;
    %and;
    %flag_set/vec4 8;
    %jmp/0xz  T_4.2, 8;
    %pushi/vec4 1, 0, 1;
    %assign/vec4 v0x1859990_0, 1;
    %jmp T_4.3;
T_4.2 ;
    %load/vec4 v0x1830e80_0;
    %load/vec4 v0x1902040_0;
    %and;
    %load/vec4 v0x18b7b60_0;
    %inv;
    %and;
    %load/vec4 v0x18d1c70_0;
    %inv;
    %and;
    %load/vec4 v0x18e9610_0;
    %load/vec4 v0x18b7b60_0;
    %inv;
    %and;
    %inv;
    %and;
    %flag_set/vec4 8;
    %jmp/0xz  T_4.4, 8;
    %pushi/vec4 0, 0, 1;
    %assign/vec4 v0x1859990_0, 1;
T_4.4 ;
T_4.3 ;
T_4.1 ;
    %jmp T_4;
    .thread T_4;
    .scope S_0x1834440;
T_5 ;
    %wait E_0x14b12e0;
    %load/vec4 v0x18e5910_0;
    %flag_set/vec4 8;
    %jmp/0xz  T_5.0, 8;
    %pushi/vec4 0, 0, 32;
    %assign/vec4 v0x18ce440_0, 1;
    %jmp T_5.1;
T_5.0 ;
    %load/vec4 v0x1830e80_0;
    %load/vec4 v0x1902040_0;
    %and;
    %load/vec4 v0x18b7b60_0;
    %inv;
    %and;
    %load/vec4 v0x18d1c70_0;
    %inv;
    %and;
    %flag_set/vec4 8;
    %jmp/0xz  T_5.2, 8;
    %load/vec4 v0x1826810_0;
    %assign/vec4 v0x18ce440_0, 1;
T_5.2 ;
T_5.1 ;
    %jmp T_5;
    .thread T_5;
    .scope S_0x1834440;
T_6 ;
    %wait E_0x1996c00;
    %load/vec4 v0x15abe90_0;
    %flag_set/vec4 8;
    %jmp/0xz  T_6.0, 8;
    %pushi/vec4 0, 0, 2;
    %assign/vec4 v0x1826900_0, 1;
    %jmp T_6.1;
T_6.0 ;
    %load/vec4 v0x1826900_0;
    %addi 1, 0, 2;
    %assign/vec4 v0x1826900_0, 1;
T_6.1 ;
    %jmp T_6;
    .thread T_6;
    .scope S_0x1834440;
T_7 ;
    %wait E_0x14b12e0;
    %load/vec4 v0x18e5910_0;
    %flag_set/vec4 8;
    %jmp/0xz  T_7.0, 8;
    %pushi/vec4 0, 0, 1;
    %assign/vec4 v0x19b99d0_0, 1;
    %jmp T_7.1;
T_7.0 ;
    %load/vec4 v0x18b7b60_0;
    %load/vec4 v0x18d6690_0;
    %or;
    %flag_set/vec4 8;
    %jmp/0xz  T_7.2, 8;
    %pushi/vec4 0, 0, 1;
    %assign/vec4 v0x19b99d0_0, 1;
    %jmp T_7.3;
T_7.2 ;
    %load/vec4 v0x18d1c70_0;
    %flag_set/vec4 8;
    %jmp/0xz  T_7.4, 8;
    %pushi/vec4 1, 0, 1;
    %assign/vec4 v0x19b99d0_0, 1;
T_7.4 ;
T_7.3 ;
T_7.1 ;
    %jmp T_7;
    .thread T_7;
    .scope S_0x1834440;
T_8 ;
    %wait E_0x14b12e0;
    %load/vec4 v0x18e5910_0;
    %flag_set/vec4 8;
    %jmp/0xz  T_8.0, 8;
    %pushi/vec4 0, 0, 1;
    %assign/vec4 v0x191aea0_0, 1;
    %jmp T_8.1;
T_8.0 ;
    %load/vec4 v0x1830e80_0;
    %load/vec4 v0x18b7b60_0;
    %inv;
    %and;
    %load/vec4 v0x15f0330_0;
    %inv;
    %and;
    %load/vec4 v0x1859790_0;
    %inv;
    %and;
    %load/vec4 v0x19baff0_0;
    %or;
    %load/vec4 v0x18d1c70_0;
    %load/vec4 v0x18b7b60_0;
    %inv;
    %and;
    %or;
    %assign/vec4 v0x191aea0_0, 1;
T_8.1 ;
    %jmp T_8;
    .thread T_8;
    .scope S_0x1834440;
T_9 ;
    %wait E_0x14b12e0;
    %load/vec4 v0x18e5910_0;
    %flag_set/vec4 8;
    %jmp/0xz  T_9.0, 8;
    %pushi/vec4 0, 0, 1;
    %assign/vec4 v0x18e9610_0, 1;
    %jmp T_9.1;
T_9.0 ;
    %load/vec4 v0x1830e80_0;
    %load/vec4 v0x1902040_0;
    %and;
    %load/vec4 v0x18b7b60_0;
    %inv;
    %and;
    %load/vec4 v0x15f0330_0;
    %inv;
    %and;
    %load/vec4 v0x1859790_0;
    %inv;
    %and;
    %load/vec4 v0x18d1c70_0;
    %load/vec4 v0x18b7b60_0;
    %inv;
    %and;
    %or;
    %assign/vec4 v0x18e9610_0, 1;
T_9.1 ;
    %jmp T_9;
    .thread T_9;
    .scope S_0x1834440;
T_10 ;
    %wait E_0x14b12e0;
    %load/vec4 v0x18e5910_0;
    %flag_set/vec4 8;
    %jmp/0xz  T_10.0, 8;
    %pushi/vec4 0, 0, 1;
    %assign/vec4 v0x18d8660_0, 1;
    %jmp T_10.1;
T_10.0 ;
    %load/vec4 v0x1830e80_0;
    %load/vec4 v0x1902040_0;
    %and;
    %load/vec4 v0x185a130_0;
    %and;
    %load/vec4 v0x18d1c70_0;
    %load/vec4 v0x18d8660_0;
    %and;
    %or;
    %assign/vec4 v0x18d8660_0, 1;
T_10.1 ;
    %jmp T_10;
    .thread T_10;
    .scope S_0x1834440;
T_11 ;
    %wait E_0x14b12e0;
    %load/vec4 v0x18e5910_0;
    %flag_set/vec4 8;
    %jmp/0xz  T_11.0, 8;
    %pushi/vec4 0, 0, 4;
    %assign/vec4 v0x18e81a0_0, 1;
    %jmp T_11.1;
T_11.0 ;
    %load/vec4 v0x1901f40_0;
    %assign/vec4 v0x18e81a0_0, 1;
T_11.1 ;
    %jmp T_11;
    .thread T_11;
    .scope S_0x1834440;
T_12 ;
    %wait E_0x14b12e0;
    %load/vec4 v0x18e5910_0;
    %flag_set/vec4 8;
    %jmp/0xz  T_12.0, 8;
    %pushi/vec4 0, 0, 1;
    %assign/vec4 v0x1921720_0, 1;
    %jmp T_12.1;
T_12.0 ;
    %load/vec4 v0x19baff0_0;
    %assign/vec4 v0x1921720_0, 1;
T_12.1 ;
    %jmp T_12;
    .thread T_12;
    .scope S_0x1831a80;
T_13 ;
    %wait E_0x1996fa0;
    %load/vec4 v0x1605eb0_0;
    %flag_set/vec4 8;
    %jmp/0xz  T_13.0, 8;
    %pushi/vec4 0, 0, 32;
    %assign/vec4 v0x16898f0_0, 1;
    %jmp T_13.1;
T_13.0 ;
    %load/vec4 v0x18d2230_0;
    %load/vec4 v0x1833520_0;
    %and;
    %load/vec4 v0x16ba650_0;
    %inv;
    %and;
    %load/vec4 v0x18804b0_0;
    %inv;
    %and;
    %load/vec4 v0x15d8c40_0;
    %load/vec4 v0x16ba650_0;
    %inv;
    %and;
    %inv;
    %and;
    %flag_set/vec4 8;
    %jmp/0xz  T_13.2, 8;
    %load/vec4 v0x187a000_0;
    %assign/vec4 v0x16898f0_0, 1;
T_13.2 ;
T_13.1 ;
    %jmp T_13;
    .thread T_13;
    .scope S_0x1831a80;
T_14 ;
    %wait E_0x1996fa0;
    %load/vec4 v0x1605eb0_0;
    %flag_set/vec4 8;
    %jmp/0xz  T_14.0, 8;
    %pushi/vec4 0, 0, 32;
    %assign/vec4 v0x162c340_0, 1;
    %jmp T_14.1;
T_14.0 ;
    %load/vec4 v0x18d2230_0;
    %load/vec4 v0x1833520_0;
    %and;
    %load/vec4 v0x16ba650_0;
    %inv;
    %and;
    %load/vec4 v0x18804b0_0;
    %inv;
    %and;
    %flag_set/vec4 8;
    %jmp/0xz  T_14.2, 8;
    %load/vec4 v0x18ff280_0;
    %assign/vec4 v0x162c340_0, 1;
T_14.2 ;
T_14.1 ;
    %jmp T_14;
    .thread T_14;
    .scope S_0x1831a80;
T_15 ;
    %wait E_0x1996c00;
    %load/vec4 v0x16b0370_0;
    %flag_set/vec4 8;
    %jmp/0xz  T_15.0, 8;
    %pushi/vec4 0, 0, 2;
    %assign/vec4 v0x16b7600_0, 1;
    %jmp T_15.1;
T_15.0 ;
    %load/vec4 v0x16b7600_0;
    %addi 1, 0, 2;
    %assign/vec4 v0x16b7600_0, 1;
T_15.1 ;
    %jmp T_15;
    .thread T_15;
    .scope S_0x1831a80;
T_16 ;
    %wait E_0x1996fa0;
    %load/vec4 v0x1605eb0_0;
    %flag_set/vec4 8;
    %jmp/0xz  T_16.0, 8;
    %pushi/vec4 0, 0, 1;
    %assign/vec4 v0x187f6c0_0, 1;
    %jmp T_16.1;
T_16.0 ;
    %load/vec4 v0x16ba650_0;
    %load/vec4 v0x160e930_0;
    %or;
    %flag_set/vec4 8;
    %jmp/0xz  T_16.2, 8;
    %pushi/vec4 0, 0, 1;
    %assign/vec4 v0x187f6c0_0, 1;
    %jmp T_16.3;
T_16.2 ;
    %load/vec4 v0x18804b0_0;
    %flag_set/vec4 8;
    %jmp/0xz  T_16.4, 8;
    %pushi/vec4 1, 0, 1;
    %assign/vec4 v0x187f6c0_0, 1;
T_16.4 ;
T_16.3 ;
T_16.1 ;
    %jmp T_16;
    .thread T_16;
    .scope S_0x1831a80;
T_17 ;
    %wait E_0x1996fa0;
    %load/vec4 v0x1605eb0_0;
    %flag_set/vec4 8;
    %jmp/0xz  T_17.0, 8;
    %pushi/vec4 0, 0, 1;
    %assign/vec4 v0x16692c0_0, 1;
    %jmp T_17.1;
T_17.0 ;
    %load/vec4 v0x18d2230_0;
    %load/vec4 v0x16ba650_0;
    %inv;
    %and;
    %load/vec4 v0x16b0080_0;
    %inv;
    %and;
    %load/vec4 v0x1859690_0;
    %or;
    %load/vec4 v0x18804b0_0;
    %load/vec4 v0x16ba650_0;
    %inv;
    %and;
    %or;
    %assign/vec4 v0x16692c0_0, 1;
T_17.1 ;
    %jmp T_17;
    .thread T_17;
    .scope S_0x1831a80;
T_18 ;
    %wait E_0x1996fa0;
    %load/vec4 v0x1605eb0_0;
    %flag_set/vec4 8;
    %jmp/0xz  T_18.0, 8;
    %pushi/vec4 0, 0, 1;
    %assign/vec4 v0x15d8c40_0, 1;
    %jmp T_18.1;
T_18.0 ;
    %load/vec4 v0x18d2230_0;
    %load/vec4 v0x1833520_0;
    %and;
    %load/vec4 v0x16ba650_0;
    %inv;
    %and;
    %load/vec4 v0x16b0080_0;
    %inv;
    %and;
    %load/vec4 v0x18804b0_0;
    %load/vec4 v0x16ba650_0;
    %inv;
    %and;
    %or;
    %assign/vec4 v0x15d8c40_0, 1;
T_18.1 ;
    %jmp T_18;
    .thread T_18;
    .scope S_0x1831a80;
T_19 ;
    %wait E_0x1996fa0;
    %load/vec4 v0x1605eb0_0;
    %flag_set/vec4 8;
    %jmp/0xz  T_19.0, 8;
    %pushi/vec4 0, 0, 1;
    %assign/vec4 v0x15c6be0_0, 1;
    %jmp T_19.1;
T_19.0 ;
    %load/vec4 v0x18d2230_0;
    %load/vec4 v0x1833520_0;
    %and;
    %load/vec4 v0x16f35a0_0;
    %and;
    %load/vec4 v0x18804b0_0;
    %load/vec4 v0x15c6be0_0;
    %and;
    %or;
    %assign/vec4 v0x15c6be0_0, 1;
T_19.1 ;
    %jmp T_19;
    .thread T_19;
    .scope S_0x1831a80;
T_20 ;
    %wait E_0x1996fa0;
    %load/vec4 v0x1605eb0_0;
    %flag_set/vec4 8;
    %jmp/0xz  T_20.0, 8;
    %pushi/vec4 0, 0, 4;
    %assign/vec4 v0x15daf00_0, 1;
    %jmp T_20.1;
T_20.0 ;
    %load/vec4 v0x19c02b0_0;
    %assign/vec4 v0x15daf00_0, 1;
T_20.1 ;
    %jmp T_20;
    .thread T_20;
    .scope S_0x1831a80;
T_21 ;
    %wait E_0x1996fa0;
    %load/vec4 v0x1605eb0_0;
    %flag_set/vec4 8;
    %jmp/0xz  T_21.0, 8;
    %pushi/vec4 0, 0, 1;
    %assign/vec4 v0x1692950_0, 1;
    %jmp T_21.1;
T_21.0 ;
    %load/vec4 v0x1859690_0;
    %assign/vec4 v0x1692950_0, 1;
T_21.1 ;
    %jmp T_21;
    .thread T_21;
    .scope S_0x19dda00;
T_22 ;
    %wait E_0x1996c00;
    %load/vec4 v0x19deb50_0;
    %flag_set/vec4 8;
    %jmp/0xz  T_22.0, 8;
    %pushi/vec4 256, 0, 32;
    %assign/vec4 v0x19de180_0, 1;
    %jmp T_22.1;
T_22.0 ;
    %load/vec4 v0x19de0e0_0;
    %assign/vec4 v0x19de180_0, 1;
T_22.1 ;
    %jmp T_22;
    .thread T_22;
    .scope S_0x19dda00;
T_23 ;
    %wait E_0x1996c00;
    %load/vec4 v0x19deb50_0;
    %flag_set/vec4 8;
    %jmp/0xz  T_23.0, 8;
    %pushi/vec4 0, 0, 19;
    %assign/vec4 v0x19de4a0_0, 1;
    %jmp T_23.1;
T_23.0 ;
    %load/vec4 v0x19de0e0_0;
    %parti/s 19, 13, 5;
    %assign/vec4 v0x19de4a0_0, 1;
T_23.1 ;
    %jmp T_23;
    .thread T_23;
    .scope S_0x19d7260;
T_24 ;
    %wait E_0x1996c00;
    %load/vec4 v0x19d9380_0;
    %flag_set/vec4 8;
    %jmp/0xz  T_24.0, 8;
    %pushi/vec4 0, 0, 2;
    %assign/vec4 v0x19d9600_0, 1;
    %pushi/vec4 0, 0, 32;
    %assign/vec4 v0x19d94c0_0, 1;
    %pushi/vec4 0, 0, 1;
    %assign/vec4 v0x19d8fc0_0, 1;
    %pushi/vec4 0, 0, 1;
    %assign/vec4 v0x19d92e0_0, 1;
    %pushi/vec4 0, 0, 3;
    %assign/vec4 v0x19d80c0_0, 1;
    %pushi/vec4 0, 0, 1;
    %assign/vec4 v0x19d8a90_0, 1;
    %jmp T_24.1;
T_24.0 ;
    %load/vec4 v0x19d9600_0;
    %dup/vec4;
    %pushi/vec4 0, 0, 2;
    %cmp/u;
    %jmp/1 T_24.2, 6;
    %dup/vec4;
    %pushi/vec4 1, 0, 2;
    %cmp/u;
    %jmp/1 T_24.3, 6;
    %dup/vec4;
    %pushi/vec4 2, 0, 2;
    %cmp/u;
    %jmp/1 T_24.4, 6;
    %pushi/vec4 0, 0, 2;
    %assign/vec4 v0x19d9600_0, 1;
    %jmp T_24.6;
T_24.2 ;
    %load/vec4 v0x19d9060_0;
    %load/vec4 v0x19d91a0_0;
    %and;
    %flag_set/vec4 8;
    %jmp/0xz  T_24.7, 8;
    %pushi/vec4 1, 0, 2;
    %assign/vec4 v0x19d9600_0, 1;
    %load/vec4 v0x19d9560_0;
    %assign/vec4 v0x19d94c0_0, 1;
    %pushi/vec4 1, 0, 1;
    %assign/vec4 v0x19d8fc0_0, 1;
    %pushi/vec4 1, 0, 1;
    %assign/vec4 v0x19d92e0_0, 1;
    %pushi/vec4 0, 0, 1;
    %assign/vec4 v0x19d8a90_0, 1;
    %jmp T_24.8;
T_24.7 ;
    %pushi/vec4 0, 0, 1;
    %assign/vec4 v0x19d8fc0_0, 1;
    %pushi/vec4 0, 0, 1;
    %assign/vec4 v0x19d92e0_0, 1;
    %pushi/vec4 0, 0, 1;
    %assign/vec4 v0x19d8a90_0, 1;
T_24.8 ;
    %jmp T_24.6;
T_24.3 ;
    %load/vec4 v0x19d91a0_0;
    %load/vec4 v0x19d9100_0;
    %and;
    %flag_set/vec4 8;
    %jmp/0xz  T_24.9, 8;
    %pushi/vec4 1, 0, 1;
    %assign/vec4 v0x19d8a90_0, 1;
T_24.9 ;
    %load/vec4 v0x19d8fc0_0;
    %flag_set/vec4 8;
    %jmp/0xz  T_24.11, 8;
    %load/vec4 v0x19d9560_0;
    %parti/s 19, 13, 5;
    %ix/load 4, 13, 0;
    %ix/load 5, 1, 0;
    %flag_set/imm 4, 0;
    %assign/vec4/off/d v0x19d94c0_0, 4, 5;
T_24.11 ;
    %load/vec4 v0x19d9060_0;
    %nor/r;
    %flag_set/vec4 8;
    %jmp/1 T_24.17, 8;
    %load/vec4 v0x19d8fc0_0;
    %load/vec4 v0x19d91a0_0;
    %nor/r;
    %and;
    %flag_set/vec4 9;
    %flag_or 8, 9;
T_24.17;
    %jmp/1 T_24.16, 8;
    %load/vec4 v0x19d88b0_0;
    %flag_set/vec4 9;
    %flag_or 8, 9;
T_24.16;
    %jmp/1 T_24.15, 8;
    %load/vec4 v0x19d8a90_0;
    %load/vec4 v0x19d8950_0;
    %and;
    %flag_set/vec4 9;
    %flag_or 8, 9;
T_24.15;
    %jmp/0xz  T_24.13, 8;
    %pushi/vec4 0, 0, 2;
    %assign/vec4 v0x19d9600_0, 1;
    %pushi/vec4 0, 0, 1;
    %assign/vec4 v0x19d8fc0_0, 1;
    %pushi/vec4 0, 0, 1;
    %assign/vec4 v0x19d92e0_0, 1;
    %pushi/vec4 0, 0, 1;
    %assign/vec4 v0x19d8a90_0, 1;
    %jmp T_24.14;
T_24.13 ;
    %load/vec4 v0x19d9740_0;
    %load/vec4 v0x19d8950_0;
    %and;
    %flag_set/vec4 8;
    %jmp/0xz  T_24.18, 8;
    %pushi/vec4 2, 0, 2;
    %assign/vec4 v0x19d9600_0, 1;
    %load/vec4 v0x19d94c0_0;
    %parti/s 2, 2, 3;
    %addi 1, 0, 2;
    %ix/load 4, 2, 0;
    %ix/load 5, 1, 0;
    %flag_set/imm 4, 0;
    %assign/vec4/off/d v0x19d94c0_0, 4, 5;
    %pushi/vec4 0, 0, 1;
    %assign/vec4 v0x19d8fc0_0, 1;
    %pushi/vec4 2, 0, 3;
    %assign/vec4 v0x19d80c0_0, 1;
    %pushi/vec4 0, 0, 1;
    %assign/vec4 v0x19d8a90_0, 1;
    %jmp T_24.19;
T_24.18 ;
    %load/vec4 v0x19d9740_0;
    %nor/r;
    %load/vec4 v0x19d9100_0;
    %nor/r;
    %and;
    %flag_set/vec4 8;
    %jmp/0xz  T_24.20, 8;
    %load/vec4 v0x19d9560_0;
    %assign/vec4 v0x19d94c0_0, 1;
    %pushi/vec4 0, 0, 1;
    %assign/vec4 v0x19d8a90_0, 1;
    %jmp T_24.21;
T_24.20 ;
    %load/vec4 v0x19d91a0_0;
    %nor/r;
    %flag_set/vec4 8;
    %jmp/0xz  T_24.22, 8;
    %pushi/vec4 0, 0, 2;
    %assign/vec4 v0x19d9600_0, 1;
    %pushi/vec4 0, 0, 1;
    %assign/vec4 v0x19d8fc0_0, 1;
    %pushi/vec4 0, 0, 1;
    %assign/vec4 v0x19d92e0_0, 1;
    %pushi/vec4 0, 0, 1;
    %assign/vec4 v0x19d8a90_0, 1;
    %jmp T_24.23;
T_24.22 ;
    %pushi/vec4 0, 0, 1;
    %assign/vec4 v0x19d8fc0_0, 1;
T_24.23 ;
T_24.21 ;
T_24.19 ;
T_24.14 ;
    %jmp T_24.6;
T_24.4 ;
    %load/vec4 v0x19d8950_0;
    %flag_set/vec4 9;
    %flag_get/vec4 9;
    %jmp/0 T_24.26, 9;
    %load/vec4 v0x19d80c0_0;
    %or/r;
    %and;
T_24.26;
    %flag_set/vec4 8;
    %jmp/0xz  T_24.24, 8;
    %load/vec4 v0x19d80c0_0;
    %subi 1, 0, 3;
    %assign/vec4 v0x19d80c0_0, 1;
    %load/vec4 v0x19d94c0_0;
    %parti/s 2, 2, 3;
    %addi 1, 0, 2;
    %ix/load 4, 2, 0;
    %ix/load 5, 1, 0;
    %flag_set/imm 4, 0;
    %assign/vec4/off/d v0x19d94c0_0, 4, 5;
    %jmp T_24.25;
T_24.24 ;
    %load/vec4 v0x19d8950_0;
    %flag_set/vec4 8;
    %jmp/0xz  T_24.27, 8;
    %pushi/vec4 0, 0, 2;
    %assign/vec4 v0x19d9600_0, 1;
    %load/vec4 v0x19d9560_0;
    %assign/vec4 v0x19d94c0_0, 1;
    %pushi/vec4 0, 0, 1;
    %assign/vec4 v0x19d8fc0_0, 1;
    %pushi/vec4 0, 0, 1;
    %assign/vec4 v0x19d92e0_0, 1;
T_24.27 ;
T_24.25 ;
    %jmp T_24.6;
T_24.6 ;
    %pop/vec4 1;
T_24.1 ;
    %jmp T_24;
    .thread T_24;
    .scope S_0x19d6d80;
T_25 ;
    %wait E_0x1587e20;
    %load/vec4 v0x19dd6a0_0;
    %load/vec4 v0x19dbcd0_0;
    %or;
    %load/vec4 v0x19dbc10_0;
    %or;
    %load/vec4 v0x19dd1f0_0;
    %or;
    %flag_set/vec4 8;
    %jmp/1 T_25.2, 8;
    %load/vec4 v0x19dd740_0;
    %nor/r;
    %flag_set/vec4 9;
    %flag_or 8, 9;
T_25.2;
    %jmp/0xz  T_25.0, 8;
    %pushi/vec4 1, 0, 1;
    %store/vec4 v0x19dd7e0_0, 0, 1;
    %jmp T_25.1;
T_25.0 ;
    %pushi/vec4 0, 0, 1;
    %store/vec4 v0x19dd7e0_0, 0, 1;
T_25.1 ;
    %jmp T_25;
    .thread T_25, $push;
    .scope S_0x198b880;
T_26 ;
    %wait E_0x1996c00;
    %load/vec4 v0x1986bf0_0;
    %flag_set/vec4 8;
    %jmp/0xz  T_26.0, 8;
    %pushi/vec4 0, 0, 1;
    %assign/vec4 v0x1988270_0, 1;
    %jmp T_26.1;
T_26.0 ;
    %load/vec4 v0x1988740_0;
    %flag_set/vec4 8;
    %jmp/0xz  T_26.2, 8;
    %pushi/vec4 1, 0, 1;
    %assign/vec4 v0x1988270_0, 1;
    %jmp T_26.3;
T_26.2 ;
    %pushi/vec4 0, 0, 1;
    %assign/vec4 v0x1988270_0, 1;
T_26.3 ;
T_26.1 ;
    %jmp T_26;
    .thread T_26;
    .scope S_0x198b880;
T_27 ;
    %wait E_0x18d2b00;
    %load/vec4 v0x1986830_0;
    %load/vec4 v0x1985990_0;
    %concat/vec4; draw_concat_vec4
    %load/vec4 v0x19898f0_0;
    %concat/vec4; draw_concat_vec4
    %dup/vec4;
    %pushi/vec4 0, 0, 5;
    %cmp/x;
    %jmp/1 T_27.0, 4;
    %dup/vec4;
    %pushi/vec4 1, 0, 5;
    %cmp/x;
    %jmp/1 T_27.1, 4;
    %dup/vec4;
    %pushi/vec4 2, 0, 5;
    %cmp/x;
    %jmp/1 T_27.2, 4;
    %dup/vec4;
    %pushi/vec4 3, 0, 5;
    %cmp/x;
    %jmp/1 T_27.3, 4;
    %dup/vec4;
    %pushi/vec4 4, 0, 5;
    %cmp/x;
    %jmp/1 T_27.4, 4;
    %dup/vec4;
    %pushi/vec4 5, 0, 5;
    %cmp/x;
    %jmp/1 T_27.5, 4;
    %dup/vec4;
    %pushi/vec4 6, 0, 5;
    %cmp/x;
    %jmp/1 T_27.6, 4;
    %dup/vec4;
    %pushi/vec4 15, 7, 5;
    %cmp/x;
    %jmp/1 T_27.7, 4;
    %load/vec4 v0x1986c90_0;
    %store/vec4 v0x1986fb0_0, 0, 32;
    %jmp T_27.9;
T_27.0 ;
    %load/vec4 v0x1987070_0;
    %addi 1, 0, 30;
    %concati/vec4 0, 0, 2;
    %store/vec4 v0x1986fb0_0, 0, 32;
    %jmp T_27.9;
T_27.1 ;
    %load/vec4 v0x1989d70_0;
    %concati/vec4 0, 0, 2;
    %store/vec4 v0x1986fb0_0, 0, 32;
    %jmp T_27.9;
T_27.2 ;
    %load/vec4 v0x1987370_0;
    %store/vec4 v0x1986fb0_0, 0, 32;
    %jmp T_27.9;
T_27.3 ;
    %load/vec4 v0x1989cb0_0;
    %load/vec4 v0x1989d70_0;
    %add;
    %concati/vec4 0, 0, 2;
    %store/vec4 v0x1986fb0_0, 0, 32;
    %jmp T_27.9;
T_27.4 ;
    %load/vec4 v0x19889f0_0;
    %flag_set/vec4 8;
    %jmp/0xz  T_27.10, 8;
    %load/vec4 v0x1989cb0_0;
    %load/vec4 v0x1989d70_0;
    %add;
    %concati/vec4 0, 0, 2;
    %store/vec4 v0x1986fb0_0, 0, 32;
    %jmp T_27.11;
T_27.10 ;
    %load/vec4 v0x1987070_0;
    %addi 1, 0, 30;
    %concati/vec4 0, 0, 2;
    %store/vec4 v0x1986fb0_0, 0, 32;
T_27.11 ;
    %jmp T_27.9;
T_27.5 ;
    %load/vec4 v0x19889f0_0;
    %flag_set/vec4 8;
    %jmp/0xz  T_27.12, 8;
    %load/vec4 v0x1987070_0;
    %addi 1, 0, 30;
    %concati/vec4 0, 0, 2;
    %store/vec4 v0x1986fb0_0, 0, 32;
    %jmp T_27.13;
T_27.12 ;
    %load/vec4 v0x1989cb0_0;
    %load/vec4 v0x1989d70_0;
    %add;
    %concati/vec4 0, 0, 2;
    %store/vec4 v0x1986fb0_0, 0, 32;
T_27.13 ;
    %jmp T_27.9;
T_27.6 ;
    %load/vec4 v0x1988db0_0;
    %store/vec4 v0x1986fb0_0, 0, 32;
    %jmp T_27.9;
T_27.7 ;
    %load/vec4 v0x1988e80_0;
    %flag_set/vec4 8;
    %jmp/0 T_27.14, 8;
    %pushi/vec4 983040, 0, 20;
    %jmp/1 T_27.15, 8;
T_27.14 ; End of true expr.
    %pushi/vec4 0, 0, 20;
    %jmp/0 T_27.15, 8;
 ; End of false expr.
    %blend;
T_27.15;
    %load/vec4 v0x1985a30_0;
    %concat/vec4; draw_concat_vec4
    %concati/vec4 0, 0, 8;
    %store/vec4 v0x1986fb0_0, 0, 32;
    %jmp T_27.9;
T_27.9 ;
    %pop/vec4 1;
    %jmp T_27;
    .thread T_27, $push;
    .scope S_0x198b880;
T_28 ;
    %wait E_0x18d2b00;
    %load/vec4 v0x1986830_0;
    %load/vec4 v0x1985990_0;
    %concat/vec4; draw_concat_vec4
    %load/vec4 v0x19898f0_0;
    %concat/vec4; draw_concat_vec4
    %dup/vec4;
    %pushi/vec4 0, 0, 5;
    %cmp/x;
    %jmp/1 T_28.0, 4;
    %dup/vec4;
    %pushi/vec4 1, 0, 5;
    %cmp/x;
    %jmp/1 T_28.1, 4;
    %dup/vec4;
    %pushi/vec4 2, 0, 5;
    %cmp/x;
    %jmp/1 T_28.2, 4;
    %dup/vec4;
    %pushi/vec4 3, 0, 5;
    %cmp/x;
    %jmp/1 T_28.3, 4;
    %dup/vec4;
    %pushi/vec4 4, 0, 5;
    %cmp/x;
    %jmp/1 T_28.4, 4;
    %dup/vec4;
    %pushi/vec4 5, 0, 5;
    %cmp/x;
    %jmp/1 T_28.5, 4;
    %dup/vec4;
    %pushi/vec4 6, 0, 5;
    %cmp/x;
    %jmp/1 T_28.6, 4;
    %dup/vec4;
    %pushi/vec4 15, 7, 5;
    %cmp/x;
    %jmp/1 T_28.7, 4;
    %pushi/vec4 0, 0, 1;
    %store/vec4 v0x19868d0_0, 0, 1;
    %jmp T_28.9;
T_28.0 ;
    %pushi/vec4 0, 0, 1;
    %store/vec4 v0x19868d0_0, 0, 1;
    %jmp T_28.9;
T_28.1 ;
    %pushi/vec4 1, 0, 1;
    %store/vec4 v0x19868d0_0, 0, 1;
    %jmp T_28.9;
T_28.2 ;
    %pushi/vec4 1, 0, 1;
    %store/vec4 v0x19868d0_0, 0, 1;
    %jmp T_28.9;
T_28.3 ;
    %pushi/vec4 1, 0, 1;
    %store/vec4 v0x19868d0_0, 0, 1;
    %jmp T_28.9;
T_28.4 ;
    %load/vec4 v0x19889f0_0;
    %flag_set/vec4 8;
    %jmp/0xz  T_28.10, 8;
    %pushi/vec4 1, 0, 1;
    %store/vec4 v0x19868d0_0, 0, 1;
    %jmp T_28.11;
T_28.10 ;
    %pushi/vec4 0, 0, 1;
    %store/vec4 v0x19868d0_0, 0, 1;
T_28.11 ;
    %jmp T_28.9;
T_28.5 ;
    %load/vec4 v0x19889f0_0;
    %flag_set/vec4 8;
    %jmp/0xz  T_28.12, 8;
    %pushi/vec4 0, 0, 1;
    %store/vec4 v0x19868d0_0, 0, 1;
    %jmp T_28.13;
T_28.12 ;
    %pushi/vec4 1, 0, 1;
    %store/vec4 v0x19868d0_0, 0, 1;
T_28.13 ;
    %jmp T_28.9;
T_28.6 ;
    %pushi/vec4 1, 0, 1;
    %store/vec4 v0x19868d0_0, 0, 1;
    %jmp T_28.9;
T_28.7 ;
    %pushi/vec4 1, 0, 1;
    %store/vec4 v0x19868d0_0, 0, 1;
    %jmp T_28.9;
T_28.9 ;
    %pop/vec4 1;
    %jmp T_28;
    .thread T_28, $push;
    .scope S_0x198b880;
T_29 ;
    %wait E_0x1996c00;
    %load/vec4 v0x1986bf0_0;
    %flag_set/vec4 8;
    %jmp/0xz  T_29.0, 8;
    %load/vec4 v0x1988e80_0;
    %flag_set/vec4 8;
    %jmp/0 T_29.2, 8;
    %pushi/vec4 983040, 0, 20;
    %jmp/1 T_29.3, 8;
T_29.2 ; End of true expr.
    %pushi/vec4 0, 0, 20;
    %jmp/0 T_29.3, 8;
 ; End of false expr.
    %blend;
T_29.3;
    %concati/vec4 1, 0, 4;
    %concati/vec4 0, 0, 8;
    %subi 1, 0, 32;
    %ix/load 4, 2, 0;
    %flag_set/imm 4, 0;
    %shiftr 4;
    %pad/u 30;
    %assign/vec4 v0x1987070_0, 1;
    %jmp T_29.1;
T_29.0 ;
    %load/vec4 v0x1986830_0;
    %flag_set/vec4 8;
    %jmp/0xz  T_29.4, 8;
    %load/vec4 v0x1986c90_0;
    %parti/s 30, 2, 3;
    %assign/vec4 v0x1987070_0, 1;
    %jmp T_29.5;
T_29.4 ;
    %load/vec4 v0x1987410_0;
    %load/vec4 v0x1985990_0;
    %or;
    %load/vec4 v0x1988ac0_0;
    %nor/r;
    %load/vec4 v0x1987b90_0;
    %nor/r;
    %and;
    %load/vec4 v0x1988740_0;
    %nor/r;
    %and;
    %or;
    %flag_set/vec4 8;
    %jmp/0xz  T_29.6, 8;
    %load/vec4 v0x1986fb0_0;
    %parti/s 30, 2, 3;
    %assign/vec4 v0x1987070_0, 1;
T_29.6 ;
T_29.5 ;
T_29.1 ;
    %jmp T_29;
    .thread T_29;
    .scope S_0x19bb4e0;
T_30 ;
    %wait E_0x1996c00;
    %load/vec4 v0x1833ce0_0;
    %flag_set/vec4 8;
    %jmp/0xz  T_30.0, 8;
    %pushi/vec4 0, 0, 1;
    %assign/vec4 v0x18473a0_0, 1;
    %jmp T_30.1;
T_30.0 ;
    %load/vec4 v0x1839cb0_0;
    %flag_set/vec4 8;
    %jmp/0xz  T_30.2, 8;
    %pushi/vec4 0, 0, 1;
    %assign/vec4 v0x18473a0_0, 1;
    %jmp T_30.3;
T_30.2 ;
    %load/vec4 v0x1839390_0;
    %load/vec4 v0x1837750_0;
    %and;
    %load/vec4 v0x18473a0_0;
    %nor/r;
    %and;
    %flag_set/vec4 8;
    %jmp/0xz  T_30.4, 8;
    %pushi/vec4 1, 0, 1;
    %assign/vec4 v0x18473a0_0, 1;
    %jmp T_30.5;
T_30.4 ;
    %load/vec4 v0x1837750_0;
    %nor/r;
    %flag_set/vec4 8;
    %jmp/0xz  T_30.6, 8;
    %pushi/vec4 0, 0, 1;
    %assign/vec4 v0x18473a0_0, 1;
T_30.6 ;
T_30.5 ;
T_30.3 ;
T_30.1 ;
    %jmp T_30;
    .thread T_30;
    .scope S_0x19bb4e0;
T_31 ;
    %wait E_0x1996c00;
    %load/vec4 v0x1833ce0_0;
    %flag_set/vec4 8;
    %jmp/0xz  T_31.0, 8;
    %pushi/vec4 339804160, 0, 32;
    %assign/vec4 v0x18362b0_0, 1;
    %jmp T_31.1;
T_31.0 ;
    %load/vec4 v0x1839cb0_0;
    %flag_set/vec4 8;
    %jmp/0xz  T_31.2, 8;
    %pushi/vec4 339804160, 0, 32;
    %assign/vec4 v0x18362b0_0, 1;
    %jmp T_31.3;
T_31.2 ;
    %load/vec4 v0x1839390_0;
    %load/vec4 v0x1837750_0;
    %and;
    %load/vec4 v0x18473a0_0;
    %nor/r;
    %and;
    %flag_set/vec4 8;
    %jmp/0xz  T_31.4, 8;
    %load/vec4 v0x1838bc0_0;
    %assign/vec4 v0x18362b0_0, 1;
    %jmp T_31.5;
T_31.4 ;
    %load/vec4 v0x1837750_0;
    %nor/r;
    %flag_set/vec4 8;
    %jmp/0xz  T_31.6, 8;
    %pushi/vec4 339804160, 0, 32;
    %assign/vec4 v0x18362b0_0, 1;
T_31.6 ;
T_31.5 ;
T_31.3 ;
T_31.1 ;
    %jmp T_31;
    .thread T_31;
    .scope S_0x19bb4e0;
T_32 ;
    %wait E_0x1996c00;
    %load/vec4 v0x1833ce0_0;
    %flag_set/vec4 8;
    %jmp/0xz  T_32.0, 8;
    %pushi/vec4 0, 0, 32;
    %assign/vec4 v0x183ac50_0, 1;
    %jmp T_32.1;
T_32.0 ;
    %load/vec4 v0x1839cb0_0;
    %flag_set/vec4 8;
    %jmp/0xz  T_32.2, 8;
    %pushi/vec4 0, 0, 32;
    %assign/vec4 v0x183ac50_0, 1;
    %jmp T_32.3;
T_32.2 ;
    %load/vec4 v0x1839390_0;
    %load/vec4 v0x1837750_0;
    %and;
    %load/vec4 v0x18473a0_0;
    %nor/r;
    %and;
    %flag_set/vec4 8;
    %jmp/0xz  T_32.4, 8;
    %load/vec4 v0x1839430_0;
    %assign/vec4 v0x183ac50_0, 1;
    %jmp T_32.5;
T_32.4 ;
    %load/vec4 v0x1837750_0;
    %nor/r;
    %flag_set/vec4 8;
    %jmp/0xz  T_32.6, 8;
    %load/vec4 v0x1839430_0;
    %assign/vec4 v0x183ac50_0, 1;
T_32.6 ;
T_32.5 ;
T_32.3 ;
T_32.1 ;
    %jmp T_32;
    .thread T_32;
    .scope S_0x1835130;
T_33 ;
    %wait E_0x1994550;
    %load/vec4 v0x18d5550_0;
    %parti/s 5, 16, 6;
    %load/vec4 v0x199ff00_0;
    %cmp/e;
    %flag_get/vec4 4;
    %jmp/0 T_33.2, 4;
    %load/vec4 v0x199a750_0;
    %parti/s 1, 0, 2;
    %and;
T_33.2;
    %flag_set/vec4 8;
    %jmp/0xz  T_33.0, 8;
    %pushi/vec4 2, 0, 2;
    %store/vec4 v0x1999f50_0, 0, 2;
    %jmp T_33.1;
T_33.0 ;
    %load/vec4 v0x18d5550_0;
    %parti/s 5, 16, 6;
    %load/vec4 v0x1811390_0;
    %cmp/e;
    %flag_get/vec4 4;
    %jmp/0 T_33.5, 4;
    %load/vec4 v0x1683600_0;
    %and;
T_33.5;
    %flag_set/vec4 8;
    %jmp/0xz  T_33.3, 8;
    %pushi/vec4 3, 0, 2;
    %store/vec4 v0x1999f50_0, 0, 2;
    %jmp T_33.4;
T_33.3 ;
    %pushi/vec4 0, 0, 2;
    %store/vec4 v0x1999f50_0, 0, 2;
T_33.4 ;
T_33.1 ;
    %jmp T_33;
    .thread T_33, $push;
    .scope S_0x1835130;
T_34 ;
    %wait E_0x1993bf0;
    %load/vec4 v0x1832f50_0;
    %flag_set/vec4 8;
    %jmp/0xz  T_34.0, 8;
    %pushi/vec4 1, 0, 2;
    %store/vec4 v0x184edf0_0, 0, 2;
    %jmp T_34.1;
T_34.0 ;
    %load/vec4 v0x18d5550_0;
    %parti/s 5, 11, 5;
    %load/vec4 v0x199ff00_0;
    %cmp/e;
    %flag_get/vec4 4;
    %jmp/0 T_34.4, 4;
    %load/vec4 v0x199a750_0;
    %parti/s 1, 0, 2;
    %and;
T_34.4;
    %flag_set/vec4 8;
    %jmp/0xz  T_34.2, 8;
    %pushi/vec4 2, 0, 2;
    %store/vec4 v0x184edf0_0, 0, 2;
    %jmp T_34.3;
T_34.2 ;
    %load/vec4 v0x18d5550_0;
    %parti/s 5, 11, 5;
    %load/vec4 v0x1811390_0;
    %cmp/e;
    %flag_get/vec4 4;
    %jmp/0 T_34.7, 4;
    %load/vec4 v0x1683600_0;
    %and;
T_34.7;
    %flag_set/vec4 8;
    %jmp/0xz  T_34.5, 8;
    %pushi/vec4 3, 0, 2;
    %store/vec4 v0x184edf0_0, 0, 2;
    %jmp T_34.6;
T_34.5 ;
    %pushi/vec4 0, 0, 2;
    %store/vec4 v0x184edf0_0, 0, 2;
T_34.6 ;
T_34.3 ;
T_34.1 ;
    %jmp T_34;
    .thread T_34, $push;
    .scope S_0x1835130;
T_35 ;
    %wait E_0x1996c00;
    %load/vec4 v0x1999eb0_0;
    %flag_set/vec4 8;
    %jmp/0xz  T_35.0, 8;
    %pushi/vec4 0, 0, 1;
    %assign/vec4 v0x185d6d0_0, 1;
    %jmp T_35.1;
T_35.0 ;
    %load/vec4 v0x1920f70_0;
    %nor/r;
    %load/vec4 v0x18d5fc0_0;
    %and;
    %load/vec4 v0x1867620_0;
    %or;
    %flag_set/vec4 8;
    %jmp/0xz  T_35.2, 8;
    %pushi/vec4 0, 0, 1;
    %assign/vec4 v0x185d6d0_0, 1;
    %jmp T_35.3;
T_35.2 ;
    %load/vec4 v0x1920f70_0;
    %nor/r;
    %flag_set/vec4 8;
    %jmp/0xz  T_35.4, 8;
    %load/vec4 v0x18d3aa0_0;
    %assign/vec4 v0x185d6d0_0, 1;
T_35.4 ;
T_35.3 ;
T_35.1 ;
    %jmp T_35;
    .thread T_35;
    .scope S_0x1835130;
T_36 ;
    %wait E_0x1996c00;
    %load/vec4 v0x1999eb0_0;
    %flag_set/vec4 8;
    %jmp/0xz  T_36.0, 8;
    %pushi/vec4 0, 0, 16;
    %assign/vec4 v0x19bd640_0, 1;
    %jmp T_36.1;
T_36.0 ;
    %load/vec4 v0x1920f70_0;
    %nor/r;
    %load/vec4 v0x18d5fc0_0;
    %and;
    %load/vec4 v0x1867620_0;
    %or;
    %flag_set/vec4 8;
    %jmp/0xz  T_36.2, 8;
    %pushi/vec4 0, 0, 16;
    %assign/vec4 v0x19bd640_0, 1;
    %jmp T_36.3;
T_36.2 ;
    %load/vec4 v0x1920f70_0;
    %nor/r;
    %flag_set/vec4 8;
    %jmp/0xz  T_36.4, 8;
    %load/vec4 v0x18d5550_0;
    %parti/s 6, 26, 6;
    %dup/vec4;
    %pushi/vec4 45, 0, 6;
    %cmp/u;
    %jmp/1 T_36.6, 6;
    %load/vec4 v0x18d5550_0;
    %parti/s 5, 21, 6;
    %load/vec4 v0x18d5550_0;
    %parti/s 11, 0, 2;
    %concat/vec4; draw_concat_vec4
    %assign/vec4 v0x19bd640_0, 1;
    %jmp T_36.8;
T_36.6 ;
    %load/vec4 v0x18d5550_0;
    %parti/s 16, 0, 2;
    %assign/vec4 v0x19bd640_0, 1;
    %jmp T_36.8;
T_36.8 ;
    %pop/vec4 1;
T_36.4 ;
T_36.3 ;
T_36.1 ;
    %jmp T_36;
    .thread T_36;
    .scope S_0x1835130;
T_37 ;
    %wait E_0x1993740;
    %load/vec4 v0x18d5550_0;
    %parti/s 6, 26, 6;
    %dup/vec4;
    %pushi/vec4 56, 0, 6;
    %cmp/u;
    %jmp/1 T_37.0, 6;
    %pushi/vec4 0, 0, 2;
    %store/vec4 v0x18ab7b0_0, 0, 2;
    %jmp T_37.2;
T_37.0 ;
    %load/vec4 v0x18d5550_0;
    %parti/s 2, 8, 5;
    %store/vec4 v0x18ab7b0_0, 0, 2;
    %jmp T_37.2;
T_37.2 ;
    %pop/vec4 1;
    %jmp T_37;
    .thread T_37, $push;
    .scope S_0x1835130;
T_38 ;
    %wait E_0x1993740;
    %load/vec4 v0x18d5550_0;
    %parti/s 6, 26, 6;
    %dup/vec4;
    %pushi/vec4 39, 0, 6;
    %cmp/u;
    %jmp/1 T_38.0, 6;
    %dup/vec4;
    %pushi/vec4 40, 0, 6;
    %cmp/u;
    %jmp/1 T_38.1, 6;
    %dup/vec4;
    %pushi/vec4 43, 0, 6;
    %cmp/u;
    %jmp/1 T_38.2, 6;
    %dup/vec4;
    %pushi/vec4 44, 0, 6;
    %cmp/u;
    %jmp/1 T_38.3, 6;
    %dup/vec4;
    %pushi/vec4 19, 0, 6;
    %cmp/u;
    %jmp/1 T_38.4, 6;
    %dup/vec4;
    %pushi/vec4 47, 0, 6;
    %cmp/u;
    %jmp/1 T_38.5, 6;
    %pushi/vec4 0, 0, 1;
    %store/vec4 v0x18afd70_0, 0, 1;
    %jmp T_38.7;
T_38.0 ;
    %pushi/vec4 1, 0, 1;
    %store/vec4 v0x18afd70_0, 0, 1;
    %jmp T_38.7;
T_38.1 ;
    %pushi/vec4 1, 0, 1;
    %store/vec4 v0x18afd70_0, 0, 1;
    %jmp T_38.7;
T_38.2 ;
    %pushi/vec4 1, 0, 1;
    %store/vec4 v0x18afd70_0, 0, 1;
    %jmp T_38.7;
T_38.3 ;
    %pushi/vec4 1, 0, 1;
    %store/vec4 v0x18afd70_0, 0, 1;
    %jmp T_38.7;
T_38.4 ;
    %pushi/vec4 1, 0, 1;
    %store/vec4 v0x18afd70_0, 0, 1;
    %jmp T_38.7;
T_38.5 ;
    %pushi/vec4 1, 0, 1;
    %store/vec4 v0x18afd70_0, 0, 1;
    %jmp T_38.7;
T_38.7 ;
    %pop/vec4 1;
    %jmp T_38;
    .thread T_38, $push;
    .scope S_0x1835130;
T_39 ;
    %wait E_0x19929a0;
    %load/vec4 v0x19200b0_0;
    %parti/s 11, 0, 2;
    %ix/load 4, 0, 0;
    %flag_set/imm 4, 0;
    %store/vec4 v0x18ae480_0, 4, 11;
    %load/vec4 v0x18a9c80_0;
    %dup/vec4;
    %pushi/vec4 14, 0, 4;
    %cmp/u;
    %jmp/1 T_39.0, 6;
    %dup/vec4;
    %pushi/vec4 12, 0, 4;
    %cmp/u;
    %jmp/1 T_39.1, 6;
    %dup/vec4;
    %pushi/vec4 10, 0, 4;
    %cmp/u;
    %jmp/1 T_39.2, 6;
    %load/vec4 v0x19200b0_0;
    %parti/s 1, 15, 5;
    %replicate 16;
    %load/vec4 v0x19200b0_0;
    %parti/s 5, 11, 5;
    %concat/vec4; draw_concat_vec4
    %ix/load 4, 11, 0;
    %flag_set/imm 4, 0;
    %store/vec4 v0x18ae480_0, 4, 21;
    %jmp T_39.4;
T_39.0 ;
    %load/vec4 v0x19200b0_0;
    %parti/s 1, 25, 6;
    %replicate 16;
    %load/vec4 v0x19200b0_0;
    %parti/s 5, 21, 6;
    %concat/vec4; draw_concat_vec4
    %ix/load 4, 11, 0;
    %flag_set/imm 4, 0;
    %store/vec4 v0x18ae480_0, 4, 21;
    %jmp T_39.4;
T_39.1 ;
    %load/vec4 v0x19200b0_0;
    %parti/s 1, 25, 6;
    %replicate 16;
    %load/vec4 v0x19200b0_0;
    %parti/s 5, 21, 6;
    %concat/vec4; draw_concat_vec4
    %ix/load 4, 11, 0;
    %flag_set/imm 4, 0;
    %store/vec4 v0x18ae480_0, 4, 21;
    %jmp T_39.4;
T_39.2 ;
    %load/vec4 v0x19200b0_0;
    %parti/s 1, 25, 6;
    %replicate 16;
    %load/vec4 v0x19200b0_0;
    %parti/s 5, 21, 6;
    %concat/vec4; draw_concat_vec4
    %ix/load 4, 11, 0;
    %flag_set/imm 4, 0;
    %store/vec4 v0x18ae480_0, 4, 21;
    %jmp T_39.4;
T_39.4 ;
    %pop/vec4 1;
    %jmp T_39;
    .thread T_39, $push;
    .scope S_0x1835130;
T_40 ;
    %wait E_0x1996c00;
    %load/vec4 v0x1999eb0_0;
    %flag_set/vec4 8;
    %jmp/0xz  T_40.0, 8;
    %pushi/vec4 0, 0, 5;
    %assign/vec4 v0x199ff00_0, 1;
    %jmp T_40.1;
T_40.0 ;
    %load/vec4 v0x1920f70_0;
    %nor/r;
    %load/vec4 v0x18d5fc0_0;
    %and;
    %flag_set/vec4 8;
    %jmp/0xz  T_40.2, 8;
    %pushi/vec4 0, 0, 5;
    %assign/vec4 v0x199ff00_0, 1;
    %jmp T_40.3;
T_40.2 ;
    %load/vec4 v0x1920f70_0;
    %nor/r;
    %flag_set/vec4 8;
    %jmp/0xz  T_40.4, 8;
    %load/vec4 v0x1901110_0;
    %dup/vec4;
    %pushi/vec4 2, 0, 3;
    %cmp/u;
    %jmp/1 T_40.6, 6;
    %dup/vec4;
    %pushi/vec4 3, 0, 3;
    %cmp/u;
    %jmp/1 T_40.7, 6;
    %load/vec4 v0x18d5550_0;
    %parti/s 5, 21, 6;
    %assign/vec4 v0x199ff00_0, 1;
    %jmp T_40.9;
T_40.6 ;
    %pushi/vec4 9, 0, 5;
    %assign/vec4 v0x199ff00_0, 1;
    %jmp T_40.9;
T_40.7 ;
    %pushi/vec4 9, 0, 5;
    %assign/vec4 v0x199ff00_0, 1;
    %jmp T_40.9;
T_40.9 ;
    %pop/vec4 1;
T_40.4 ;
T_40.3 ;
T_40.1 ;
    %jmp T_40;
    .thread T_40;
    .scope S_0x1835130;
T_41 ;
    %wait E_0x1996c00;
    %load/vec4 v0x1999eb0_0;
    %flag_set/vec4 8;
    %jmp/0xz  T_41.0, 8;
    %pushi/vec4 0, 0, 5;
    %assign/vec4 v0x1811390_0, 1;
    %jmp T_41.1;
T_41.0 ;
    %load/vec4 v0x19b53a0_0;
    %nor/r;
    %flag_set/vec4 8;
    %jmp/0xz  T_41.2, 8;
    %load/vec4 v0x199ff00_0;
    %assign/vec4 v0x1811390_0, 1;
T_41.2 ;
T_41.1 ;
    %jmp T_41;
    .thread T_41;
    .scope S_0x1835130;
T_42 ;
    %wait E_0x1996c00;
    %load/vec4 v0x1999eb0_0;
    %flag_set/vec4 8;
    %jmp/0xz  T_42.0, 8;
    %pushi/vec4 339804160, 0, 32;
    %assign/vec4 v0x18d5550_0, 1;
    %jmp T_42.1;
T_42.0 ;
    %load/vec4 v0x1867620_0;
    %flag_set/vec4 8;
    %jmp/0xz  T_42.2, 8;
    %pushi/vec4 339804160, 0, 32;
    %assign/vec4 v0x18d5550_0, 1;
    %jmp T_42.3;
T_42.2 ;
    %load/vec4 v0x18d5fc0_0;
    %nor/r;
    %flag_set/vec4 8;
    %jmp/0xz  T_42.4, 8;
    %load/vec4 v0x18d2a00_0;
    %assign/vec4 v0x18d5550_0, 1;
T_42.4 ;
T_42.3 ;
T_42.1 ;
    %jmp T_42;
    .thread T_42;
    .scope S_0x1835130;
T_43 ;
    %wait E_0x1996c00;
    %load/vec4 v0x1999eb0_0;
    %flag_set/vec4 8;
    %jmp/0xz  T_43.0, 8;
    %pushi/vec4 339804160, 0, 32;
    %assign/vec4 v0x19200b0_0, 1;
    %jmp T_43.1;
T_43.0 ;
    %load/vec4 v0x1920f70_0;
    %nor/r;
    %load/vec4 v0x18d5fc0_0;
    %and;
    %load/vec4 v0x1867620_0;
    %or;
    %flag_set/vec4 8;
    %jmp/0xz  T_43.2, 8;
    %pushi/vec4 339804160, 0, 32;
    %assign/vec4 v0x19200b0_0, 1;
    %jmp T_43.3;
T_43.2 ;
    %load/vec4 v0x1920f70_0;
    %nor/r;
    %flag_set/vec4 8;
    %jmp/0xz  T_43.4, 8;
    %load/vec4 v0x18d5550_0;
    %assign/vec4 v0x19200b0_0, 1;
T_43.4 ;
T_43.3 ;
T_43.1 ;
    %jmp T_43;
    .thread T_43;
    .scope S_0x1835130;
T_44 ;
    %wait E_0x1996c00;
    %load/vec4 v0x1999eb0_0;
    %flag_set/vec4 8;
    %jmp/0xz  T_44.0, 8;
    %pushi/vec4 339804160, 0, 32;
    %assign/vec4 v0x19b4370_0, 1;
    %jmp T_44.1;
T_44.0 ;
    %load/vec4 v0x1867620_0;
    %flag_set/vec4 8;
    %jmp/0xz  T_44.2, 8;
    %pushi/vec4 339804160, 0, 32;
    %assign/vec4 v0x19b4370_0, 1;
    %jmp T_44.3;
T_44.2 ;
    %load/vec4 v0x19b53a0_0;
    %nor/r;
    %flag_set/vec4 8;
    %jmp/0xz  T_44.4, 8;
    %load/vec4 v0x19200b0_0;
    %assign/vec4 v0x19b4370_0, 1;
T_44.4 ;
T_44.3 ;
T_44.1 ;
    %jmp T_44;
    .thread T_44;
    .scope S_0x1835130;
T_45 ;
    %wait E_0x1996c00;
    %load/vec4 v0x1999eb0_0;
    %flag_set/vec4 8;
    %jmp/0xz  T_45.0, 8;
    %pushi/vec4 0, 0, 1;
    %assign/vec4 v0x1832f50_0, 1;
    %jmp T_45.1;
T_45.0 ;
    %load/vec4 v0x18d5fc0_0;
    %nor/r;
    %flag_set/vec4 8;
    %jmp/0xz  T_45.2, 8;
    %load/vec4 v0x18d2a00_0;
    %parti/s 6, 26, 6;
    %dup/vec4;
    %pushi/vec4 18, 0, 6;
    %cmp/u;
    %jmp/1 T_45.4, 6;
    %dup/vec4;
    %pushi/vec4 17, 0, 6;
    %cmp/u;
    %jmp/1 T_45.5, 6;
    %dup/vec4;
    %pushi/vec4 9, 0, 6;
    %cmp/u;
    %jmp/1 T_45.6, 6;
    %dup/vec4;
    %pushi/vec4 45, 0, 6;
    %cmp/u;
    %jmp/1 T_45.7, 6;
    %dup/vec4;
    %pushi/vec4 48, 0, 6;
    %cmp/u;
    %jmp/1 T_45.8, 6;
    %dup/vec4;
    %pushi/vec4 8, 0, 6;
    %cmp/u;
    %jmp/1 T_45.9, 6;
    %dup/vec4;
    %pushi/vec4 49, 0, 6;
    %cmp/u;
    %jmp/1 T_45.10, 6;
    %dup/vec4;
    %pushi/vec4 53, 0, 6;
    %cmp/u;
    %jmp/1 T_45.11, 6;
    %dup/vec4;
    %pushi/vec4 54, 0, 6;
    %cmp/u;
    %jmp/1 T_45.12, 6;
    %dup/vec4;
    %pushi/vec4 55, 0, 6;
    %cmp/u;
    %jmp/1 T_45.13, 6;
    %dup/vec4;
    %pushi/vec4 56, 0, 6;
    %cmp/u;
    %jmp/1 T_45.14, 6;
    %dup/vec4;
    %pushi/vec4 57, 0, 6;
    %cmp/u;
    %jmp/1 T_45.15, 6;
    %dup/vec4;
    %pushi/vec4 5, 0, 6;
    %cmp/u;
    %jmp/1 T_45.16, 6;
    %pushi/vec4 1, 0, 1;
    %assign/vec4 v0x1832f50_0, 1;
    %jmp T_45.18;
T_45.4 ;
    %pushi/vec4 0, 0, 1;
    %assign/vec4 v0x1832f50_0, 1;
    %jmp T_45.18;
T_45.5 ;
    %pushi/vec4 0, 0, 1;
    %assign/vec4 v0x1832f50_0, 1;
    %jmp T_45.18;
T_45.6 ;
    %pushi/vec4 0, 0, 1;
    %assign/vec4 v0x1832f50_0, 1;
    %jmp T_45.18;
T_45.7 ;
    %pushi/vec4 0, 0, 1;
    %assign/vec4 v0x1832f50_0, 1;
    %jmp T_45.18;
T_45.8 ;
    %pushi/vec4 0, 0, 1;
    %assign/vec4 v0x1832f50_0, 1;
    %jmp T_45.18;
T_45.9 ;
    %pushi/vec4 0, 0, 1;
    %assign/vec4 v0x1832f50_0, 1;
    %jmp T_45.18;
T_45.10 ;
    %pushi/vec4 0, 0, 1;
    %assign/vec4 v0x1832f50_0, 1;
    %jmp T_45.18;
T_45.11 ;
    %pushi/vec4 0, 0, 1;
    %assign/vec4 v0x1832f50_0, 1;
    %jmp T_45.18;
T_45.12 ;
    %pushi/vec4 0, 0, 1;
    %assign/vec4 v0x1832f50_0, 1;
    %jmp T_45.18;
T_45.13 ;
    %pushi/vec4 0, 0, 1;
    %assign/vec4 v0x1832f50_0, 1;
    %jmp T_45.18;
T_45.14 ;
    %pushi/vec4 0, 0, 1;
    %assign/vec4 v0x1832f50_0, 1;
    %jmp T_45.18;
T_45.15 ;
    %pushi/vec4 0, 0, 1;
    %assign/vec4 v0x1832f50_0, 1;
    %jmp T_45.18;
T_45.16 ;
    %pushi/vec4 0, 0, 1;
    %assign/vec4 v0x1832f50_0, 1;
    %jmp T_45.18;
T_45.18 ;
    %pop/vec4 1;
T_45.2 ;
T_45.1 ;
    %jmp T_45;
    .thread T_45;
    .scope S_0x1835130;
T_46 ;
    %wait E_0x1996c00;
    %load/vec4 v0x1999eb0_0;
    %flag_set/vec4 8;
    %jmp/0xz  T_46.0, 8;
    %pushi/vec4 0, 0, 1;
    %assign/vec4 v0x18686b0_0, 1;
    %jmp T_46.1;
T_46.0 ;
    %load/vec4 v0x1920f70_0;
    %nor/r;
    %load/vec4 v0x18d5fc0_0;
    %and;
    %load/vec4 v0x1867620_0;
    %or;
    %flag_set/vec4 8;
    %jmp/0xz  T_46.2, 8;
    %pushi/vec4 0, 0, 1;
    %assign/vec4 v0x18686b0_0, 1;
    %jmp T_46.3;
T_46.2 ;
    %load/vec4 v0x1920f70_0;
    %nor/r;
    %flag_set/vec4 8;
    %jmp/0xz  T_46.4, 8;
    %load/vec4 v0x18d5550_0;
    %parti/s 6, 26, 6;
    %dup/vec4;
    %pushi/vec4 0, 0, 6;
    %cmp/u;
    %jmp/1 T_46.6, 6;
    %dup/vec4;
    %pushi/vec4 1, 0, 6;
    %cmp/u;
    %jmp/1 T_46.7, 6;
    %dup/vec4;
    %pushi/vec4 18, 0, 6;
    %cmp/u;
    %jmp/1 T_46.8, 6;
    %dup/vec4;
    %pushi/vec4 17, 0, 6;
    %cmp/u;
    %jmp/1 T_46.9, 6;
    %dup/vec4;
    %pushi/vec4 3, 0, 6;
    %cmp/u;
    %jmp/1 T_46.10, 6;
    %dup/vec4;
    %pushi/vec4 4, 0, 6;
    %cmp/u;
    %jmp/1 T_46.11, 6;
    %dup/vec4;
    %pushi/vec4 9, 0, 6;
    %cmp/u;
    %jmp/1 T_46.12, 6;
    %dup/vec4;
    %pushi/vec4 6, 0, 6;
    %cmp/u;
    %jmp/1 T_46.13, 6;
    %dup/vec4;
    %pushi/vec4 45, 0, 6;
    %cmp/u;
    %jmp/1 T_46.14, 6;
    %dup/vec4;
    %pushi/vec4 8, 0, 6;
    %cmp/u;
    %jmp/1 T_46.15, 6;
    %dup/vec4;
    %pushi/vec4 19, 0, 6;
    %cmp/u;
    %jmp/1 T_46.16, 6;
    %dup/vec4;
    %pushi/vec4 33, 0, 6;
    %cmp/u;
    %jmp/1 T_46.17, 6;
    %dup/vec4;
    %pushi/vec4 35, 0, 6;
    %cmp/u;
    %jmp/1 T_46.18, 6;
    %dup/vec4;
    %pushi/vec4 36, 0, 6;
    %cmp/u;
    %jmp/1 T_46.19, 6;
    %dup/vec4;
    %pushi/vec4 37, 0, 6;
    %cmp/u;
    %jmp/1 T_46.20, 6;
    %dup/vec4;
    %pushi/vec4 38, 0, 6;
    %cmp/u;
    %jmp/1 T_46.21, 6;
    %dup/vec4;
    %pushi/vec4 39, 0, 6;
    %cmp/u;
    %jmp/1 T_46.22, 6;
    %dup/vec4;
    %pushi/vec4 40, 0, 6;
    %cmp/u;
    %jmp/1 T_46.23, 6;
    %dup/vec4;
    %pushi/vec4 41, 0, 6;
    %cmp/u;
    %jmp/1 T_46.24, 6;
    %dup/vec4;
    %pushi/vec4 42, 0, 6;
    %cmp/u;
    %jmp/1 T_46.25, 6;
    %dup/vec4;
    %pushi/vec4 43, 0, 6;
    %cmp/u;
    %jmp/1 T_46.26, 6;
    %dup/vec4;
    %pushi/vec4 44, 0, 6;
    %cmp/u;
    %jmp/1 T_46.27, 6;
    %dup/vec4;
    %pushi/vec4 46, 0, 6;
    %cmp/u;
    %jmp/1 T_46.28, 6;
    %dup/vec4;
    %pushi/vec4 47, 0, 6;
    %cmp/u;
    %jmp/1 T_46.29, 6;
    %dup/vec4;
    %pushi/vec4 48, 0, 6;
    %cmp/u;
    %jmp/1 T_46.30, 6;
    %dup/vec4;
    %pushi/vec4 49, 0, 6;
    %cmp/u;
    %jmp/1 T_46.31, 6;
    %dup/vec4;
    %pushi/vec4 53, 0, 6;
    %cmp/u;
    %jmp/1 T_46.32, 6;
    %dup/vec4;
    %pushi/vec4 54, 0, 6;
    %cmp/u;
    %jmp/1 T_46.33, 6;
    %dup/vec4;
    %pushi/vec4 55, 0, 6;
    %cmp/u;
    %jmp/1 T_46.34, 6;
    %dup/vec4;
    %pushi/vec4 56, 0, 6;
    %cmp/u;
    %jmp/1 T_46.35, 6;
    %dup/vec4;
    %pushi/vec4 57, 0, 6;
    %cmp/u;
    %jmp/1 T_46.36, 6;
    %dup/vec4;
    %pushi/vec4 5, 0, 6;
    %cmp/u;
    %jmp/1 T_46.37, 6;
    %pushi/vec4 1, 0, 1;
    %assign/vec4 v0x18686b0_0, 1;
    %jmp T_46.39;
T_46.6 ;
    %pushi/vec4 0, 0, 1;
    %assign/vec4 v0x18686b0_0, 1;
    %jmp T_46.39;
T_46.7 ;
    %pushi/vec4 0, 0, 1;
    %assign/vec4 v0x18686b0_0, 1;
    %jmp T_46.39;
T_46.8 ;
    %pushi/vec4 0, 0, 1;
    %assign/vec4 v0x18686b0_0, 1;
    %jmp T_46.39;
T_46.9 ;
    %pushi/vec4 0, 0, 1;
    %assign/vec4 v0x18686b0_0, 1;
    %jmp T_46.39;
T_46.10 ;
    %pushi/vec4 0, 0, 1;
    %assign/vec4 v0x18686b0_0, 1;
    %jmp T_46.39;
T_46.11 ;
    %pushi/vec4 0, 0, 1;
    %assign/vec4 v0x18686b0_0, 1;
    %jmp T_46.39;
T_46.12 ;
    %pushi/vec4 0, 0, 1;
    %assign/vec4 v0x18686b0_0, 1;
    %jmp T_46.39;
T_46.13 ;
    %pushi/vec4 0, 0, 1;
    %assign/vec4 v0x18686b0_0, 1;
    %jmp T_46.39;
T_46.14 ;
    %pushi/vec4 0, 0, 1;
    %assign/vec4 v0x18686b0_0, 1;
    %jmp T_46.39;
T_46.15 ;
    %pushi/vec4 0, 0, 1;
    %assign/vec4 v0x18686b0_0, 1;
    %jmp T_46.39;
T_46.16 ;
    %pushi/vec4 0, 0, 1;
    %assign/vec4 v0x18686b0_0, 1;
    %jmp T_46.39;
T_46.17 ;
    %pushi/vec4 0, 0, 1;
    %assign/vec4 v0x18686b0_0, 1;
    %jmp T_46.39;
T_46.18 ;
    %pushi/vec4 0, 0, 1;
    %assign/vec4 v0x18686b0_0, 1;
    %jmp T_46.39;
T_46.19 ;
    %pushi/vec4 0, 0, 1;
    %assign/vec4 v0x18686b0_0, 1;
    %jmp T_46.39;
T_46.20 ;
    %pushi/vec4 0, 0, 1;
    %assign/vec4 v0x18686b0_0, 1;
    %jmp T_46.39;
T_46.21 ;
    %pushi/vec4 0, 0, 1;
    %assign/vec4 v0x18686b0_0, 1;
    %jmp T_46.39;
T_46.22 ;
    %pushi/vec4 0, 0, 1;
    %assign/vec4 v0x18686b0_0, 1;
    %jmp T_46.39;
T_46.23 ;
    %pushi/vec4 0, 0, 1;
    %assign/vec4 v0x18686b0_0, 1;
    %jmp T_46.39;
T_46.24 ;
    %pushi/vec4 0, 0, 1;
    %assign/vec4 v0x18686b0_0, 1;
    %jmp T_46.39;
T_46.25 ;
    %pushi/vec4 0, 0, 1;
    %assign/vec4 v0x18686b0_0, 1;
    %jmp T_46.39;
T_46.26 ;
    %pushi/vec4 0, 0, 1;
    %assign/vec4 v0x18686b0_0, 1;
    %jmp T_46.39;
T_46.27 ;
    %pushi/vec4 0, 0, 1;
    %assign/vec4 v0x18686b0_0, 1;
    %jmp T_46.39;
T_46.28 ;
    %pushi/vec4 0, 0, 1;
    %assign/vec4 v0x18686b0_0, 1;
    %jmp T_46.39;
T_46.29 ;
    %pushi/vec4 0, 0, 1;
    %assign/vec4 v0x18686b0_0, 1;
    %jmp T_46.39;
T_46.30 ;
    %pushi/vec4 0, 0, 1;
    %assign/vec4 v0x18686b0_0, 1;
    %jmp T_46.39;
T_46.31 ;
    %pushi/vec4 0, 0, 1;
    %assign/vec4 v0x18686b0_0, 1;
    %jmp T_46.39;
T_46.32 ;
    %pushi/vec4 0, 0, 1;
    %assign/vec4 v0x18686b0_0, 1;
    %jmp T_46.39;
T_46.33 ;
    %pushi/vec4 0, 0, 1;
    %assign/vec4 v0x18686b0_0, 1;
    %jmp T_46.39;
T_46.34 ;
    %pushi/vec4 0, 0, 1;
    %assign/vec4 v0x18686b0_0, 1;
    %jmp T_46.39;
T_46.35 ;
    %pushi/vec4 0, 0, 1;
    %assign/vec4 v0x18686b0_0, 1;
    %jmp T_46.39;
T_46.36 ;
    %pushi/vec4 0, 0, 1;
    %assign/vec4 v0x18686b0_0, 1;
    %jmp T_46.39;
T_46.37 ;
    %pushi/vec4 0, 0, 1;
    %assign/vec4 v0x18686b0_0, 1;
    %jmp T_46.39;
T_46.39 ;
    %pop/vec4 1;
T_46.4 ;
T_46.3 ;
T_46.1 ;
    %jmp T_46;
    .thread T_46;
    .scope S_0x1835130;
T_47 ;
    %wait E_0x1996c00;
    %load/vec4 v0x1999eb0_0;
    %flag_set/vec4 8;
    %jmp/0xz  T_47.0, 8;
    %pushi/vec4 4, 0, 4;
    %assign/vec4 v0x181a8b0_0, 1;
    %jmp T_47.1;
T_47.0 ;
    %load/vec4 v0x1920f70_0;
    %nor/r;
    %load/vec4 v0x18d5fc0_0;
    %and;
    %load/vec4 v0x1867620_0;
    %or;
    %flag_set/vec4 8;
    %jmp/0xz  T_47.2, 8;
    %pushi/vec4 4, 0, 4;
    %assign/vec4 v0x181a8b0_0, 1;
    %jmp T_47.3;
T_47.2 ;
    %load/vec4 v0x1920f70_0;
    %nor/r;
    %flag_set/vec4 8;
    %jmp/0xz  T_47.4, 8;
    %load/vec4 v0x18d5550_0;
    %parti/s 6, 26, 6;
    %dup/vec4;
    %pushi/vec4 0, 0, 6;
    %cmp/u;
    %jmp/1 T_47.6, 6;
    %dup/vec4;
    %pushi/vec4 1, 0, 6;
    %cmp/u;
    %jmp/1 T_47.7, 6;
    %dup/vec4;
    %pushi/vec4 3, 0, 6;
    %cmp/u;
    %jmp/1 T_47.8, 6;
    %dup/vec4;
    %pushi/vec4 4, 0, 6;
    %cmp/u;
    %jmp/1 T_47.9, 6;
    %dup/vec4;
    %pushi/vec4 6, 0, 6;
    %cmp/u;
    %jmp/1 T_47.10, 6;
    %dup/vec4;
    %pushi/vec4 45, 0, 6;
    %cmp/u;
    %jmp/1 T_47.11, 6;
    %dup/vec4;
    %pushi/vec4 48, 0, 6;
    %cmp/u;
    %jmp/1 T_47.12, 6;
    %dup/vec4;
    %pushi/vec4 39, 0, 6;
    %cmp/u;
    %jmp/1 T_47.13, 6;
    %dup/vec4;
    %pushi/vec4 40, 0, 6;
    %cmp/u;
    %jmp/1 T_47.14, 6;
    %dup/vec4;
    %pushi/vec4 41, 0, 6;
    %cmp/u;
    %jmp/1 T_47.15, 6;
    %dup/vec4;
    %pushi/vec4 42, 0, 6;
    %cmp/u;
    %jmp/1 T_47.16, 6;
    %dup/vec4;
    %pushi/vec4 43, 0, 6;
    %cmp/u;
    %jmp/1 T_47.17, 6;
    %dup/vec4;
    %pushi/vec4 44, 0, 6;
    %cmp/u;
    %jmp/1 T_47.18, 6;
    %dup/vec4;
    %pushi/vec4 46, 0, 6;
    %cmp/u;
    %jmp/1 T_47.19, 6;
    %dup/vec4;
    %pushi/vec4 47, 0, 6;
    %cmp/u;
    %jmp/1 T_47.20, 6;
    %dup/vec4;
    %pushi/vec4 56, 0, 6;
    %cmp/u;
    %jmp/1 T_47.21, 6;
    %dup/vec4;
    %pushi/vec4 57, 0, 6;
    %cmp/u;
    %jmp/1 T_47.22, 6;
    %pushi/vec4 4, 0, 4;
    %assign/vec4 v0x181a8b0_0, 1;
    %jmp T_47.24;
T_47.6 ;
    %pushi/vec4 11, 0, 4;
    %assign/vec4 v0x181a8b0_0, 1;
    %jmp T_47.24;
T_47.7 ;
    %pushi/vec4 11, 0, 4;
    %assign/vec4 v0x181a8b0_0, 1;
    %jmp T_47.24;
T_47.8 ;
    %pushi/vec4 4, 0, 4;
    %assign/vec4 v0x181a8b0_0, 1;
    %jmp T_47.24;
T_47.9 ;
    %pushi/vec4 4, 0, 4;
    %assign/vec4 v0x181a8b0_0, 1;
    %jmp T_47.24;
T_47.10 ;
    %pushi/vec4 12, 0, 4;
    %assign/vec4 v0x181a8b0_0, 1;
    %jmp T_47.24;
T_47.11 ;
    %pushi/vec4 15, 0, 4;
    %assign/vec4 v0x181a8b0_0, 1;
    %jmp T_47.24;
T_47.12 ;
    %pushi/vec4 14, 0, 4;
    %assign/vec4 v0x181a8b0_0, 1;
    %jmp T_47.24;
T_47.13 ;
    %pushi/vec4 0, 0, 4;
    %assign/vec4 v0x181a8b0_0, 1;
    %jmp T_47.24;
T_47.14 ;
    %pushi/vec4 1, 0, 4;
    %assign/vec4 v0x181a8b0_0, 1;
    %jmp T_47.24;
T_47.15 ;
    %pushi/vec4 3, 0, 4;
    %assign/vec4 v0x181a8b0_0, 1;
    %jmp T_47.24;
T_47.16 ;
    %pushi/vec4 4, 0, 4;
    %assign/vec4 v0x181a8b0_0, 1;
    %jmp T_47.24;
T_47.17 ;
    %pushi/vec4 5, 0, 4;
    %assign/vec4 v0x181a8b0_0, 1;
    %jmp T_47.24;
T_47.18 ;
    %pushi/vec4 6, 0, 4;
    %assign/vec4 v0x181a8b0_0, 1;
    %jmp T_47.24;
T_47.19 ;
    %pushi/vec4 8, 0, 4;
    %assign/vec4 v0x181a8b0_0, 1;
    %jmp T_47.24;
T_47.20 ;
    %pushi/vec4 13, 0, 4;
    %assign/vec4 v0x181a8b0_0, 1;
    %jmp T_47.24;
T_47.21 ;
    %load/vec4 v0x18d5550_0;
    %parti/s 4, 0, 2;
    %assign/vec4 v0x181a8b0_0, 1;
    %jmp T_47.24;
T_47.22 ;
    %pushi/vec4 13, 0, 4;
    %assign/vec4 v0x181a8b0_0, 1;
    %jmp T_47.24;
T_47.24 ;
    %pop/vec4 1;
T_47.4 ;
T_47.3 ;
T_47.1 ;
    %jmp T_47;
    .thread T_47;
    .scope S_0x1835130;
T_48 ;
    %wait E_0x1996c00;
    %load/vec4 v0x1999eb0_0;
    %flag_set/vec4 8;
    %jmp/0xz  T_48.0, 8;
    %pushi/vec4 0, 0, 2;
    %assign/vec4 v0x18ac7c0_0, 1;
    %jmp T_48.1;
T_48.0 ;
    %load/vec4 v0x1920f70_0;
    %nor/r;
    %load/vec4 v0x18d5fc0_0;
    %and;
    %load/vec4 v0x1867620_0;
    %or;
    %flag_set/vec4 8;
    %jmp/0xz  T_48.2, 8;
    %pushi/vec4 0, 0, 2;
    %assign/vec4 v0x18ac7c0_0, 1;
    %jmp T_48.3;
T_48.2 ;
    %load/vec4 v0x1920f70_0;
    %nor/r;
    %flag_set/vec4 8;
    %jmp/0xz  T_48.4, 8;
    %load/vec4 v0x18d5550_0;
    %parti/s 6, 26, 6;
    %dup/vec4;
    %pushi/vec4 19, 0, 6;
    %cmp/u;
    %jmp/1 T_48.6, 6;
    %dup/vec4;
    %pushi/vec4 49, 0, 6;
    %cmp/u;
    %jmp/1 T_48.7, 6;
    %pushi/vec4 0, 0, 2;
    %assign/vec4 v0x18ac7c0_0, 1;
    %jmp T_48.9;
T_48.6 ;
    %pushi/vec4 1, 0, 2;
    %assign/vec4 v0x18ac7c0_0, 1;
    %jmp T_48.9;
T_48.7 ;
    %load/vec4 v0x18d5550_0;
    %parti/s 2, 0, 2;
    %assign/vec4 v0x18ac7c0_0, 1;
    %jmp T_48.9;
T_48.9 ;
    %pop/vec4 1;
    %jmp T_48.5;
T_48.4 ;
    %pushi/vec4 0, 0, 2;
    %assign/vec4 v0x18ac7c0_0, 1;
T_48.5 ;
T_48.3 ;
T_48.1 ;
    %jmp T_48;
    .thread T_48;
    .scope S_0x1835130;
T_49 ;
    %wait E_0x1996c00;
    %load/vec4 v0x1999eb0_0;
    %flag_set/vec4 8;
    %jmp/0xz  T_49.0, 8;
    %pushi/vec4 0, 0, 2;
    %assign/vec4 v0x18324e0_0, 1;
    %jmp T_49.1;
T_49.0 ;
    %load/vec4 v0x1920f70_0;
    %nor/r;
    %load/vec4 v0x18d5fc0_0;
    %and;
    %load/vec4 v0x1867620_0;
    %or;
    %flag_set/vec4 8;
    %jmp/0xz  T_49.2, 8;
    %pushi/vec4 0, 0, 2;
    %assign/vec4 v0x18324e0_0, 1;
    %jmp T_49.3;
T_49.2 ;
    %load/vec4 v0x1920f70_0;
    %nor/r;
    %flag_set/vec4 8;
    %jmp/0xz  T_49.4, 8;
    %load/vec4 v0x18d5550_0;
    %parti/s 2, 6, 4;
    %assign/vec4 v0x18324e0_0, 1;
T_49.4 ;
T_49.3 ;
T_49.1 ;
    %jmp T_49;
    .thread T_49;
    .scope S_0x1835130;
T_50 ;
    %wait E_0x1996c00;
    %load/vec4 v0x1999eb0_0;
    %flag_set/vec4 8;
    %jmp/0xz  T_50.0, 8;
    %pushi/vec4 0, 0, 3;
    %assign/vec4 v0x199a750_0, 1;
    %jmp T_50.1;
T_50.0 ;
    %load/vec4 v0x1920f70_0;
    %nor/r;
    %load/vec4 v0x18d5fc0_0;
    %and;
    %load/vec4 v0x1867620_0;
    %or;
    %flag_set/vec4 8;
    %jmp/0xz  T_50.2, 8;
    %pushi/vec4 0, 0, 3;
    %assign/vec4 v0x199a750_0, 1;
    %jmp T_50.3;
T_50.2 ;
    %load/vec4 v0x1920f70_0;
    %nor/r;
    %flag_set/vec4 8;
    %jmp/0xz  T_50.4, 8;
    %load/vec4 v0x18d5550_0;
    %parti/s 6, 26, 6;
    %dup/vec4;
    %pushi/vec4 1, 0, 6;
    %cmp/u;
    %jmp/1 T_50.6, 6;
    %dup/vec4;
    %pushi/vec4 18, 0, 6;
    %cmp/u;
    %jmp/1 T_50.7, 6;
    %dup/vec4;
    %pushi/vec4 6, 0, 6;
    %cmp/u;
    %jmp/1 T_50.8, 6;
    %dup/vec4;
    %pushi/vec4 45, 0, 6;
    %cmp/u;
    %jmp/1 T_50.9, 6;
    %dup/vec4;
    %pushi/vec4 33, 0, 6;
    %cmp/u;
    %jmp/1 T_50.10, 6;
    %dup/vec4;
    %pushi/vec4 35, 0, 6;
    %cmp/u;
    %jmp/1 T_50.11, 6;
    %dup/vec4;
    %pushi/vec4 36, 0, 6;
    %cmp/u;
    %jmp/1 T_50.12, 6;
    %dup/vec4;
    %pushi/vec4 37, 0, 6;
    %cmp/u;
    %jmp/1 T_50.13, 6;
    %dup/vec4;
    %pushi/vec4 38, 0, 6;
    %cmp/u;
    %jmp/1 T_50.14, 6;
    %dup/vec4;
    %pushi/vec4 39, 0, 6;
    %cmp/u;
    %jmp/1 T_50.15, 6;
    %dup/vec4;
    %pushi/vec4 40, 0, 6;
    %cmp/u;
    %jmp/1 T_50.16, 6;
    %dup/vec4;
    %pushi/vec4 41, 0, 6;
    %cmp/u;
    %jmp/1 T_50.17, 6;
    %dup/vec4;
    %pushi/vec4 42, 0, 6;
    %cmp/u;
    %jmp/1 T_50.18, 6;
    %dup/vec4;
    %pushi/vec4 43, 0, 6;
    %cmp/u;
    %jmp/1 T_50.19, 6;
    %dup/vec4;
    %pushi/vec4 44, 0, 6;
    %cmp/u;
    %jmp/1 T_50.20, 6;
    %dup/vec4;
    %pushi/vec4 46, 0, 6;
    %cmp/u;
    %jmp/1 T_50.21, 6;
    %dup/vec4;
    %pushi/vec4 56, 0, 6;
    %cmp/u;
    %jmp/1 T_50.22, 6;
    %pushi/vec4 0, 0, 3;
    %assign/vec4 v0x199a750_0, 1;
    %jmp T_50.24;
T_50.6 ;
    %pushi/vec4 7, 0, 3;
    %assign/vec4 v0x199a750_0, 1;
    %jmp T_50.24;
T_50.7 ;
    %pushi/vec4 7, 0, 3;
    %assign/vec4 v0x199a750_0, 1;
    %jmp T_50.24;
T_50.8 ;
    %pushi/vec4 1, 0, 3;
    %assign/vec4 v0x199a750_0, 1;
    %jmp T_50.24;
T_50.9 ;
    %pushi/vec4 5, 0, 3;
    %assign/vec4 v0x199a750_0, 1;
    %jmp T_50.24;
T_50.10 ;
    %pushi/vec4 3, 0, 3;
    %assign/vec4 v0x199a750_0, 1;
    %jmp T_50.24;
T_50.11 ;
    %pushi/vec4 3, 0, 3;
    %assign/vec4 v0x199a750_0, 1;
    %jmp T_50.24;
T_50.12 ;
    %pushi/vec4 3, 0, 3;
    %assign/vec4 v0x199a750_0, 1;
    %jmp T_50.24;
T_50.13 ;
    %pushi/vec4 3, 0, 3;
    %assign/vec4 v0x199a750_0, 1;
    %jmp T_50.24;
T_50.14 ;
    %pushi/vec4 3, 0, 3;
    %assign/vec4 v0x199a750_0, 1;
    %jmp T_50.24;
T_50.15 ;
    %pushi/vec4 1, 0, 3;
    %assign/vec4 v0x199a750_0, 1;
    %jmp T_50.24;
T_50.16 ;
    %pushi/vec4 1, 0, 3;
    %assign/vec4 v0x199a750_0, 1;
    %jmp T_50.24;
T_50.17 ;
    %pushi/vec4 1, 0, 3;
    %assign/vec4 v0x199a750_0, 1;
    %jmp T_50.24;
T_50.18 ;
    %pushi/vec4 1, 0, 3;
    %assign/vec4 v0x199a750_0, 1;
    %jmp T_50.24;
T_50.19 ;
    %pushi/vec4 1, 0, 3;
    %assign/vec4 v0x199a750_0, 1;
    %jmp T_50.24;
T_50.20 ;
    %pushi/vec4 1, 0, 3;
    %assign/vec4 v0x199a750_0, 1;
    %jmp T_50.24;
T_50.21 ;
    %pushi/vec4 1, 0, 3;
    %assign/vec4 v0x199a750_0, 1;
    %jmp T_50.24;
T_50.22 ;
    %pushi/vec4 1, 0, 3;
    %assign/vec4 v0x199a750_0, 1;
    %jmp T_50.24;
T_50.24 ;
    %pop/vec4 1;
T_50.4 ;
T_50.3 ;
T_50.1 ;
    %jmp T_50;
    .thread T_50;
    .scope S_0x1835130;
T_51 ;
    %wait E_0x1996c00;
    %load/vec4 v0x1999eb0_0;
    %flag_set/vec4 8;
    %jmp/0xz  T_51.0, 8;
    %pushi/vec4 0, 0, 3;
    %assign/vec4 v0x1901110_0, 1;
    %jmp T_51.1;
T_51.0 ;
    %load/vec4 v0x1867620_0;
    %flag_set/vec4 8;
    %jmp/0xz  T_51.2, 8;
    %pushi/vec4 0, 0, 3;
    %assign/vec4 v0x1901110_0, 1;
    %jmp T_51.3;
T_51.2 ;
    %load/vec4 v0x18d5fc0_0;
    %nor/r;
    %flag_set/vec4 8;
    %jmp/0xz  T_51.4, 8;
    %load/vec4 v0x18d2a00_0;
    %parti/s 6, 26, 6;
    %dup/vec4;
    %pushi/vec4 0, 0, 6;
    %cmp/u;
    %jmp/1 T_51.6, 6;
    %dup/vec4;
    %pushi/vec4 1, 0, 6;
    %cmp/u;
    %jmp/1 T_51.7, 6;
    %dup/vec4;
    %pushi/vec4 18, 0, 6;
    %cmp/u;
    %jmp/1 T_51.8, 6;
    %dup/vec4;
    %pushi/vec4 17, 0, 6;
    %cmp/u;
    %jmp/1 T_51.9, 6;
    %dup/vec4;
    %pushi/vec4 3, 0, 6;
    %cmp/u;
    %jmp/1 T_51.10, 6;
    %dup/vec4;
    %pushi/vec4 4, 0, 6;
    %cmp/u;
    %jmp/1 T_51.11, 6;
    %dup/vec4;
    %pushi/vec4 9, 0, 6;
    %cmp/u;
    %jmp/1 T_51.12, 6;
    %pushi/vec4 0, 0, 3;
    %assign/vec4 v0x1901110_0, 1;
    %jmp T_51.14;
T_51.6 ;
    %pushi/vec4 3, 0, 3;
    %assign/vec4 v0x1901110_0, 1;
    %jmp T_51.14;
T_51.7 ;
    %pushi/vec4 3, 0, 3;
    %assign/vec4 v0x1901110_0, 1;
    %jmp T_51.14;
T_51.8 ;
    %pushi/vec4 2, 0, 3;
    %assign/vec4 v0x1901110_0, 1;
    %jmp T_51.14;
T_51.9 ;
    %pushi/vec4 2, 0, 3;
    %assign/vec4 v0x1901110_0, 1;
    %jmp T_51.14;
T_51.10 ;
    %pushi/vec4 5, 0, 3;
    %assign/vec4 v0x1901110_0, 1;
    %jmp T_51.14;
T_51.11 ;
    %pushi/vec4 4, 0, 3;
    %assign/vec4 v0x1901110_0, 1;
    %jmp T_51.14;
T_51.12 ;
    %pushi/vec4 6, 0, 3;
    %assign/vec4 v0x1901110_0, 1;
    %jmp T_51.14;
T_51.14 ;
    %pop/vec4 1;
T_51.4 ;
T_51.3 ;
T_51.1 ;
    %jmp T_51;
    .thread T_51;
    .scope S_0x1835130;
T_52 ;
    %wait E_0x1996c00;
    %load/vec4 v0x1999eb0_0;
    %flag_set/vec4 8;
    %jmp/0xz  T_52.0, 8;
    %pushi/vec4 0, 0, 3;
    %assign/vec4 v0x1947d10_0, 1;
    %jmp T_52.1;
T_52.0 ;
    %load/vec4 v0x1920f70_0;
    %nor/r;
    %load/vec4 v0x18d5fc0_0;
    %and;
    %load/vec4 v0x1867620_0;
    %or;
    %flag_set/vec4 8;
    %jmp/0xz  T_52.2, 8;
    %pushi/vec4 0, 0, 3;
    %assign/vec4 v0x1947d10_0, 1;
    %jmp T_52.3;
T_52.2 ;
    %load/vec4 v0x1920f70_0;
    %nor/r;
    %flag_set/vec4 8;
    %jmp/0xz  T_52.4, 8;
    %load/vec4 v0x1901110_0;
    %assign/vec4 v0x1947d10_0, 1;
T_52.4 ;
T_52.3 ;
T_52.1 ;
    %jmp T_52;
    .thread T_52;
    .scope S_0x1835130;
T_53 ;
    %wait E_0x1996c00;
    %load/vec4 v0x1999eb0_0;
    %flag_set/vec4 8;
    %jmp/0xz  T_53.0, 8;
    %pushi/vec4 0, 0, 4;
    %assign/vec4 v0x18a9c80_0, 1;
    %jmp T_53.1;
T_53.0 ;
    %load/vec4 v0x1920f70_0;
    %nor/r;
    %load/vec4 v0x18d5fc0_0;
    %and;
    %load/vec4 v0x1867620_0;
    %or;
    %flag_set/vec4 8;
    %jmp/0xz  T_53.2, 8;
    %pushi/vec4 0, 0, 4;
    %assign/vec4 v0x18a9c80_0, 1;
    %jmp T_53.3;
T_53.2 ;
    %load/vec4 v0x1920f70_0;
    %nor/r;
    %flag_set/vec4 8;
    %jmp/0xz  T_53.4, 8;
    %load/vec4 v0x18d5550_0;
    %parti/s 6, 26, 6;
    %dup/vec4;
    %pushi/vec4 33, 0, 6;
    %cmp/u;
    %jmp/1 T_53.6, 6;
    %dup/vec4;
    %pushi/vec4 35, 0, 6;
    %cmp/u;
    %jmp/1 T_53.7, 6;
    %dup/vec4;
    %pushi/vec4 36, 0, 6;
    %cmp/u;
    %jmp/1 T_53.8, 6;
    %dup/vec4;
    %pushi/vec4 37, 0, 6;
    %cmp/u;
    %jmp/1 T_53.9, 6;
    %dup/vec4;
    %pushi/vec4 38, 0, 6;
    %cmp/u;
    %jmp/1 T_53.10, 6;
    %dup/vec4;
    %pushi/vec4 53, 0, 6;
    %cmp/u;
    %jmp/1 T_53.11, 6;
    %dup/vec4;
    %pushi/vec4 54, 0, 6;
    %cmp/u;
    %jmp/1 T_53.12, 6;
    %dup/vec4;
    %pushi/vec4 55, 0, 6;
    %cmp/u;
    %jmp/1 T_53.13, 6;
    %pushi/vec4 0, 0, 4;
    %assign/vec4 v0x18a9c80_0, 1;
    %jmp T_53.15;
T_53.6 ;
    %pushi/vec4 6, 0, 4;
    %assign/vec4 v0x18a9c80_0, 1;
    %jmp T_53.15;
T_53.7 ;
    %pushi/vec4 2, 0, 4;
    %assign/vec4 v0x18a9c80_0, 1;
    %jmp T_53.15;
T_53.8 ;
    %pushi/vec4 3, 0, 4;
    %assign/vec4 v0x18a9c80_0, 1;
    %jmp T_53.15;
T_53.9 ;
    %pushi/vec4 4, 0, 4;
    %assign/vec4 v0x18a9c80_0, 1;
    %jmp T_53.15;
T_53.10 ;
    %pushi/vec4 5, 0, 4;
    %assign/vec4 v0x18a9c80_0, 1;
    %jmp T_53.15;
T_53.11 ;
    %pushi/vec4 14, 0, 4;
    %assign/vec4 v0x18a9c80_0, 1;
    %jmp T_53.15;
T_53.12 ;
    %pushi/vec4 10, 0, 4;
    %assign/vec4 v0x18a9c80_0, 1;
    %jmp T_53.15;
T_53.13 ;
    %pushi/vec4 12, 0, 4;
    %assign/vec4 v0x18a9c80_0, 1;
    %jmp T_53.15;
T_53.15 ;
    %pop/vec4 1;
T_53.4 ;
T_53.3 ;
T_53.1 ;
    %jmp T_53;
    .thread T_53;
    .scope S_0x1835130;
T_54 ;
    %wait E_0x1996c00;
    %load/vec4 v0x1999eb0_0;
    %flag_set/vec4 8;
    %jmp/0xz  T_54.0, 8;
    %pushi/vec4 0, 0, 4;
    %assign/vec4 v0x19435c0_0, 1;
    %jmp T_54.1;
T_54.0 ;
    %load/vec4 v0x1920f70_0;
    %nor/r;
    %load/vec4 v0x18d5fc0_0;
    %and;
    %load/vec4 v0x1867620_0;
    %or;
    %flag_set/vec4 8;
    %jmp/0xz  T_54.2, 8;
    %pushi/vec4 0, 0, 4;
    %assign/vec4 v0x19435c0_0, 1;
    %jmp T_54.3;
T_54.2 ;
    %load/vec4 v0x1920f70_0;
    %nor/r;
    %flag_set/vec4 8;
    %jmp/0xz  T_54.4, 8;
    %load/vec4 v0x18d5550_0;
    %parti/s 4, 21, 6;
    %assign/vec4 v0x19435c0_0, 1;
T_54.4 ;
T_54.3 ;
T_54.1 ;
    %jmp T_54;
    .thread T_54;
    .scope S_0x1835130;
T_55 ;
    %wait E_0x1996c00;
    %load/vec4 v0x1999eb0_0;
    %flag_set/vec4 8;
    %jmp/0xz  T_55.0, 8;
    %pushi/vec4 0, 0, 1;
    %assign/vec4 v0x19a94c0_0, 1;
    %jmp T_55.1;
T_55.0 ;
    %load/vec4 v0x1920f70_0;
    %nor/r;
    %load/vec4 v0x18d5fc0_0;
    %and;
    %load/vec4 v0x1867620_0;
    %or;
    %flag_set/vec4 8;
    %jmp/0xz  T_55.2, 8;
    %pushi/vec4 0, 0, 1;
    %assign/vec4 v0x19a94c0_0, 1;
    %jmp T_55.3;
T_55.2 ;
    %load/vec4 v0x1920f70_0;
    %nor/r;
    %flag_set/vec4 8;
    %jmp/0xz  T_55.4, 8;
    %load/vec4 v0x18d5550_0;
    %parti/s 9, 23, 6;
    %pushi/vec4 64, 0, 9;
    %cmp/e;
    %flag_get/vec4 4;
    %assign/vec4 v0x19a94c0_0, 1;
T_55.4 ;
T_55.3 ;
T_55.1 ;
    %jmp T_55;
    .thread T_55;
    .scope S_0x1835130;
T_56 ;
    %wait E_0x1996c00;
    %load/vec4 v0x1999eb0_0;
    %flag_set/vec4 8;
    %jmp/0xz  T_56.0, 8;
    %pushi/vec4 0, 0, 1;
    %assign/vec4 v0x19a9560_0, 1;
    %jmp T_56.1;
T_56.0 ;
    %load/vec4 v0x1920f70_0;
    %nor/r;
    %load/vec4 v0x18d5fc0_0;
    %and;
    %load/vec4 v0x1867620_0;
    %or;
    %flag_set/vec4 8;
    %jmp/0xz  T_56.2, 8;
    %pushi/vec4 0, 0, 1;
    %assign/vec4 v0x19a9560_0, 1;
    %jmp T_56.3;
T_56.2 ;
    %load/vec4 v0x1920f70_0;
    %nor/r;
    %flag_set/vec4 8;
    %jmp/0xz  T_56.4, 8;
    %load/vec4 v0x18d5550_0;
    %parti/s 9, 23, 6;
    %pushi/vec4 66, 0, 9;
    %cmp/e;
    %flag_get/vec4 4;
    %load/vec4 v0x1920ed0_0;
    %or;
    %assign/vec4 v0x19a9560_0, 1;
T_56.4 ;
T_56.3 ;
T_56.1 ;
    %jmp T_56;
    .thread T_56;
    .scope S_0x1535d60;
T_57 ;
    %wait E_0x1996c00;
    %load/vec4 v0x1873ea0_0;
    %flag_set/vec4 8;
    %jmp/0xz  T_57.0, 8;
    %pushi/vec4 0, 0, 32;
    %store/vec4 v0x1875190_0, 0, 32;
T_57.2 ; Top of for-loop
    %load/vec4 v0x1875190_0;
    %cmpi/s 32, 0, 32;
    %jmp/0xz T_57.3, 5;
    %pushi/vec4 0, 0, 32;
    %ix/getv/s 3, v0x1875190_0;
    %ix/load 4, 0, 0; Constant delay
    %assign/vec4/a/d v0x1873de0, 0, 4;
T_57.4 ; for-loop step statement
    %load/vec4 v0x1875190_0;
    %addi 1, 0, 32;
    %store/vec4 v0x1875190_0, 0, 32;
    %jmp T_57.2;
T_57.3 ; for-loop exit label
    %pushi/vec4 0, 0, 32;
    %assign/vec4 v0x1922e50_0, 0;
    %pushi/vec4 0, 0, 32;
    %assign/vec4 v0x18750b0_0, 0;
    %jmp T_57.1;
T_57.0 ;
    %load/vec4 v0x1935fb0_0;
    %flag_set/vec4 9;
    %flag_get/vec4 9;
    %jmp/0 T_57.7, 9;
    %load/vec4 v0x1873990_0;
    %and;
T_57.7;
    %flag_set/vec4 8;
    %jmp/0xz  T_57.5, 8;
    %load/vec4 v0x1922d70_0;
    %load/vec4 v0x1940340_0;
    %pad/u 7;
    %ix/vec4 3;
    %ix/load 4, 0, 0; Constant delay
    %assign/vec4/a/d v0x1873de0, 0, 4;
T_57.5 ;
    %load/vec4 v0x193f8f0_0;
    %flag_set/vec4 8;
    %jmp/0xz  T_57.8, 8;
    %load/vec4 v0x1925fe0_0;
    %cmpi/e 0, 0, 5;
    %flag_mov 8, 4;
    %jmp/0 T_57.10, 8;
    %pushi/vec4 0, 0, 32;
    %jmp/1 T_57.11, 8;
T_57.10 ; End of true expr.
    %load/vec4 v0x1925fe0_0;
    %pad/u 7;
    %ix/vec4 4;
    %load/vec4a v0x1873de0, 4;
    %jmp/0 T_57.11, 8;
 ; End of false expr.
    %blend;
T_57.11;
    %assign/vec4 v0x1922e50_0, 0;
T_57.8 ;
    %load/vec4 v0x193f990_0;
    %flag_set/vec4 8;
    %jmp/0xz  T_57.12, 8;
    %load/vec4 v0x1940250_0;
    %cmpi/e 0, 0, 5;
    %flag_mov 8, 4;
    %jmp/0 T_57.14, 8;
    %pushi/vec4 0, 0, 32;
    %jmp/1 T_57.15, 8;
T_57.14 ; End of true expr.
    %load/vec4 v0x1940250_0;
    %pad/u 7;
    %ix/vec4 4;
    %load/vec4a v0x1873de0, 4;
    %jmp/0 T_57.15, 8;
 ; End of false expr.
    %blend;
T_57.15;
    %assign/vec4 v0x18750b0_0, 0;
T_57.12 ;
T_57.1 ;
    %jmp T_57;
    .thread T_57;
    .scope S_0x1921d60;
T_58 ;
    %wait E_0x1996c00;
    %load/vec4 v0x19b73c0_0;
    %flag_set/vec4 8;
    %jmp/0xz  T_58.0, 8;
    %pushi/vec4 1, 0, 1;
    %assign/vec4 v0x19b7320_0, 1;
    %jmp T_58.1;
T_58.0 ;
    %load/vec4 v0x1852be0_0;
    %inv;
    %flag_set/vec4 8;
    %jmp/0xz  T_58.2, 8;
    %load/vec4 v0x18197a0_0;
    %inv;
    %assign/vec4 v0x19b7320_0, 1;
T_58.2 ;
T_58.1 ;
    %jmp T_58;
    .thread T_58;
    .scope S_0x1921d60;
T_59 ;
    %wait E_0x1996c00;
    %load/vec4 v0x19b73c0_0;
    %flag_set/vec4 8;
    %jmp/0xz  T_59.0, 8;
    %pushi/vec4 0, 0, 33;
    %assign/vec4 v0x1824ac0_0, 1;
    %jmp T_59.1;
T_59.0 ;
    %load/vec4 v0x18525a0_0;
    %load/vec4 v0x1824ac0_0;
    %parti/s 1, 32, 7;
    %nor/r;
    %and;
    %flag_set/vec4 8;
    %jmp/0xz  T_59.2, 8;
    %pushi/vec4 1, 0, 1;
    %load/vec4 v0x18118c0_0;
    %concat/vec4; draw_concat_vec4
    %assign/vec4 v0x1824ac0_0, 1;
    %jmp T_59.3;
T_59.2 ;
    %load/vec4 v0x18525a0_0;
    %nor/r;
    %flag_set/vec4 8;
    %jmp/0xz  T_59.4, 8;
    %pushi/vec4 0, 0, 33;
    %assign/vec4 v0x1824ac0_0, 1;
T_59.4 ;
T_59.3 ;
T_59.1 ;
    %jmp T_59;
    .thread T_59;
    .scope S_0x1921d60;
T_60 ;
    %wait E_0x1996c00;
    %load/vec4 v0x19b73c0_0;
    %flag_set/vec4 8;
    %jmp/0xz  T_60.0, 8;
    %pushi/vec4 0, 0, 33;
    %assign/vec4 v0x1824260_0, 1;
    %jmp T_60.1;
T_60.0 ;
    %load/vec4 v0x18525a0_0;
    %load/vec4 v0x1824260_0;
    %parti/s 1, 32, 7;
    %nor/r;
    %and;
    %flag_set/vec4 8;
    %jmp/0xz  T_60.2, 8;
    %pushi/vec4 1, 0, 1;
    %load/vec4 v0x1811990_0;
    %concat/vec4; draw_concat_vec4
    %assign/vec4 v0x1824260_0, 1;
    %jmp T_60.3;
T_60.2 ;
    %load/vec4 v0x18525a0_0;
    %nor/r;
    %flag_set/vec4 8;
    %jmp/0xz  T_60.4, 8;
    %pushi/vec4 0, 0, 33;
    %assign/vec4 v0x1824260_0, 1;
T_60.4 ;
T_60.3 ;
T_60.1 ;
    %jmp T_60;
    .thread T_60;
    .scope S_0x1861700;
T_61 ;
    %wait E_0x1996c00;
    %load/vec4 v0x191ceb0_0;
    %flag_set/vec4 8;
    %jmp/0xz  T_61.0, 8;
    %pushi/vec4 0, 0, 32;
    %assign/vec4 v0x191ee40_0, 1;
    %pushi/vec4 0, 0, 1;
    %assign/vec4 v0x191cf50_0, 1;
    %jmp T_61.1;
T_61.0 ;
    %load/vec4 v0x1860030_0;
    %nor/r;
    %flag_set/vec4 10;
    %flag_get/vec4 10;
    %jmp/0 T_61.5, 10;
    %load/vec4 v0x18600d0_0;
    %and;
T_61.5;
    %flag_set/vec4 9;
    %flag_get/vec4 9;
    %jmp/0 T_61.4, 9;
    %load/vec4 v0x191cf50_0;
    %nor/r;
    %and;
T_61.4;
    %flag_set/vec4 8;
    %jmp/0xz  T_61.2, 8;
    %load/vec4 v0x18558c0_0;
    %assign/vec4 v0x191ee40_0, 1;
    %pushi/vec4 1, 0, 1;
    %assign/vec4 v0x191cf50_0, 1;
    %jmp T_61.3;
T_61.2 ;
    %load/vec4 v0x1860030_0;
    %nor/r;
    %flag_set/vec4 9;
    %flag_get/vec4 9;
    %jmp/0 T_61.8, 9;
    %load/vec4 v0x191cf50_0;
    %nor/r;
    %and;
T_61.8;
    %flag_set/vec4 8;
    %jmp/0xz  T_61.6, 8;
    %load/vec4 v0x18558c0_0;
    %assign/vec4 v0x191ee40_0, 1;
    %jmp T_61.7;
T_61.6 ;
    %load/vec4 v0x1860030_0;
    %nor/r;
    %flag_set/vec4 9;
    %flag_get/vec4 9;
    %jmp/0 T_61.11, 9;
    %load/vec4 v0x18600d0_0;
    %nor/r;
    %and;
T_61.11;
    %flag_set/vec4 8;
    %jmp/0xz  T_61.9, 8;
    %pushi/vec4 0, 0, 1;
    %assign/vec4 v0x191cf50_0, 1;
T_61.9 ;
T_61.7 ;
T_61.3 ;
T_61.1 ;
    %jmp T_61;
    .thread T_61;
    .scope S_0x1861700;
T_62 ;
    %wait E_0x1996c00;
    %load/vec4 v0x191ceb0_0;
    %flag_set/vec4 8;
    %jmp/0xz  T_62.0, 8;
    %pushi/vec4 0, 0, 32;
    %assign/vec4 v0x191ef00_0, 1;
    %pushi/vec4 0, 0, 1;
    %assign/vec4 v0x19297a0_0, 1;
    %jmp T_62.1;
T_62.0 ;
    %load/vec4 v0x1860030_0;
    %nor/r;
    %flag_set/vec4 10;
    %flag_get/vec4 10;
    %jmp/0 T_62.5, 10;
    %load/vec4 v0x18600d0_0;
    %and;
T_62.5;
    %flag_set/vec4 9;
    %flag_get/vec4 9;
    %jmp/0 T_62.4, 9;
    %load/vec4 v0x19297a0_0;
    %nor/r;
    %and;
T_62.4;
    %flag_set/vec4 8;
    %jmp/0xz  T_62.2, 8;
    %load/vec4 v0x1855980_0;
    %assign/vec4 v0x191ef00_0, 1;
    %pushi/vec4 1, 0, 1;
    %assign/vec4 v0x19297a0_0, 1;
    %jmp T_62.3;
T_62.2 ;
    %load/vec4 v0x1860030_0;
    %nor/r;
    %flag_set/vec4 9;
    %flag_get/vec4 9;
    %jmp/0 T_62.8, 9;
    %load/vec4 v0x19297a0_0;
    %nor/r;
    %and;
T_62.8;
    %flag_set/vec4 8;
    %jmp/0xz  T_62.6, 8;
    %load/vec4 v0x1855980_0;
    %assign/vec4 v0x191ef00_0, 1;
    %jmp T_62.7;
T_62.6 ;
    %load/vec4 v0x1860030_0;
    %nor/r;
    %flag_set/vec4 9;
    %flag_get/vec4 9;
    %jmp/0 T_62.11, 9;
    %load/vec4 v0x18600d0_0;
    %nor/r;
    %and;
T_62.11;
    %flag_set/vec4 8;
    %jmp/0xz  T_62.9, 8;
    %pushi/vec4 0, 0, 1;
    %assign/vec4 v0x19297a0_0, 1;
T_62.9 ;
T_62.7 ;
T_62.3 ;
T_62.1 ;
    %jmp T_62;
    .thread T_62;
    .scope S_0x1861700;
T_63 ;
    %wait E_0x1608220;
    %load/vec4 v0x1929860_0;
    %dup/vec4;
    %pushi/vec4 2, 0, 2;
    %cmp/x;
    %jmp/1 T_63.0, 4;
    %dup/vec4;
    %pushi/vec4 3, 0, 2;
    %cmp/x;
    %jmp/1 T_63.1, 4;
    %load/vec4 v0x191d390_0;
    %store/vec4 v0x18558c0_0, 0, 32;
    %jmp T_63.3;
T_63.0 ;
    %load/vec4 v0x1861330_0;
    %store/vec4 v0x18558c0_0, 0, 32;
    %jmp T_63.3;
T_63.1 ;
    %load/vec4 v0x19286b0_0;
    %store/vec4 v0x18558c0_0, 0, 32;
    %jmp T_63.3;
T_63.3 ;
    %pop/vec4 1;
    %jmp T_63;
    .thread T_63, $push;
    .scope S_0x1861700;
T_64 ;
    %wait E_0x16081e0;
    %load/vec4 v0x19220a0_0;
    %dup/vec4;
    %pushi/vec4 1, 0, 2;
    %cmp/x;
    %jmp/1 T_64.0, 4;
    %dup/vec4;
    %pushi/vec4 2, 0, 2;
    %cmp/x;
    %jmp/1 T_64.1, 4;
    %dup/vec4;
    %pushi/vec4 3, 0, 2;
    %cmp/x;
    %jmp/1 T_64.2, 4;
    %load/vec4 v0x191d470_0;
    %store/vec4 v0x1855980_0, 0, 32;
    %jmp T_64.4;
T_64.0 ;
    %load/vec4 v0x1922160_0;
    %store/vec4 v0x1855980_0, 0, 32;
    %jmp T_64.4;
T_64.1 ;
    %load/vec4 v0x1861330_0;
    %store/vec4 v0x1855980_0, 0, 32;
    %jmp T_64.4;
T_64.2 ;
    %load/vec4 v0x19286b0_0;
    %store/vec4 v0x1855980_0, 0, 32;
    %jmp T_64.4;
T_64.4 ;
    %pop/vec4 1;
    %jmp T_64;
    .thread T_64, $push;
    .scope S_0x18359d0;
T_65 ;
    %wait E_0x16062f0;
    %load/vec4 v0x1994470_0;
    %dup/vec4;
    %pushi/vec4 15, 0, 4;
    %cmp/x;
    %jmp/1 T_65.0, 4;
    %dup/vec4;
    %pushi/vec4 7, 0, 4;
    %cmp/x;
    %jmp/1 T_65.1, 4;
    %dup/vec4;
    %pushi/vec4 8, 0, 4;
    %cmp/x;
    %jmp/1 T_65.2, 4;
    %dup/vec4;
    %pushi/vec4 0, 0, 4;
    %cmp/x;
    %jmp/1 T_65.3, 4;
    %dup/vec4;
    %pushi/vec4 1, 0, 4;
    %cmp/x;
    %jmp/1 T_65.4, 4;
    %dup/vec4;
    %pushi/vec4 2, 0, 4;
    %cmp/x;
    %jmp/1 T_65.5, 4;
    %dup/vec4;
    %pushi/vec4 5, 0, 4;
    %cmp/x;
    %jmp/1 T_65.6, 4;
    %dup/vec4;
    %pushi/vec4 4, 0, 4;
    %cmp/x;
    %jmp/1 T_65.7, 4;
    %dup/vec4;
    %pushi/vec4 11, 0, 4;
    %cmp/x;
    %jmp/1 T_65.8, 4;
    %dup/vec4;
    %pushi/vec4 12, 0, 4;
    %cmp/x;
    %jmp/1 T_65.9, 4;
    %dup/vec4;
    %pushi/vec4 6, 0, 4;
    %cmp/x;
    %jmp/1 T_65.10, 4;
    %dup/vec4;
    %pushi/vec4 14, 0, 4;
    %cmp/x;
    %jmp/1 T_65.11, 4;
    %load/vec4 v0x1989530_0;
    %store/vec4 v0x1989170_0, 0, 32;
    %jmp T_65.13;
T_65.0 ;
    %load/vec4 v0x1993fc0_0;
    %parti/s 1, 0, 2;
    %flag_set/vec4 8;
    %jmp/0 T_65.14, 8;
    %pushi/vec4 1, 0, 32;
    %jmp/1 T_65.15, 8;
T_65.14 ; End of true expr.
    %load/vec4 v0x1993fc0_0;
    %parti/s 1, 1, 2;
    %flag_set/vec4 9;
    %jmp/0 T_65.16, 9;
    %pushi/vec4 2, 0, 32;
    %jmp/1 T_65.17, 9;
T_65.16 ; End of true expr.
    %load/vec4 v0x1993fc0_0;
    %parti/s 1, 2, 3;
    %flag_set/vec4 10;
    %jmp/0 T_65.18, 10;
    %pushi/vec4 3, 0, 32;
    %jmp/1 T_65.19, 10;
T_65.18 ; End of true expr.
    %load/vec4 v0x1993fc0_0;
    %parti/s 1, 3, 3;
    %flag_set/vec4 11;
    %jmp/0 T_65.20, 11;
    %pushi/vec4 4, 0, 32;
    %jmp/1 T_65.21, 11;
T_65.20 ; End of true expr.
    %load/vec4 v0x1993fc0_0;
    %parti/s 1, 4, 4;
    %flag_set/vec4 12;
    %jmp/0 T_65.22, 12;
    %pushi/vec4 5, 0, 32;
    %jmp/1 T_65.23, 12;
T_65.22 ; End of true expr.
    %load/vec4 v0x1993fc0_0;
    %parti/s 1, 5, 4;
    %flag_set/vec4 13;
    %jmp/0 T_65.24, 13;
    %pushi/vec4 6, 0, 32;
    %jmp/1 T_65.25, 13;
T_65.24 ; End of true expr.
    %load/vec4 v0x1993fc0_0;
    %parti/s 1, 6, 4;
    %flag_set/vec4 14;
    %jmp/0 T_65.26, 14;
    %pushi/vec4 7, 0, 32;
    %jmp/1 T_65.27, 14;
T_65.26 ; End of true expr.
    %load/vec4 v0x1993fc0_0;
    %parti/s 1, 7, 4;
    %flag_set/vec4 15;
    %jmp/0 T_65.28, 15;
    %pushi/vec4 8, 0, 32;
    %jmp/1 T_65.29, 15;
T_65.28 ; End of true expr.
    %load/vec4 v0x1993fc0_0;
    %parti/s 1, 8, 5;
    %flag_set/vec4 16;
    %jmp/0 T_65.30, 16;
    %pushi/vec4 9, 0, 32;
    %jmp/1 T_65.31, 16;
T_65.30 ; End of true expr.
    %load/vec4 v0x1993fc0_0;
    %parti/s 1, 9, 5;
    %flag_set/vec4 17;
    %jmp/0 T_65.32, 17;
    %pushi/vec4 10, 0, 32;
    %jmp/1 T_65.33, 17;
T_65.32 ; End of true expr.
    %load/vec4 v0x1993fc0_0;
    %parti/s 1, 10, 5;
    %flag_set/vec4 18;
    %jmp/0 T_65.34, 18;
    %pushi/vec4 11, 0, 32;
    %jmp/1 T_65.35, 18;
T_65.34 ; End of true expr.
    %load/vec4 v0x1993fc0_0;
    %parti/s 1, 11, 5;
    %flag_set/vec4 19;
    %jmp/0 T_65.36, 19;
    %pushi/vec4 12, 0, 32;
    %jmp/1 T_65.37, 19;
T_65.36 ; End of true expr.
    %load/vec4 v0x1993fc0_0;
    %parti/s 1, 12, 5;
    %flag_set/vec4 20;
    %jmp/0 T_65.38, 20;
    %pushi/vec4 13, 0, 32;
    %jmp/1 T_65.39, 20;
T_65.38 ; End of true expr.
    %load/vec4 v0x1993fc0_0;
    %parti/s 1, 13, 5;
    %flag_set/vec4 21;
    %jmp/0 T_65.40, 21;
    %pushi/vec4 14, 0, 32;
    %jmp/1 T_65.41, 21;
T_65.40 ; End of true expr.
    %load/vec4 v0x1993fc0_0;
    %parti/s 1, 14, 5;
    %flag_set/vec4 22;
    %jmp/0 T_65.42, 22;
    %pushi/vec4 15, 0, 32;
    %jmp/1 T_65.43, 22;
T_65.42 ; End of true expr.
    %load/vec4 v0x1993fc0_0;
    %parti/s 1, 15, 5;
    %flag_set/vec4 23;
    %jmp/0 T_65.44, 23;
    %pushi/vec4 16, 0, 32;
    %jmp/1 T_65.45, 23;
T_65.44 ; End of true expr.
    %load/vec4 v0x1993fc0_0;
    %parti/s 1, 16, 6;
    %flag_set/vec4 24;
    %jmp/0 T_65.46, 24;
    %pushi/vec4 17, 0, 32;
    %jmp/1 T_65.47, 24;
T_65.46 ; End of true expr.
    %load/vec4 v0x1993fc0_0;
    %parti/s 1, 17, 6;
    %flag_set/vec4 25;
    %jmp/0 T_65.48, 25;
    %pushi/vec4 18, 0, 32;
    %jmp/1 T_65.49, 25;
T_65.48 ; End of true expr.
    %load/vec4 v0x1993fc0_0;
    %parti/s 1, 18, 6;
    %flag_set/vec4 26;
    %jmp/0 T_65.50, 26;
    %pushi/vec4 19, 0, 32;
    %jmp/1 T_65.51, 26;
T_65.50 ; End of true expr.
    %load/vec4 v0x1993fc0_0;
    %parti/s 1, 19, 6;
    %flag_set/vec4 27;
    %jmp/0 T_65.52, 27;
    %pushi/vec4 20, 0, 32;
    %jmp/1 T_65.53, 27;
T_65.52 ; End of true expr.
    %load/vec4 v0x1993fc0_0;
    %parti/s 1, 20, 6;
    %flag_set/vec4 28;
    %jmp/0 T_65.54, 28;
    %pushi/vec4 21, 0, 32;
    %jmp/1 T_65.55, 28;
T_65.54 ; End of true expr.
    %load/vec4 v0x1993fc0_0;
    %parti/s 1, 21, 6;
    %flag_set/vec4 29;
    %jmp/0 T_65.56, 29;
    %pushi/vec4 22, 0, 32;
    %jmp/1 T_65.57, 29;
T_65.56 ; End of true expr.
    %load/vec4 v0x1993fc0_0;
    %parti/s 1, 22, 6;
    %flag_set/vec4 30;
    %jmp/0 T_65.58, 30;
    %pushi/vec4 23, 0, 32;
    %jmp/1 T_65.59, 30;
T_65.58 ; End of true expr.
    %load/vec4 v0x1993fc0_0;
    %parti/s 1, 23, 6;
    %flag_set/vec4 31;
    %jmp/0 T_65.60, 31;
    %pushi/vec4 24, 0, 32;
    %jmp/1 T_65.61, 31;
T_65.60 ; End of true expr.
    %load/vec4 v0x1993fc0_0;
    %parti/s 1, 24, 6;
    %flag_set/vec4 32;
    %jmp/0 T_65.62, 32;
    %pushi/vec4 25, 0, 32;
    %jmp/1 T_65.63, 32;
T_65.62 ; End of true expr.
    %load/vec4 v0x1993fc0_0;
    %parti/s 1, 25, 6;
    %flag_set/vec4 33;
    %jmp/0 T_65.64, 33;
    %pushi/vec4 26, 0, 32;
    %jmp/1 T_65.65, 33;
T_65.64 ; End of true expr.
    %load/vec4 v0x1993fc0_0;
    %parti/s 1, 26, 6;
    %flag_set/vec4 34;
    %jmp/0 T_65.66, 34;
    %pushi/vec4 27, 0, 32;
    %jmp/1 T_65.67, 34;
T_65.66 ; End of true expr.
    %load/vec4 v0x1993fc0_0;
    %parti/s 1, 27, 6;
    %flag_set/vec4 35;
    %jmp/0 T_65.68, 35;
    %pushi/vec4 28, 0, 32;
    %jmp/1 T_65.69, 35;
T_65.68 ; End of true expr.
    %load/vec4 v0x1993fc0_0;
    %parti/s 1, 28, 6;
    %flag_set/vec4 36;
    %jmp/0 T_65.70, 36;
    %pushi/vec4 29, 0, 32;
    %jmp/1 T_65.71, 36;
T_65.70 ; End of true expr.
    %load/vec4 v0x1993fc0_0;
    %parti/s 1, 29, 6;
    %flag_set/vec4 37;
    %jmp/0 T_65.72, 37;
    %pushi/vec4 30, 0, 32;
    %jmp/1 T_65.73, 37;
T_65.72 ; End of true expr.
    %load/vec4 v0x1993fc0_0;
    %parti/s 1, 30, 6;
    %flag_set/vec4 38;
    %jmp/0 T_65.74, 38;
    %pushi/vec4 31, 0, 32;
    %jmp/1 T_65.75, 38;
T_65.74 ; End of true expr.
    %load/vec4 v0x1993fc0_0;
    %parti/s 1, 31, 6;
    %flag_set/vec4 39;
    %jmp/0 T_65.76, 39;
    %pushi/vec4 32, 0, 32;
    %jmp/1 T_65.77, 39;
T_65.76 ; End of true expr.
    %pushi/vec4 0, 0, 32;
    %jmp/0 T_65.77, 39;
 ; End of false expr.
    %blend;
T_65.77;
    %jmp/0 T_65.75, 38;
 ; End of false expr.
    %blend;
T_65.75;
    %jmp/0 T_65.73, 37;
 ; End of false expr.
    %blend;
T_65.73;
    %jmp/0 T_65.71, 36;
 ; End of false expr.
    %blend;
T_65.71;
    %jmp/0 T_65.69, 35;
 ; End of false expr.
    %blend;
T_65.69;
    %jmp/0 T_65.67, 34;
 ; End of false expr.
    %blend;
T_65.67;
    %jmp/0 T_65.65, 33;
 ; End of false expr.
    %blend;
T_65.65;
    %jmp/0 T_65.63, 32;
 ; End of false expr.
    %blend;
T_65.63;
    %jmp/0 T_65.61, 31;
 ; End of false expr.
    %blend;
T_65.61;
    %jmp/0 T_65.59, 30;
 ; End of false expr.
    %blend;
T_65.59;
    %jmp/0 T_65.57, 29;
 ; End of false expr.
    %blend;
T_65.57;
    %jmp/0 T_65.55, 28;
 ; End of false expr.
    %blend;
T_65.55;
    %jmp/0 T_65.53, 27;
 ; End of false expr.
    %blend;
T_65.53;
    %jmp/0 T_65.51, 26;
 ; End of false expr.
    %blend;
T_65.51;
    %jmp/0 T_65.49, 25;
 ; End of false expr.
    %blend;
T_65.49;
    %jmp/0 T_65.47, 24;
 ; End of false expr.
    %blend;
T_65.47;
    %jmp/0 T_65.45, 23;
 ; End of false expr.
    %blend;
T_65.45;
    %jmp/0 T_65.43, 22;
 ; End of false expr.
    %blend;
T_65.43;
    %jmp/0 T_65.41, 21;
 ; End of false expr.
    %blend;
T_65.41;
    %jmp/0 T_65.39, 20;
 ; End of false expr.
    %blend;
T_65.39;
    %jmp/0 T_65.37, 19;
 ; End of false expr.
    %blend;
T_65.37;
    %jmp/0 T_65.35, 18;
 ; End of false expr.
    %blend;
T_65.35;
    %jmp/0 T_65.33, 17;
 ; End of false expr.
    %blend;
T_65.33;
    %jmp/0 T_65.31, 16;
 ; End of false expr.
    %blend;
T_65.31;
    %jmp/0 T_65.29, 15;
 ; End of false expr.
    %blend;
T_65.29;
    %jmp/0 T_65.27, 14;
 ; End of false expr.
    %blend;
T_65.27;
    %jmp/0 T_65.25, 13;
 ; End of false expr.
    %blend;
T_65.25;
    %jmp/0 T_65.23, 12;
 ; End of false expr.
    %blend;
T_65.23;
    %jmp/0 T_65.21, 11;
 ; End of false expr.
    %blend;
T_65.21;
    %jmp/0 T_65.19, 10;
 ; End of false expr.
    %blend;
T_65.19;
    %jmp/0 T_65.17, 9;
 ; End of false expr.
    %blend;
T_65.17;
    %jmp/0 T_65.15, 8;
 ; End of false expr.
    %blend;
T_65.15;
    %store/vec4 v0x1989170_0, 0, 32;
    %jmp T_65.13;
T_65.1 ;
    %load/vec4 v0x1985cf0_0;
    %store/vec4 v0x1989170_0, 0, 32;
    %jmp T_65.13;
T_65.2 ;
    %load/vec4 v0x1986470_0;
    %store/vec4 v0x1989170_0, 0, 32;
    %jmp T_65.13;
T_65.3 ;
    %load/vec4 v0x19860b0_0;
    %store/vec4 v0x1989170_0, 0, 32;
    %jmp T_65.13;
T_65.4 ;
    %load/vec4 v0x198a430_0;
    %store/vec4 v0x1989170_0, 0, 32;
    %jmp T_65.13;
T_65.5 ;
    %load/vec4 v0x1993fc0_0;
    %load/vec4 v0x1994920_0;
    %sub;
    %store/vec4 v0x1989170_0, 0, 32;
    %jmp T_65.13;
T_65.6 ;
    %load/vec4 v0x1993fc0_0;
    %load/vec4 v0x1994920_0;
    %xor;
    %store/vec4 v0x1989170_0, 0, 32;
    %jmp T_65.13;
T_65.7 ;
    %load/vec4 v0x1993fc0_0;
    %load/vec4 v0x1994920_0;
    %or;
    %store/vec4 v0x1989170_0, 0, 32;
    %jmp T_65.13;
T_65.8 ;
    %load/vec4 v0x1994920_0;
    %store/vec4 v0x1989170_0, 0, 32;
    %jmp T_65.13;
T_65.9 ;
    %load/vec4 v0x19b9ab0_0;
    %flag_set/vec4 8;
    %jmp/0xz  T_65.78, 8;
    %load/vec4 v0x19bb0e0_0;
    %store/vec4 v0x1989170_0, 0, 32;
    %jmp T_65.79;
T_65.78 ;
    %load/vec4 v0x1994920_0;
    %ix/load 4, 16, 0;
    %flag_set/imm 4, 0;
    %shiftl 4;
    %store/vec4 v0x1989170_0, 0, 32;
T_65.79 ;
    %jmp T_65.13;
T_65.10 ;
    %load/vec4 v0x19bb0e0_0;
    %store/vec4 v0x1989170_0, 0, 32;
    %jmp T_65.13;
T_65.11 ;
    %load/vec4 v0x183eb60_0;
    %flag_set/vec4 8;
    %jmp/0 T_65.80, 8;
    %load/vec4 v0x1993fc0_0;
    %jmp/1 T_65.81, 8;
T_65.80 ; End of true expr.
    %load/vec4 v0x1994920_0;
    %jmp/0 T_65.81, 8;
 ; End of false expr.
    %blend;
T_65.81;
    %store/vec4 v0x1989170_0, 0, 32;
    %jmp T_65.13;
T_65.13 ;
    %pop/vec4 1;
    %jmp T_65;
    .thread T_65, $push;
    .scope S_0x18359d0;
T_66 ;
    %wait E_0x1609a30;
    %load/vec4 v0x17e4020_0;
    %dup/vec4;
    %pushi/vec4 1, 0, 5;
    %cmp/x;
    %jmp/1 T_66.0, 4;
    %dup/vec4;
    %pushi/vec4 2, 0, 5;
    %cmp/x;
    %jmp/1 T_66.1, 4;
    %dup/vec4;
    %pushi/vec4 3, 0, 5;
    %cmp/x;
    %jmp/1 T_66.2, 4;
    %load/vec4 v0x1993fc0_0;
    %store/vec4 v0x1985cf0_0, 0, 32;
    %jmp T_66.4;
T_66.0 ;
    %load/vec4 v0x1998fd0_0;
    %parti/s 2, 0, 2;
    %dup/vec4;
    %pushi/vec4 0, 0, 2;
    %cmp/x;
    %jmp/1 T_66.5, 4;
    %dup/vec4;
    %pushi/vec4 1, 0, 2;
    %cmp/x;
    %jmp/1 T_66.6, 4;
    %dup/vec4;
    %pushi/vec4 2, 0, 2;
    %cmp/x;
    %jmp/1 T_66.7, 4;
    %dup/vec4;
    %pushi/vec4 3, 0, 2;
    %cmp/x;
    %jmp/1 T_66.8, 4;
    %jmp T_66.9;
T_66.5 ;
    %load/vec4 v0x1993fc0_0;
    %parti/s 24, 8, 5;
    %load/vec4 v0x1994920_0;
    %parti/s 8, 0, 2;
    %concat/vec4; draw_concat_vec4
    %store/vec4 v0x1985cf0_0, 0, 32;
    %jmp T_66.9;
T_66.6 ;
    %load/vec4 v0x1993fc0_0;
    %parti/s 16, 16, 6;
    %load/vec4 v0x1994920_0;
    %parti/s 8, 0, 2;
    %concat/vec4; draw_concat_vec4
    %load/vec4 v0x1993fc0_0;
    %parti/s 8, 0, 2;
    %concat/vec4; draw_concat_vec4
    %store/vec4 v0x1985cf0_0, 0, 32;
    %jmp T_66.9;
T_66.7 ;
    %load/vec4 v0x1993fc0_0;
    %parti/s 8, 24, 6;
    %load/vec4 v0x1994920_0;
    %parti/s 8, 0, 2;
    %concat/vec4; draw_concat_vec4
    %load/vec4 v0x1993fc0_0;
    %parti/s 16, 0, 2;
    %concat/vec4; draw_concat_vec4
    %store/vec4 v0x1985cf0_0, 0, 32;
    %jmp T_66.9;
T_66.8 ;
    %load/vec4 v0x1994920_0;
    %parti/s 8, 0, 2;
    %load/vec4 v0x1993fc0_0;
    %parti/s 24, 0, 2;
    %concat/vec4; draw_concat_vec4
    %store/vec4 v0x1985cf0_0, 0, 32;
    %jmp T_66.9;
T_66.9 ;
    %pop/vec4 1;
    %jmp T_66.4;
T_66.1 ;
    %load/vec4 v0x1993fc0_0;
    %pushi/vec4 1, 0, 32;
    %ix/getv 4, v0x1998fd0_0;
    %shiftl 4;
    %or;
    %store/vec4 v0x1985cf0_0, 0, 32;
    %jmp T_66.4;
T_66.2 ;
    %load/vec4 v0x1993fc0_0;
    %pushi/vec4 4294967295, 0, 32;
    %pushi/vec4 1, 0, 32;
    %ix/getv 4, v0x1998fd0_0;
    %shiftl 4;
    %xor;
    %and;
    %store/vec4 v0x1985cf0_0, 0, 32;
    %jmp T_66.4;
T_66.4 ;
    %pop/vec4 1;
    %jmp T_66;
    .thread T_66, $push;
    .scope S_0x18359d0;
T_67 ;
    %wait E_0x160ffd0;
    %load/vec4 v0x1994470_0;
    %dup/vec4;
    %pushi/vec4 13, 0, 4;
    %cmp/x;
    %jmp/1 T_67.0, 4;
    %pushi/vec4 0, 0, 1;
    %store/vec4 v0x19b8d80_0, 0, 1;
    %jmp T_67.2;
T_67.0 ;
    %load/vec4 v0x182ffc0_0;
    %store/vec4 v0x19b8d80_0, 0, 1;
    %jmp T_67.2;
T_67.2 ;
    %pop/vec4 1;
    %jmp T_67;
    .thread T_67, $push;
    .scope S_0x18359d0;
T_68 ;
    %wait E_0x160ffd0;
    %load/vec4 v0x1994470_0;
    %dup/vec4;
    %pushi/vec4 13, 0, 4;
    %cmp/x;
    %jmp/1 T_68.0, 4;
    %pushi/vec4 0, 0, 1;
    %store/vec4 v0x1830f70_0, 0, 1;
    %jmp T_68.2;
T_68.0 ;
    %pushi/vec4 1, 0, 1;
    %store/vec4 v0x1830f70_0, 0, 1;
    %jmp T_68.2;
T_68.2 ;
    %pop/vec4 1;
    %jmp T_68;
    .thread T_68, $push;
    .scope S_0x18359d0;
T_69 ;
    %wait E_0x160ff90;
    %load/vec4 v0x1994470_0;
    %dup/vec4;
    %pushi/vec4 0, 0, 4;
    %cmp/x;
    %jmp/1 T_69.0, 4;
    %dup/vec4;
    %pushi/vec4 1, 0, 4;
    %cmp/x;
    %jmp/1 T_69.1, 4;
    %pushi/vec4 0, 0, 1;
    %store/vec4 v0x19931b0_0, 0, 1;
    %jmp T_69.3;
T_69.0 ;
    %load/vec4 v0x183c3e0_0;
    %store/vec4 v0x19931b0_0, 0, 1;
    %jmp T_69.3;
T_69.1 ;
    %load/vec4 v0x184f850_0;
    %store/vec4 v0x19931b0_0, 0, 1;
    %jmp T_69.3;
T_69.3 ;
    %pop/vec4 1;
    %jmp T_69;
    .thread T_69, $push;
    .scope S_0x18359d0;
T_70 ;
    %wait E_0x160ff90;
    %load/vec4 v0x1994470_0;
    %dup/vec4;
    %pushi/vec4 0, 0, 4;
    %cmp/x;
    %jmp/1 T_70.0, 4;
    %dup/vec4;
    %pushi/vec4 1, 0, 4;
    %cmp/x;
    %jmp/1 T_70.1, 4;
    %pushi/vec4 0, 0, 1;
    %store/vec4 v0x183df40_0, 0, 1;
    %jmp T_70.3;
T_70.0 ;
    %pushi/vec4 1, 0, 1;
    %store/vec4 v0x183df40_0, 0, 1;
    %jmp T_70.3;
T_70.1 ;
    %pushi/vec4 1, 0, 1;
    %store/vec4 v0x183df40_0, 0, 1;
    %jmp T_70.3;
T_70.3 ;
    %pop/vec4 1;
    %jmp T_70;
    .thread T_70, $push;
    .scope S_0x18359d0;
T_71 ;
    %wait E_0x160fe90;
    %load/vec4 v0x198be80_0;
    %dup/vec4;
    %pushi/vec4 0, 0, 2;
    %cmp/u;
    %jmp/1 T_71.0, 6;
    %dup/vec4;
    %pushi/vec4 1, 0, 2;
    %cmp/u;
    %jmp/1 T_71.1, 6;
    %load/vec4 v0x1993fc0_0;
    %parti/s 1, 31, 6;
    %replicate 32;
    %pushi/vec4 32, 0, 6;
    %pushi/vec4 0, 0, 1;
    %load/vec4 v0x1994920_0;
    %parti/s 5, 0, 2;
    %concat/vec4; draw_concat_vec4
    %sub;
    %ix/vec4 4;
    %shiftl 4;
    %load/vec4 v0x1993fc0_0;
    %load/vec4 v0x1994920_0;
    %parti/s 5, 0, 2;
    %ix/vec4 4;
    %shiftr 4;
    %or;
    %store/vec4 v0x1986470_0, 0, 32;
    %jmp T_71.3;
T_71.0 ;
    %load/vec4 v0x1993fc0_0;
    %load/vec4 v0x1994920_0;
    %parti/s 5, 0, 2;
    %ix/vec4 4;
    %shiftl 4;
    %store/vec4 v0x1986470_0, 0, 32;
    %jmp T_71.3;
T_71.1 ;
    %load/vec4 v0x1993fc0_0;
    %load/vec4 v0x1994920_0;
    %parti/s 5, 0, 2;
    %ix/vec4 4;
    %shiftr 4;
    %store/vec4 v0x1986470_0, 0, 32;
    %jmp T_71.3;
T_71.3 ;
    %pop/vec4 1;
    %jmp T_71;
    .thread T_71, $push;
    .scope S_0x18359d0;
T_72 ;
    %wait E_0x160fe50;
    %load/vec4 v0x1998b20_0;
    %parti/s 3, 0, 2;
    %dup/vec4;
    %pushi/vec4 0, 0, 3;
    %cmp/u;
    %jmp/1 T_72.0, 6;
    %dup/vec4;
    %pushi/vec4 1, 0, 3;
    %cmp/u;
    %jmp/1 T_72.1, 6;
    %dup/vec4;
    %pushi/vec4 2, 0, 3;
    %cmp/u;
    %jmp/1 T_72.2, 6;
    %dup/vec4;
    %pushi/vec4 3, 0, 3;
    %cmp/u;
    %jmp/1 T_72.3, 6;
    %dup/vec4;
    %pushi/vec4 4, 0, 3;
    %cmp/u;
    %jmp/1 T_72.4, 6;
    %dup/vec4;
    %pushi/vec4 5, 0, 3;
    %cmp/u;
    %jmp/1 T_72.5, 6;
    %pushi/vec4 0, 0, 1;
    %store/vec4 v0x182ffc0_0, 0, 1;
    %jmp T_72.7;
T_72.0 ;
    %load/vec4 v0x19981c0_0;
    %load/vec4 v0x1998670_0;
    %cmp/e;
    %flag_get/vec4 4;
    %store/vec4 v0x182ffc0_0, 0, 1;
    %jmp T_72.7;
T_72.1 ;
    %load/vec4 v0x19981c0_0;
    %load/vec4 v0x1998670_0;
    %cmp/ne;
    %flag_get/vec4 4;
    %store/vec4 v0x182ffc0_0, 0, 1;
    %jmp T_72.7;
T_72.2 ;
    %load/vec4 v0x1998670_0;
    %load/vec4 v0x19981c0_0;
    %cmp/u;
    %flag_get/vec4 5;
    %store/vec4 v0x182ffc0_0, 0, 1;
    %jmp T_72.7;
T_72.3 ;
    %load/vec4 v0x1998670_0;
    %load/vec4 v0x19981c0_0;
    %cmp/u;
    %flag_get/vec4 4;
    %flag_get/vec4 5;
    %or;
    %store/vec4 v0x182ffc0_0, 0, 1;
    %jmp T_72.7;
T_72.4 ;
    %load/vec4 v0x19981c0_0;
    %load/vec4 v0x1998670_0;
    %cmp/u;
    %flag_get/vec4 5;
    %store/vec4 v0x182ffc0_0, 0, 1;
    %jmp T_72.7;
T_72.5 ;
    %load/vec4 v0x19981c0_0;
    %load/vec4 v0x1998670_0;
    %cmp/u;
    %flag_get/vec4 4;
    %flag_get/vec4 5;
    %or;
    %store/vec4 v0x182ffc0_0, 0, 1;
    %jmp T_72.7;
T_72.7 ;
    %pop/vec4 1;
    %jmp T_72;
    .thread T_72, $push;
    .scope S_0x1852fc0;
T_73 ;
    %wait E_0x1608e90;
    %load/vec4 v0x1853a00_0;
    %assign/vec4 v0x18fb160_0, 0;
    %jmp T_73;
    .thread T_73, $push;
    .scope S_0x1852fc0;
T_74 ;
    %wait E_0x1609040;
    %load/vec4 v0x1853ac0_0;
    %assign/vec4 v0x18fb220_0, 0;
    %jmp T_74;
    .thread T_74, $push;
    .scope S_0x1852fc0;
T_75 ;
    %wait E_0x1608b50;
    %load/vec4 v0x18fb160_0;
    %pad/s 64;
    %load/vec4 v0x18fb220_0;
    %pad/s 64;
    %mul;
    %assign/vec4 v0x1851a70_0, 1;
    %jmp T_75;
    .thread T_75;
    .scope S_0x1852fc0;
T_76 ;
    %wait E_0x1996c00;
    %load/vec4 v0x1918680_0;
    %flag_set/vec4 8;
    %jmp/0xz  T_76.0, 8;
    %pushi/vec4 0, 0, 64;
    %assign/vec4 v0x1851b50_0, 0;
    %jmp T_76.1;
T_76.0 ;
    %load/vec4 v0x1851a70_0;
    %assign/vec4 v0x1851b50_0, 1;
T_76.1 ;
    %jmp T_76;
    .thread T_76;
    .scope S_0x1977fe0;
T_77 ;
    %wait E_0x16098c0;
    %load/vec4 v0x18f2330_0;
    %dup/vec4;
    %pushi/vec4 6, 0, 4;
    %cmp/x;
    %jmp/1 T_77.0, 4;
    %load/vec4 v0x18a3ef0_0;
    %parti/s 32, 0, 2;
    %store/vec4 v0x18caff0_0, 0, 32;
    %jmp T_77.2;
T_77.0 ;
    %load/vec4 v0x18caf30_0;
    %parti/s 32, 0, 2;
    %store/vec4 v0x18caff0_0, 0, 32;
    %jmp T_77.2;
T_77.2 ;
    %pop/vec4 1;
    %jmp T_77;
    .thread T_77, $push;
    .scope S_0x1977fe0;
T_78 ;
    %wait E_0x1996c00;
    %load/vec4 v0x18cf090_0;
    %flag_set/vec4 8;
    %jmp/0xz  T_78.0, 8;
    %pushi/vec4 0, 0, 64;
    %assign/vec4 v0x18caf30_0, 1;
    %pushi/vec4 1, 0, 1;
    %assign/vec4 v0x18a7f70_0, 1;
    %jmp T_78.1;
T_78.0 ;
    %load/vec4 v0x18a7f70_0;
    %load/vec4 v0x18a8030_0;
    %nor/r;
    %or;
    %flag_set/vec4 8;
    %jmp/0xz  T_78.2, 8;
    %load/vec4 v0x18f3590_0;
    %assign/vec4 v0x18caf30_0, 1;
    %pushi/vec4 1, 0, 1;
    %assign/vec4 v0x18a7f70_0, 1;
T_78.2 ;
T_78.1 ;
    %jmp T_78;
    .thread T_78;
    .scope S_0x1977fe0;
T_79 ;
    %wait E_0x1996c00;
    %load/vec4 v0x18cf090_0;
    %flag_set/vec4 8;
    %jmp/0xz  T_79.0, 8;
    %pushi/vec4 0, 0, 2;
    %assign/vec4 v0x18a01e0_0, 1;
    %jmp T_79.1;
T_79.0 ;
    %load/vec4 v0x18a7410_0;
    %assign/vec4 v0x18a01e0_0, 1;
T_79.1 ;
    %jmp T_79;
    .thread T_79;
    .scope S_0x1977fe0;
T_80 ;
    %wait E_0x1996c00;
    %load/vec4 v0x18cf090_0;
    %flag_set/vec4 8;
    %jmp/0xz  T_80.0, 8;
    %pushi/vec4 0, 0, 2;
    %assign/vec4 v0x18a02a0_0, 1;
    %jmp T_80.1;
T_80.0 ;
    %load/vec4 v0x18a01e0_0;
    %assign/vec4 v0x18a02a0_0, 1;
T_80.1 ;
    %jmp T_80;
    .thread T_80;
    .scope S_0x1977fe0;
T_81 ;
    %wait E_0x1996c00;
    %load/vec4 v0x18cf090_0;
    %flag_set/vec4 8;
    %jmp/0xz  T_81.0, 8;
    %pushi/vec4 0, 0, 2;
    %assign/vec4 v0x18a3e10_0, 1;
    %jmp T_81.1;
T_81.0 ;
    %load/vec4 v0x18a02a0_0;
    %assign/vec4 v0x18a3e10_0, 1;
T_81.1 ;
    %jmp T_81;
    .thread T_81;
    .scope S_0x1977fe0;
T_82 ;
    %wait E_0x1996c00;
    %load/vec4 v0x18cf090_0;
    %flag_set/vec4 8;
    %jmp/0xz  T_82.0, 8;
    %pushi/vec4 0, 0, 64;
    %assign/vec4 v0x18a3ef0_0, 1;
    %jmp T_82.1;
T_82.0 ;
    %load/vec4 v0x190c740_0;
    %flag_set/vec4 8;
    %jmp/0xz  T_82.2, 8;
    %load/vec4 v0x190d270_0;
    %ix/load 4, 0, 0;
    %ix/load 5, 1, 0;
    %flag_set/imm 4, 0;
    %assign/vec4/off/d v0x18a3ef0_0, 4, 5;
    %jmp T_82.3;
T_82.2 ;
    %load/vec4 v0x190c680_0;
    %flag_set/vec4 8;
    %jmp/0xz  T_82.4, 8;
    %load/vec4 v0x190d270_0;
    %ix/load 4, 32, 0;
    %ix/load 5, 1, 0;
    %flag_set/imm 4, 0;
    %assign/vec4/off/d v0x18a3ef0_0, 4, 5;
    %jmp T_82.5;
T_82.4 ;
    %load/vec4 v0x18a3e10_0;
    %cmpi/e 1, 0, 2;
    %jmp/0xz  T_82.6, 4;
    %load/vec4 v0x18a3ef0_0;
    %load/vec4 v0x18caf30_0;
    %add;
    %assign/vec4 v0x18a3ef0_0, 1;
    %jmp T_82.7;
T_82.6 ;
    %load/vec4 v0x18a3e10_0;
    %cmpi/e 2, 0, 2;
    %jmp/0xz  T_82.8, 4;
    %load/vec4 v0x18a3ef0_0;
    %load/vec4 v0x18caf30_0;
    %sub;
    %assign/vec4 v0x18a3ef0_0, 1;
    %jmp T_82.9;
T_82.8 ;
    %load/vec4 v0x18c8da0_0;
    %load/vec4 v0x18a8030_0;
    %nor/r;
    %and;
    %flag_set/vec4 8;
    %jmp/0xz  T_82.10, 8;
    %pushi/vec4 0, 0, 64;
    %assign/vec4 v0x18a3ef0_0, 1;
T_82.10 ;
T_82.9 ;
T_82.7 ;
T_82.5 ;
T_82.3 ;
T_82.1 ;
    %jmp T_82;
    .thread T_82;
    .scope S_0x1977fe0;
T_83 ;
    %wait E_0x1996c00;
    %load/vec4 v0x18cf090_0;
    %flag_set/vec4 8;
    %jmp/0xz  T_83.0, 8;
    %pushi/vec4 0, 0, 1;
    %assign/vec4 v0x18c8d00_0, 1;
    %jmp T_83.1;
T_83.0 ;
    %load/vec4 v0x18a7410_0;
    %or/r;
    %load/vec4 v0x18a01e0_0;
    %or/r;
    %or;
    %load/vec4 v0x18a02a0_0;
    %or/r;
    %or;
    %load/vec4 v0x18a7370_0;
    %and;
    %assign/vec4 v0x18c8d00_0, 1;
T_83.1 ;
    %jmp T_83;
    .thread T_83;
    .scope S_0x18d74b0;
T_84 ;
    %wait E_0x19902f0;
    %load/vec4 v0x1687890_0;
    %parti/s 5, 11, 5;
    %dup/vec4;
    %pushi/vec4 0, 0, 5;
    %cmp/u;
    %jmp/1 T_84.0, 6;
    %dup/vec4;
    %pushi/vec4 1, 0, 5;
    %cmp/u;
    %jmp/1 T_84.1, 6;
    %dup/vec4;
    %pushi/vec4 2, 0, 5;
    %cmp/u;
    %jmp/1 T_84.2, 6;
    %dup/vec4;
    %pushi/vec4 3, 0, 5;
    %cmp/u;
    %jmp/1 T_84.3, 6;
    %dup/vec4;
    %pushi/vec4 4, 0, 5;
    %cmp/u;
    %jmp/1 T_84.4, 6;
    %dup/vec4;
    %pushi/vec4 5, 0, 5;
    %cmp/u;
    %jmp/1 T_84.5, 6;
    %dup/vec4;
    %pushi/vec4 6, 0, 5;
    %cmp/u;
    %jmp/1 T_84.6, 6;
    %dup/vec4;
    %pushi/vec4 7, 0, 5;
    %cmp/u;
    %jmp/1 T_84.7, 6;
    %dup/vec4;
    %pushi/vec4 8, 0, 5;
    %cmp/u;
    %jmp/1 T_84.8, 6;
    %dup/vec4;
    %pushi/vec4 9, 0, 5;
    %cmp/u;
    %jmp/1 T_84.9, 6;
    %dup/vec4;
    %pushi/vec4 10, 0, 5;
    %cmp/u;
    %jmp/1 T_84.10, 6;
    %dup/vec4;
    %pushi/vec4 11, 0, 5;
    %cmp/u;
    %jmp/1 T_84.11, 6;
    %dup/vec4;
    %pushi/vec4 12, 0, 5;
    %cmp/u;
    %jmp/1 T_84.12, 6;
    %dup/vec4;
    %pushi/vec4 13, 0, 5;
    %cmp/u;
    %jmp/1 T_84.13, 6;
    %dup/vec4;
    %pushi/vec4 14, 0, 5;
    %cmp/u;
    %jmp/1 T_84.14, 6;
    %dup/vec4;
    %pushi/vec4 15, 0, 5;
    %cmp/u;
    %jmp/1 T_84.15, 6;
    %dup/vec4;
    %pushi/vec4 16, 0, 5;
    %cmp/u;
    %jmp/1 T_84.16, 6;
    %dup/vec4;
    %pushi/vec4 17, 0, 5;
    %cmp/u;
    %jmp/1 T_84.17, 6;
    %dup/vec4;
    %pushi/vec4 18, 0, 5;
    %cmp/u;
    %jmp/1 T_84.18, 6;
    %dup/vec4;
    %pushi/vec4 19, 0, 5;
    %cmp/u;
    %jmp/1 T_84.19, 6;
    %dup/vec4;
    %pushi/vec4 20, 0, 5;
    %cmp/u;
    %jmp/1 T_84.20, 6;
    %dup/vec4;
    %pushi/vec4 21, 0, 5;
    %cmp/u;
    %jmp/1 T_84.21, 6;
    %dup/vec4;
    %pushi/vec4 22, 0, 5;
    %cmp/u;
    %jmp/1 T_84.22, 6;
    %dup/vec4;
    %pushi/vec4 23, 0, 5;
    %cmp/u;
    %jmp/1 T_84.23, 6;
    %dup/vec4;
    %pushi/vec4 24, 0, 5;
    %cmp/u;
    %jmp/1 T_84.24, 6;
    %dup/vec4;
    %pushi/vec4 25, 0, 5;
    %cmp/u;
    %jmp/1 T_84.25, 6;
    %dup/vec4;
    %pushi/vec4 26, 0, 5;
    %cmp/u;
    %jmp/1 T_84.26, 6;
    %dup/vec4;
    %pushi/vec4 27, 0, 5;
    %cmp/u;
    %jmp/1 T_84.27, 6;
    %dup/vec4;
    %pushi/vec4 28, 0, 5;
    %cmp/u;
    %jmp/1 T_84.28, 6;
    %dup/vec4;
    %pushi/vec4 29, 0, 5;
    %cmp/u;
    %jmp/1 T_84.29, 6;
    %dup/vec4;
    %pushi/vec4 30, 0, 5;
    %cmp/u;
    %jmp/1 T_84.30, 6;
    %dup/vec4;
    %pushi/vec4 31, 0, 5;
    %cmp/u;
    %jmp/1 T_84.31, 6;
    %jmp T_84.32;
T_84.0 ;
    %pushi/vec4 1, 0, 32;
    %store/vec4 v0x173d5b0_0, 0, 32;
    %jmp T_84.32;
T_84.1 ;
    %pushi/vec4 2, 0, 32;
    %store/vec4 v0x173d5b0_0, 0, 32;
    %jmp T_84.32;
T_84.2 ;
    %pushi/vec4 4, 0, 32;
    %store/vec4 v0x173d5b0_0, 0, 32;
    %jmp T_84.32;
T_84.3 ;
    %pushi/vec4 8, 0, 32;
    %store/vec4 v0x173d5b0_0, 0, 32;
    %jmp T_84.32;
T_84.4 ;
    %pushi/vec4 16, 0, 32;
    %store/vec4 v0x173d5b0_0, 0, 32;
    %jmp T_84.32;
T_84.5 ;
    %pushi/vec4 32, 0, 32;
    %store/vec4 v0x173d5b0_0, 0, 32;
    %jmp T_84.32;
T_84.6 ;
    %pushi/vec4 64, 0, 32;
    %store/vec4 v0x173d5b0_0, 0, 32;
    %jmp T_84.32;
T_84.7 ;
    %pushi/vec4 128, 0, 32;
    %store/vec4 v0x173d5b0_0, 0, 32;
    %jmp T_84.32;
T_84.8 ;
    %pushi/vec4 256, 0, 32;
    %store/vec4 v0x173d5b0_0, 0, 32;
    %jmp T_84.32;
T_84.9 ;
    %pushi/vec4 512, 0, 32;
    %store/vec4 v0x173d5b0_0, 0, 32;
    %jmp T_84.32;
T_84.10 ;
    %pushi/vec4 1024, 0, 32;
    %store/vec4 v0x173d5b0_0, 0, 32;
    %jmp T_84.32;
T_84.11 ;
    %pushi/vec4 2048, 0, 32;
    %store/vec4 v0x173d5b0_0, 0, 32;
    %jmp T_84.32;
T_84.12 ;
    %pushi/vec4 4096, 0, 32;
    %store/vec4 v0x173d5b0_0, 0, 32;
    %jmp T_84.32;
T_84.13 ;
    %pushi/vec4 8192, 0, 32;
    %store/vec4 v0x173d5b0_0, 0, 32;
    %jmp T_84.32;
T_84.14 ;
    %pushi/vec4 16384, 0, 32;
    %store/vec4 v0x173d5b0_0, 0, 32;
    %jmp T_84.32;
T_84.15 ;
    %pushi/vec4 32768, 0, 32;
    %store/vec4 v0x173d5b0_0, 0, 32;
    %jmp T_84.32;
T_84.16 ;
    %pushi/vec4 65536, 0, 32;
    %store/vec4 v0x173d5b0_0, 0, 32;
    %jmp T_84.32;
T_84.17 ;
    %pushi/vec4 131072, 0, 32;
    %store/vec4 v0x173d5b0_0, 0, 32;
    %jmp T_84.32;
T_84.18 ;
    %pushi/vec4 262144, 0, 32;
    %store/vec4 v0x173d5b0_0, 0, 32;
    %jmp T_84.32;
T_84.19 ;
    %pushi/vec4 524288, 0, 32;
    %store/vec4 v0x173d5b0_0, 0, 32;
    %jmp T_84.32;
T_84.20 ;
    %pushi/vec4 1048576, 0, 32;
    %store/vec4 v0x173d5b0_0, 0, 32;
    %jmp T_84.32;
T_84.21 ;
    %pushi/vec4 2097152, 0, 32;
    %store/vec4 v0x173d5b0_0, 0, 32;
    %jmp T_84.32;
T_84.22 ;
    %pushi/vec4 4194304, 0, 32;
    %store/vec4 v0x173d5b0_0, 0, 32;
    %jmp T_84.32;
T_84.23 ;
    %pushi/vec4 8388608, 0, 32;
    %store/vec4 v0x173d5b0_0, 0, 32;
    %jmp T_84.32;
T_84.24 ;
    %pushi/vec4 16777216, 0, 32;
    %store/vec4 v0x173d5b0_0, 0, 32;
    %jmp T_84.32;
T_84.25 ;
    %pushi/vec4 33554432, 0, 32;
    %store/vec4 v0x173d5b0_0, 0, 32;
    %jmp T_84.32;
T_84.26 ;
    %pushi/vec4 67108864, 0, 32;
    %store/vec4 v0x173d5b0_0, 0, 32;
    %jmp T_84.32;
T_84.27 ;
    %pushi/vec4 134217728, 0, 32;
    %store/vec4 v0x173d5b0_0, 0, 32;
    %jmp T_84.32;
T_84.28 ;
    %pushi/vec4 268435456, 0, 32;
    %store/vec4 v0x173d5b0_0, 0, 32;
    %jmp T_84.32;
T_84.29 ;
    %pushi/vec4 536870912, 0, 32;
    %store/vec4 v0x173d5b0_0, 0, 32;
    %jmp T_84.32;
T_84.30 ;
    %pushi/vec4 1073741824, 0, 32;
    %store/vec4 v0x173d5b0_0, 0, 32;
    %jmp T_84.32;
T_84.31 ;
    %pushi/vec4 2147483648, 0, 32;
    %store/vec4 v0x173d5b0_0, 0, 32;
    %jmp T_84.32;
T_84.32 ;
    %pop/vec4 1;
    %jmp T_84;
    .thread T_84, $push;
    .scope S_0x18d74b0;
T_85 ;
    %wait E_0x1996c00;
    %load/vec4 v0x16877f0_0;
    %flag_set/vec4 8;
    %jmp/0xz  T_85.0, 8;
    %pushi/vec4 32769, 0, 16;
    %assign/vec4 v0x1735aa0_0, 1;
    %jmp T_85.1;
T_85.0 ;
    %load/vec4 v0x1668de0_0;
    %flag_set/vec4 8;
    %jmp/0xz  T_85.2, 8;
    %pushi/vec4 1, 0, 1;
    %ix/load 4, 0, 0;
    %ix/load 5, 1, 0;
    %flag_set/imm 4, 0;
    %assign/vec4/off/d v0x1735aa0_0, 4, 5;
    %pushi/vec4 0, 0, 1;
    %ix/load 4, 1, 0;
    %ix/load 5, 1, 0;
    %flag_set/imm 4, 0;
    %assign/vec4/off/d v0x1735aa0_0, 4, 5;
    %pushi/vec4 0, 0, 1;
    %ix/load 4, 2, 0;
    %ix/load 5, 1, 0;
    %flag_set/imm 4, 0;
    %assign/vec4/off/d v0x1735aa0_0, 4, 5;
    %pushi/vec4 0, 0, 1;
    %ix/load 4, 5, 0;
    %ix/load 5, 1, 0;
    %flag_set/imm 4, 0;
    %assign/vec4/off/d v0x1735aa0_0, 4, 5;
    %pushi/vec4 0, 0, 1;
    %ix/load 4, 6, 0;
    %ix/load 5, 1, 0;
    %flag_set/imm 4, 0;
    %assign/vec4/off/d v0x1735aa0_0, 4, 5;
    %jmp T_85.3;
T_85.2 ;
    %load/vec4 v0x1735ce0_0;
    %flag_set/vec4 8;
    %jmp/0xz  T_85.4, 8;
    %load/vec4 v0x173d400_0;
    %assign/vec4 v0x1735aa0_0, 1;
T_85.4 ;
T_85.3 ;
T_85.1 ;
    %jmp T_85;
    .thread T_85;
    .scope S_0x18d74b0;
T_86 ;
    %wait E_0x19260a0;
    %load/vec4 v0x17359c0_0;
    %dup/vec4;
    %pushi/vec4 14, 0, 4;
    %cmp/u;
    %jmp/1 T_86.0, 6;
    %dup/vec4;
    %pushi/vec4 15, 0, 4;
    %cmp/u;
    %jmp/1 T_86.1, 6;
    %pushi/vec4 0, 0, 1;
    %store/vec4 v0x173d690_0, 0, 1;
    %jmp T_86.3;
T_86.0 ;
    %pushi/vec4 1, 0, 1;
    %store/vec4 v0x173d690_0, 0, 1;
    %jmp T_86.3;
T_86.1 ;
    %pushi/vec4 0, 0, 1;
    %store/vec4 v0x173d690_0, 0, 1;
    %jmp T_86.3;
T_86.3 ;
    %pop/vec4 1;
    %jmp T_86;
    .thread T_86, $push;
    .scope S_0x18d74b0;
T_87 ;
    %wait E_0x19260a0;
    %load/vec4 v0x17359c0_0;
    %dup/vec4;
    %pushi/vec4 14, 0, 4;
    %cmp/u;
    %jmp/1 T_87.0, 6;
    %dup/vec4;
    %pushi/vec4 15, 0, 4;
    %cmp/u;
    %jmp/1 T_87.1, 6;
    %pushi/vec4 0, 0, 1;
    %store/vec4 v0x167c5c0_0, 0, 1;
    %jmp T_87.3;
T_87.0 ;
    %pushi/vec4 0, 0, 1;
    %store/vec4 v0x167c5c0_0, 0, 1;
    %jmp T_87.3;
T_87.1 ;
    %pushi/vec4 1, 0, 1;
    %store/vec4 v0x167c5c0_0, 0, 1;
    %jmp T_87.3;
T_87.3 ;
    %pop/vec4 1;
    %jmp T_87;
    .thread T_87, $push;
    .scope S_0x18d74b0;
T_88 ;
    %wait E_0x19260a0;
    %load/vec4 v0x17359c0_0;
    %dup/vec4;
    %pushi/vec4 14, 0, 4;
    %cmp/u;
    %jmp/1 T_88.0, 6;
    %dup/vec4;
    %pushi/vec4 15, 0, 4;
    %cmp/u;
    %jmp/1 T_88.1, 6;
    %pushi/vec4 0, 0, 32;
    %store/vec4 v0x173d4f0_0, 0, 32;
    %jmp T_88.3;
T_88.0 ;
    %pushi/vec4 0, 0, 32;
    %store/vec4 v0x173d4f0_0, 0, 32;
    %jmp T_88.3;
T_88.1 ;
    %load/vec4 v0x1687890_0;
    %parti/s 5, 11, 5;
    %dup/vec4;
    %pushi/vec4 10, 0, 5;
    %cmp/x;
    %jmp/1 T_88.4, 4;
    %dup/vec4;
    %pushi/vec4 9, 0, 5;
    %cmp/x;
    %jmp/1 T_88.5, 4;
    %dup/vec4;
    %pushi/vec4 8, 0, 5;
    %cmp/x;
    %jmp/1 T_88.6, 4;
    %dup/vec4;
    %pushi/vec4 1, 0, 5;
    %cmp/x;
    %jmp/1 T_88.7, 4;
    %dup/vec4;
    %pushi/vec4 2, 0, 5;
    %cmp/x;
    %jmp/1 T_88.8, 4;
    %dup/vec4;
    %pushi/vec4 5, 0, 5;
    %cmp/x;
    %jmp/1 T_88.9, 4;
    %dup/vec4;
    %pushi/vec4 6, 0, 5;
    %cmp/x;
    %jmp/1 T_88.10, 4;
    %dup/vec4;
    %pushi/vec4 0, 0, 5;
    %cmp/x;
    %jmp/1 T_88.11, 4;
    %pushi/vec4 0, 0, 32;
    %store/vec4 v0x173d4f0_0, 0, 32;
    %jmp T_88.13;
T_88.4 ;
    %load/vec4 v0x16beff0_0;
    %store/vec4 v0x173d4f0_0, 0, 32;
    %jmp T_88.13;
T_88.5 ;
    %load/vec4 v0x16afe60_0;
    %store/vec4 v0x173d4f0_0, 0, 32;
    %jmp T_88.13;
T_88.6 ;
    %load/vec4 v0x16bed50_0;
    %store/vec4 v0x173d4f0_0, 0, 32;
    %jmp T_88.13;
T_88.7 ;
    %load/vec4 v0x1687af0_0;
    %store/vec4 v0x173d4f0_0, 0, 32;
    %jmp T_88.13;
T_88.8 ;
    %load/vec4 v0x16afb40_0;
    %store/vec4 v0x173d4f0_0, 0, 32;
    %jmp T_88.13;
T_88.9 ;
    %load/vec4 v0x16afc00_0;
    %store/vec4 v0x173d4f0_0, 0, 32;
    %jmp T_88.13;
T_88.10 ;
    %load/vec4 v0x1687bb0_0;
    %store/vec4 v0x173d4f0_0, 0, 32;
    %jmp T_88.13;
T_88.11 ;
    %load/vec4 v0x1735d80_0;
    %store/vec4 v0x173d4f0_0, 0, 32;
    %jmp T_88.13;
T_88.13 ;
    %pop/vec4 1;
    %jmp T_88.3;
T_88.3 ;
    %pop/vec4 1;
    %jmp T_88;
    .thread T_88, $push;
    .scope S_0x1843c80;
T_89 ;
    %wait E_0x1606a70;
    %load/vec4 v0x198b580_0;
    %dup/vec4;
    %pushi/vec4 0, 0, 2;
    %cmp/u;
    %jmp/1 T_89.0, 6;
    %dup/vec4;
    %pushi/vec4 1, 0, 2;
    %cmp/u;
    %jmp/1 T_89.1, 6;
    %dup/vec4;
    %pushi/vec4 2, 0, 2;
    %cmp/u;
    %jmp/1 T_89.2, 6;
    %dup/vec4;
    %pushi/vec4 3, 0, 2;
    %cmp/u;
    %jmp/1 T_89.3, 6;
    %jmp T_89.4;
T_89.0 ;
    %load/vec4 v0x1841c50_0;
    %store/vec4 v0x1844940_0, 0, 32;
    %jmp T_89.4;
T_89.1 ;
    %load/vec4 v0x1841c50_0;
    %parti/s 24, 0, 2;
    %concati/vec4 0, 0, 8;
    %store/vec4 v0x1844940_0, 0, 32;
    %jmp T_89.4;
T_89.2 ;
    %load/vec4 v0x1841c50_0;
    %parti/s 16, 0, 2;
    %concati/vec4 0, 0, 16;
    %store/vec4 v0x1844940_0, 0, 32;
    %jmp T_89.4;
T_89.3 ;
    %load/vec4 v0x1841c50_0;
    %parti/s 8, 0, 2;
    %concati/vec4 0, 0, 24;
    %store/vec4 v0x1844940_0, 0, 32;
    %jmp T_89.4;
T_89.4 ;
    %pop/vec4 1;
    %jmp T_89;
    .thread T_89, $push;
    .scope S_0x1843c80;
T_90 ;
    %wait E_0x17c9ba0;
    %load/vec4 v0x1841b50_0;
    %dup/vec4;
    %pushi/vec4 2, 0, 4;
    %cmp/u;
    %jmp/1 T_90.0, 6;
    %dup/vec4;
    %pushi/vec4 3, 0, 4;
    %cmp/u;
    %jmp/1 T_90.1, 6;
    %dup/vec4;
    %pushi/vec4 4, 0, 4;
    %cmp/u;
    %jmp/1 T_90.2, 6;
    %dup/vec4;
    %pushi/vec4 5, 0, 4;
    %cmp/u;
    %jmp/1 T_90.3, 6;
    %load/vec4 v0x1844940_0;
    %store/vec4 v0x1841670_0, 0, 32;
    %jmp T_90.5;
T_90.0 ;
    %load/vec4 v0x1844940_0;
    %parti/s 8, 24, 6;
    %ix/load 4, 0, 0;
    %flag_set/imm 4, 0;
    %store/vec4 v0x1841670_0, 4, 8;
    %pushi/vec4 0, 0, 24;
    %ix/load 4, 8, 0;
    %flag_set/imm 4, 0;
    %store/vec4 v0x1841670_0, 4, 24;
    %jmp T_90.5;
T_90.1 ;
    %load/vec4 v0x1844940_0;
    %parti/s 8, 24, 6;
    %ix/load 4, 0, 0;
    %flag_set/imm 4, 0;
    %store/vec4 v0x1841670_0, 4, 8;
    %load/vec4 v0x1844940_0;
    %parti/s 1, 31, 6;
    %replicate 24;
    %ix/load 4, 8, 0;
    %flag_set/imm 4, 0;
    %store/vec4 v0x1841670_0, 4, 24;
    %jmp T_90.5;
T_90.2 ;
    %load/vec4 v0x1844940_0;
    %parti/s 16, 16, 6;
    %ix/load 4, 0, 0;
    %flag_set/imm 4, 0;
    %store/vec4 v0x1841670_0, 4, 16;
    %pushi/vec4 0, 0, 16;
    %ix/load 4, 16, 0;
    %flag_set/imm 4, 0;
    %store/vec4 v0x1841670_0, 4, 16;
    %jmp T_90.5;
T_90.3 ;
    %load/vec4 v0x1844940_0;
    %parti/s 16, 16, 6;
    %ix/load 4, 0, 0;
    %flag_set/imm 4, 0;
    %store/vec4 v0x1841670_0, 4, 16;
    %load/vec4 v0x1844940_0;
    %parti/s 1, 31, 6;
    %replicate 16;
    %ix/load 4, 16, 0;
    %flag_set/imm 4, 0;
    %store/vec4 v0x1841670_0, 4, 16;
    %jmp T_90.5;
T_90.5 ;
    %pop/vec4 1;
    %jmp T_90;
    .thread T_90, $push;
    .scope S_0x1840660;
T_91 ;
    %wait E_0x160a3a0;
    %load/vec4 v0x198e260_0;
    %load/vec4 v0x198e150_0;
    %concat/vec4; draw_concat_vec4
    %dup/vec4;
    %pushi/vec4 40, 0, 6;
    %cmp/x;
    %jmp/1 T_91.0, 4;
    %dup/vec4;
    %pushi/vec4 48, 0, 6;
    %cmp/x;
    %jmp/1 T_91.1, 4;
    %load/vec4 v0x198d9d0_0;
    %parti/s 8, 24, 6;
    %store/vec4 v0x1997b10_0, 0, 8;
    %jmp T_91.3;
T_91.0 ;
    %load/vec4 v0x198d9d0_0;
    %parti/s 8, 0, 2;
    %store/vec4 v0x1997b10_0, 0, 8;
    %jmp T_91.3;
T_91.1 ;
    %load/vec4 v0x198d9d0_0;
    %parti/s 8, 8, 5;
    %store/vec4 v0x1997b10_0, 0, 8;
    %jmp T_91.3;
T_91.3 ;
    %pop/vec4 1;
    %jmp T_91;
    .thread T_91, $push;
    .scope S_0x1840660;
T_92 ;
    %wait E_0x160a3a0;
    %load/vec4 v0x198e260_0;
    %load/vec4 v0x198e150_0;
    %concat/vec4; draw_concat_vec4
    %dup/vec4;
    %pushi/vec4 56, 0, 6;
    %cmp/x;
    %jmp/1 T_92.0, 4;
    %load/vec4 v0x198d9d0_0;
    %parti/s 8, 0, 2;
    %store/vec4 v0x198dd90_0, 0, 8;
    %jmp T_92.2;
T_92.0 ;
    %load/vec4 v0x198d9d0_0;
    %parti/s 8, 16, 6;
    %store/vec4 v0x198dd90_0, 0, 8;
    %jmp T_92.2;
T_92.2 ;
    %pop/vec4 1;
    %jmp T_92;
    .thread T_92, $push;
    .scope S_0x1840660;
T_93 ;
    %wait E_0x160a3a0;
    %load/vec4 v0x198e260_0;
    %load/vec4 v0x198e150_0;
    %concat/vec4; draw_concat_vec4
    %dup/vec4;
    %pushi/vec4 42, 0, 6;
    %cmp/x;
    %jmp/1 T_93.0, 4;
    %load/vec4 v0x198d9d0_0;
    %parti/s 8, 8, 5;
    %store/vec4 v0x1995180_0, 0, 8;
    %jmp T_93.2;
T_93.0 ;
    %load/vec4 v0x198d9d0_0;
    %parti/s 8, 0, 2;
    %store/vec4 v0x1995180_0, 0, 8;
    %jmp T_93.2;
T_93.2 ;
    %pop/vec4 1;
    %jmp T_93;
    .thread T_93, $push;
    .scope S_0x1840660;
T_94 ;
    %wait E_0x160a360;
    %load/vec4 v0x198d9d0_0;
    %parti/s 8, 0, 2;
    %store/vec4 v0x1995260_0, 0, 8;
    %jmp T_94;
    .thread T_94, $push;
    .scope S_0x1845480;
T_95 ;
    %wait E_0x19201b0;
    %load/vec4 v0x196dc10_0;
    %load/vec4 v0x19617e0_0;
    %parti/s 2, 0, 2;
    %concat/vec4; draw_concat_vec4
    %dup/vec4;
    %pushi/vec4 40, 0, 6;
    %cmp/x;
    %jmp/1 T_95.0, 4;
    %dup/vec4;
    %pushi/vec4 41, 0, 6;
    %cmp/x;
    %jmp/1 T_95.1, 4;
    %dup/vec4;
    %pushi/vec4 42, 0, 6;
    %cmp/x;
    %jmp/1 T_95.2, 4;
    %dup/vec4;
    %pushi/vec4 43, 0, 6;
    %cmp/x;
    %jmp/1 T_95.3, 4;
    %dup/vec4;
    %pushi/vec4 48, 0, 6;
    %cmp/x;
    %jmp/1 T_95.4, 4;
    %dup/vec4;
    %pushi/vec4 50, 0, 6;
    %cmp/x;
    %jmp/1 T_95.5, 4;
    %dup/vec4;
    %pushi/vec4 56, 0, 6;
    %cmp/x;
    %jmp/1 T_95.6, 4;
    %dup/vec4;
    %pushi/vec4 8, 0, 6;
    %cmp/x;
    %jmp/1 T_95.7, 4;
    %dup/vec4;
    %pushi/vec4 12, 0, 6;
    %cmp/x;
    %jmp/1 T_95.8, 4;
    %dup/vec4;
    %pushi/vec4 9, 0, 6;
    %cmp/x;
    %jmp/1 T_95.9, 4;
    %dup/vec4;
    %pushi/vec4 13, 0, 6;
    %cmp/x;
    %jmp/1 T_95.10, 4;
    %dup/vec4;
    %pushi/vec4 10, 0, 6;
    %cmp/x;
    %jmp/1 T_95.11, 4;
    %dup/vec4;
    %pushi/vec4 14, 0, 6;
    %cmp/x;
    %jmp/1 T_95.12, 4;
    %dup/vec4;
    %pushi/vec4 11, 0, 6;
    %cmp/x;
    %jmp/1 T_95.13, 4;
    %dup/vec4;
    %pushi/vec4 15, 0, 6;
    %cmp/x;
    %jmp/1 T_95.14, 4;
    %dup/vec4;
    %pushi/vec4 16, 0, 6;
    %cmp/x;
    %jmp/1 T_95.15, 4;
    %dup/vec4;
    %pushi/vec4 20, 0, 6;
    %cmp/x;
    %jmp/1 T_95.16, 4;
    %dup/vec4;
    %pushi/vec4 18, 0, 6;
    %cmp/x;
    %jmp/1 T_95.17, 4;
    %dup/vec4;
    %pushi/vec4 22, 0, 6;
    %cmp/x;
    %jmp/1 T_95.18, 4;
    %dup/vec4;
    %pushi/vec4 24, 0, 6;
    %cmp/x;
    %jmp/1 T_95.19, 4;
    %dup/vec4;
    %pushi/vec4 28, 0, 6;
    %cmp/x;
    %jmp/1 T_95.20, 4;
    %pushi/vec4 0, 0, 4;
    %store/vec4 v0x1974950_0, 0, 4;
    %jmp T_95.22;
T_95.0 ;
    %pushi/vec4 8, 0, 4;
    %store/vec4 v0x1974950_0, 0, 4;
    %jmp T_95.22;
T_95.1 ;
    %pushi/vec4 4, 0, 4;
    %store/vec4 v0x1974950_0, 0, 4;
    %jmp T_95.22;
T_95.2 ;
    %pushi/vec4 2, 0, 4;
    %store/vec4 v0x1974950_0, 0, 4;
    %jmp T_95.22;
T_95.3 ;
    %pushi/vec4 1, 0, 4;
    %store/vec4 v0x1974950_0, 0, 4;
    %jmp T_95.22;
T_95.4 ;
    %pushi/vec4 12, 0, 4;
    %store/vec4 v0x1974950_0, 0, 4;
    %jmp T_95.22;
T_95.5 ;
    %pushi/vec4 3, 0, 4;
    %store/vec4 v0x1974950_0, 0, 4;
    %jmp T_95.22;
T_95.6 ;
    %pushi/vec4 15, 0, 4;
    %store/vec4 v0x1974950_0, 0, 4;
    %jmp T_95.22;
T_95.7 ;
    %pushi/vec4 8, 0, 4;
    %store/vec4 v0x1974950_0, 0, 4;
    %jmp T_95.22;
T_95.8 ;
    %pushi/vec4 8, 0, 4;
    %store/vec4 v0x1974950_0, 0, 4;
    %jmp T_95.22;
T_95.9 ;
    %pushi/vec4 4, 0, 4;
    %store/vec4 v0x1974950_0, 0, 4;
    %jmp T_95.22;
T_95.10 ;
    %pushi/vec4 4, 0, 4;
    %store/vec4 v0x1974950_0, 0, 4;
    %jmp T_95.22;
T_95.11 ;
    %pushi/vec4 2, 0, 4;
    %store/vec4 v0x1974950_0, 0, 4;
    %jmp T_95.22;
T_95.12 ;
    %pushi/vec4 2, 0, 4;
    %store/vec4 v0x1974950_0, 0, 4;
    %jmp T_95.22;
T_95.13 ;
    %pushi/vec4 1, 0, 4;
    %store/vec4 v0x1974950_0, 0, 4;
    %jmp T_95.22;
T_95.14 ;
    %pushi/vec4 1, 0, 4;
    %store/vec4 v0x1974950_0, 0, 4;
    %jmp T_95.22;
T_95.15 ;
    %pushi/vec4 12, 0, 4;
    %store/vec4 v0x1974950_0, 0, 4;
    %jmp T_95.22;
T_95.16 ;
    %pushi/vec4 12, 0, 4;
    %store/vec4 v0x1974950_0, 0, 4;
    %jmp T_95.22;
T_95.17 ;
    %pushi/vec4 3, 0, 4;
    %store/vec4 v0x1974950_0, 0, 4;
    %jmp T_95.22;
T_95.18 ;
    %pushi/vec4 3, 0, 4;
    %store/vec4 v0x1974950_0, 0, 4;
    %jmp T_95.22;
T_95.19 ;
    %pushi/vec4 15, 0, 4;
    %store/vec4 v0x1974950_0, 0, 4;
    %jmp T_95.22;
T_95.20 ;
    %pushi/vec4 15, 0, 4;
    %store/vec4 v0x1974950_0, 0, 4;
    %jmp T_95.22;
T_95.22 ;
    %pop/vec4 1;
    %jmp T_95;
    .thread T_95, $push;
    .scope S_0x16f2a10;
T_96 ;
    %wait E_0x1996c00;
    %load/vec4 v0x15dc9a0_0;
    %flag_set/vec4 8;
    %jmp/0xz  T_96.0, 8;
    %pushi/vec4 0, 0, 32;
    %assign/vec4 v0x151e430_0, 1;
    %pushi/vec4 0, 0, 1;
    %assign/vec4 v0x151e4f0_0, 1;
    %jmp T_96.1;
T_96.0 ;
    %load/vec4 v0x15dca40_0;
    %nor/r;
    %flag_set/vec4 8;
    %jmp/0xz  T_96.2, 8;
    %load/vec4 v0x151e320_0;
    %assign/vec4 v0x151e430_0, 1;
    %load/vec4 v0x15dc8d0_0;
    %parti/s 1, 0, 2;
    %assign/vec4 v0x151e4f0_0, 1;
T_96.2 ;
T_96.1 ;
    %jmp T_96;
    .thread T_96;
    .scope S_0x16f2a10;
T_97 ;
    %wait E_0x164cfb0;
    %load/vec4 v0x15dc8d0_0;
    %parti/s 2, 1, 2;
    %dup/vec4;
    %pushi/vec4 0, 0, 2;
    %cmp/u;
    %jmp/1 T_97.0, 6;
    %dup/vec4;
    %pushi/vec4 1, 0, 2;
    %cmp/u;
    %jmp/1 T_97.1, 6;
    %dup/vec4;
    %pushi/vec4 2, 0, 2;
    %cmp/u;
    %jmp/1 T_97.2, 6;
    %dup/vec4;
    %pushi/vec4 3, 0, 2;
    %cmp/u;
    %jmp/1 T_97.3, 6;
    %jmp T_97.4;
T_97.0 ;
    %load/vec4 v0x16f2cc0_0;
    %store/vec4 v0x151e320_0, 0, 32;
    %jmp T_97.4;
T_97.1 ;
    %load/vec4 v0x16f2db0_0;
    %store/vec4 v0x151e320_0, 0, 32;
    %jmp T_97.4;
T_97.2 ;
    %load/vec4 v0x151e190_0;
    %store/vec4 v0x151e320_0, 0, 32;
    %jmp T_97.4;
T_97.3 ;
    %load/vec4 v0x151e230_0;
    %addi 8, 0, 32;
    %store/vec4 v0x151e320_0, 0, 32;
    %jmp T_97.4;
T_97.4 ;
    %pop/vec4 1;
    %jmp T_97;
    .thread T_97, $push;
    .scope S_0x177b4b0;
T_98 ;
    %wait E_0x1996c00;
    %load/vec4 v0x198bc20_0;
    %flag_set/vec4 8;
    %jmp/0xz  T_98.0, 8;
    %pushi/vec4 0, 0, 1;
    %assign/vec4 v0x18b58f0_0, 1;
    %jmp T_98.1;
T_98.0 ;
    %load/vec4 v0x18128a0_0;
    %load/vec4 v0x1812940_0;
    %or;
    %flag_set/vec4 8;
    %jmp/0xz  T_98.2, 8;
    %load/vec4 v0x18b5850_0;
    %assign/vec4 v0x18b58f0_0, 1;
    %jmp T_98.3;
T_98.2 ;
    %load/vec4 v0x18b5850_0;
    %nor/r;
    %flag_set/vec4 8;
    %jmp/0xz  T_98.4, 8;
    %pushi/vec4 0, 0, 1;
    %assign/vec4 v0x18b58f0_0, 1;
T_98.4 ;
T_98.3 ;
T_98.1 ;
    %jmp T_98;
    .thread T_98;
    .scope S_0x177b4b0;
T_99 ;
    %wait E_0x1996c00;
    %load/vec4 v0x198bc20_0;
    %flag_set/vec4 8;
    %jmp/0xz  T_99.0, 8;
    %pushi/vec4 0, 0, 2;
    %assign/vec4 v0x19b2a20_0, 1;
    %jmp T_99.1;
T_99.0 ;
    %load/vec4 v0x19b2a20_0;
    %or/r;
    %flag_set/vec4 8;
    %jmp/0xz  T_99.2, 8;
    %load/vec4 v0x19b2a20_0;
    %subi 1, 0, 2;
    %assign/vec4 v0x19b2a20_0, 1;
    %jmp T_99.3;
T_99.2 ;
    %load/vec4 v0x19b2980_0;
    %or/r;
    %load/vec4 v0x1869180_0;
    %nor/r;
    %and;
    %flag_set/vec4 8;
    %jmp/0xz  T_99.4, 8;
    %load/vec4 v0x19b2980_0;
    %assign/vec4 v0x19b2a20_0, 1;
T_99.4 ;
T_99.3 ;
T_99.1 ;
    %jmp T_99;
    .thread T_99;
    .scope S_0x1850a00;
T_100 ;
    %wait E_0x1996c00;
    %load/vec4 v0x1872030_0;
    %flag_set/vec4 8;
    %jmp/0xz  T_100.0, 8;
    %pushi/vec4 0, 0, 32;
    %assign/vec4 v0x1855e60_0, 1;
    %pushi/vec4 0, 0, 3;
    %assign/vec4 v0x1856160_0, 1;
    %jmp T_100.1;
T_100.0 ;
    %load/vec4 v0x190d6d0_0;
    %flag_set/vec4 8;
    %jmp/0xz  T_100.2, 8;
    %pushi/vec4 0, 0, 32;
    %assign/vec4 v0x1855e60_0, 1;
    %pushi/vec4 0, 0, 3;
    %assign/vec4 v0x1856160_0, 1;
    %jmp T_100.3;
T_100.2 ;
    %load/vec4 v0x1856240_0;
    %nor/r;
    %flag_set/vec4 8;
    %jmp/0xz  T_100.4, 8;
    %load/vec4 v0x1855f00_0;
    %assign/vec4 v0x1855e60_0, 1;
    %load/vec4 v0x1859c90_0;
    %load/vec4 v0x18d05e0_0;
    %concat/vec4; draw_concat_vec4
    %load/vec4 v0x1859f60_0;
    %concat/vec4; draw_concat_vec4
    %assign/vec4 v0x1856160_0, 1;
T_100.4 ;
T_100.3 ;
T_100.1 ;
    %jmp T_100;
    .thread T_100;
    .scope S_0x1850a00;
T_101 ;
    %wait E_0x1996c00;
    %load/vec4 v0x1872030_0;
    %flag_set/vec4 8;
    %jmp/0xz  T_101.0, 8;
    %pushi/vec4 0, 0, 3;
    %assign/vec4 v0x17c8e10_0, 1;
    %jmp T_101.1;
T_101.0 ;
    %load/vec4 v0x182d7d0_0;
    %parti/s 1, 2, 3;
    %nor/r;
    %flag_set/vec4 8;
    %jmp/0xz  T_101.2, 8;
    %pushi/vec4 0, 0, 3;
    %assign/vec4 v0x17c8e10_0, 1;
    %jmp T_101.3;
T_101.2 ;
    %load/vec4 v0x17c8e10_0;
    %parti/s 2, 0, 2;
    %concati/vec4 1, 0, 1;
    %assign/vec4 v0x17c8e10_0, 1;
T_101.3 ;
T_101.1 ;
    %jmp T_101;
    .thread T_101;
    .scope S_0x1850a00;
T_102 ;
    %wait E_0x1996c00;
    %load/vec4 v0x1872030_0;
    %flag_set/vec4 8;
    %jmp/0xz  T_102.0, 8;
    %pushi/vec4 0, 0, 3;
    %assign/vec4 v0x17c8ef0_0, 1;
    %jmp T_102.1;
T_102.0 ;
    %load/vec4 v0x182d7d0_0;
    %parti/s 1, 1, 2;
    %nor/r;
    %flag_set/vec4 8;
    %jmp/0xz  T_102.2, 8;
    %pushi/vec4 0, 0, 3;
    %assign/vec4 v0x17c8ef0_0, 1;
    %jmp T_102.3;
T_102.2 ;
    %load/vec4 v0x17c8ef0_0;
    %parti/s 2, 0, 2;
    %concati/vec4 1, 0, 1;
    %assign/vec4 v0x17c8ef0_0, 1;
T_102.3 ;
T_102.1 ;
    %jmp T_102;
    .thread T_102;
    .scope S_0x1850a00;
T_103 ;
    %wait E_0x1996c00;
    %load/vec4 v0x1872030_0;
    %flag_set/vec4 8;
    %jmp/0xz  T_103.0, 8;
    %pushi/vec4 0, 0, 1;
    %assign/vec4 v0x18da750_0, 1;
    %pushi/vec4 0, 0, 32;
    %assign/vec4 v0x18d94b0_0, 1;
    %pushi/vec4 0, 0, 3;
    %assign/vec4 v0x18d9920_0, 1;
    %pushi/vec4 0, 0, 1;
    %assign/vec4 v0x17c9360_0, 1;
    %pushi/vec4 0, 0, 1;
    %assign/vec4 v0x17c9420_0, 1;
    %jmp T_103.1;
T_103.0 ;
    %load/vec4 v0x190d6d0_0;
    %flag_set/vec4 8;
    %jmp/0xz  T_103.2, 8;
    %pushi/vec4 0, 0, 1;
    %assign/vec4 v0x18da750_0, 1;
    %pushi/vec4 0, 0, 32;
    %assign/vec4 v0x18d94b0_0, 1;
    %pushi/vec4 0, 0, 3;
    %assign/vec4 v0x18d9920_0, 1;
    %pushi/vec4 0, 0, 1;
    %assign/vec4 v0x17c9360_0, 1;
    %pushi/vec4 0, 0, 1;
    %assign/vec4 v0x17c9420_0, 1;
    %jmp T_103.3;
T_103.2 ;
    %load/vec4 v0x18d9a00_0;
    %nor/r;
    %load/vec4 v0x1856240_0;
    %and;
    %flag_set/vec4 8;
    %jmp/0xz  T_103.4, 8;
    %pushi/vec4 0, 0, 1;
    %assign/vec4 v0x18da750_0, 1;
    %load/vec4 v0x1855e60_0;
    %assign/vec4 v0x18d94b0_0, 1;
    %pushi/vec4 0, 0, 3;
    %assign/vec4 v0x18d9920_0, 1;
    %load/vec4 v0x18da750_0;
    %assign/vec4 v0x17c9360_0, 1;
    %load/vec4 v0x17c9360_0;
    %assign/vec4 v0x17c9420_0, 1;
    %jmp T_103.5;
T_103.4 ;
    %load/vec4 v0x18d9a00_0;
    %nor/r;
    %flag_set/vec4 8;
    %jmp/0xz  T_103.6, 8;
    %load/vec4 v0x17c9cd0_0;
    %assign/vec4 v0x18da750_0, 1;
    %load/vec4 v0x1855e60_0;
    %assign/vec4 v0x18d94b0_0, 1;
    %load/vec4 v0x1856160_0;
    %assign/vec4 v0x18d9920_0, 1;
    %load/vec4 v0x18da750_0;
    %assign/vec4 v0x17c9360_0, 1;
    %load/vec4 v0x17c9360_0;
    %assign/vec4 v0x17c9420_0, 1;
T_103.6 ;
T_103.5 ;
T_103.3 ;
T_103.1 ;
    %jmp T_103;
    .thread T_103;
    .scope S_0x1850a00;
T_104 ;
    %wait E_0x1996c00;
    %load/vec4 v0x1872030_0;
    %flag_set/vec4 8;
    %jmp/0xz  T_104.0, 8;
    %pushi/vec4 0, 0, 32;
    %assign/vec4 v0x19ac350_0, 1;
    %jmp T_104.1;
T_104.0 ;
    %load/vec4 v0x19ac280_0;
    %nor/r;
    %flag_set/vec4 8;
    %jmp/0xz  T_104.2, 8;
    %load/vec4 v0x18d94b0_0;
    %assign/vec4 v0x19ac350_0, 1;
T_104.2 ;
T_104.1 ;
    %jmp T_104;
    .thread T_104;
    .scope S_0x1850a00;
T_105 ;
    %wait E_0x1996c00;
    %load/vec4 v0x1872030_0;
    %flag_set/vec4 8;
    %jmp/0xz  T_105.0, 8;
    %pushi/vec4 0, 0, 3;
    %assign/vec4 v0x182cd40_0, 1;
    %pushi/vec4 0, 0, 4;
    %assign/vec4 v0x18a1430_0, 1;
    %pushi/vec4 0, 0, 1;
    %assign/vec4 v0x18c9db0_0, 1;
    %pushi/vec4 0, 0, 32;
    %assign/vec4 v0x198ed40_0, 1;
    %pushi/vec4 0, 0, 32;
    %assign/vec4 v0x1997e20_0, 1;
    %pushi/vec4 32769, 0, 16;
    %assign/vec4 v0x1963100_0, 1;
    %pushi/vec4 0, 0, 1;
    %assign/vec4 v0x18c9e50_0, 1;
    %jmp T_105.1;
T_105.0 ;
    %load/vec4 v0x182cd40_0;
    %dup/vec4;
    %pushi/vec4 0, 0, 3;
    %cmp/u;
    %jmp/1 T_105.2, 6;
    %dup/vec4;
    %pushi/vec4 1, 0, 3;
    %cmp/u;
    %jmp/1 T_105.3, 6;
    %dup/vec4;
    %pushi/vec4 2, 0, 3;
    %cmp/u;
    %jmp/1 T_105.4, 6;
    %dup/vec4;
    %pushi/vec4 3, 0, 3;
    %cmp/u;
    %jmp/1 T_105.5, 6;
    %dup/vec4;
    %pushi/vec4 4, 0, 3;
    %cmp/u;
    %jmp/1 T_105.6, 6;
    %load/vec4 v0x191b1b0_0;
    %nor/r;
    %flag_set/vec4 9;
    %flag_get/vec4 9;
    %jmp/0 T_105.11, 9;
    %load/vec4 v0x1856240_0;
    %nor/r;
    %and;
T_105.11;
    %flag_set/vec4 8;
    %jmp/0xz  T_105.9, 8;
    %pushi/vec4 0, 0, 3;
    %assign/vec4 v0x182cd40_0, 1;
    %pushi/vec4 0, 0, 4;
    %assign/vec4 v0x18a1430_0, 1;
    %pushi/vec4 0, 0, 1;
    %assign/vec4 v0x18c9e50_0, 1;
T_105.9 ;
    %jmp T_105.8;
T_105.2 ;
    %load/vec4 v0x18a3150_0;
    %flag_set/vec4 8;
    %jmp/0xz  T_105.12, 8;
    %pushi/vec4 1, 0, 3;
    %assign/vec4 v0x182cd40_0, 1;
    %pushi/vec4 1, 0, 1;
    %assign/vec4 v0x18c9db0_0, 1;
    %load/vec4 v0x182cca0_0;
    %flag_set/vec4 8;
    %jmp/0 T_105.14, 8;
    %load/vec4 v0x1767bf0_0;
    %jmp/1 T_105.15, 8;
T_105.14 ; End of true expr.
    %load/vec4 v0x182d7d0_0;
    %jmp/0 T_105.15, 8;
 ; End of false expr.
    %blend;
T_105.15;
    %assign/vec4 v0x1963100_0, 1;
    %load/vec4 v0x18a1350_0;
    %dup/vec4;
    %pushi/vec4 8191, 4095, 13;
    %cmp/x;
    %jmp/1 T_105.16, 4;
    %dup/vec4;
    %pushi/vec4 4095, 2047, 13;
    %cmp/x;
    %jmp/1 T_105.17, 4;
    %dup/vec4;
    %pushi/vec4 2047, 1023, 13;
    %cmp/x;
    %jmp/1 T_105.18, 4;
    %dup/vec4;
    %pushi/vec4 1023, 511, 13;
    %cmp/x;
    %jmp/1 T_105.19, 4;
    %dup/vec4;
    %pushi/vec4 511, 255, 13;
    %cmp/x;
    %jmp/1 T_105.20, 4;
    %dup/vec4;
    %pushi/vec4 255, 127, 13;
    %cmp/x;
    %jmp/1 T_105.21, 4;
    %dup/vec4;
    %pushi/vec4 127, 63, 13;
    %cmp/x;
    %jmp/1 T_105.22, 4;
    %dup/vec4;
    %pushi/vec4 63, 31, 13;
    %cmp/x;
    %jmp/1 T_105.23, 4;
    %dup/vec4;
    %pushi/vec4 31, 15, 13;
    %cmp/x;
    %jmp/1 T_105.24, 4;
    %dup/vec4;
    %pushi/vec4 15, 7, 13;
    %cmp/x;
    %jmp/1 T_105.25, 4;
    %dup/vec4;
    %pushi/vec4 7, 3, 13;
    %cmp/x;
    %jmp/1 T_105.26, 4;
    %dup/vec4;
    %pushi/vec4 3, 1, 13;
    %cmp/x;
    %jmp/1 T_105.27, 4;
    %dup/vec4;
    %pushi/vec4 1, 0, 13;
    %cmp/x;
    %jmp/1 T_105.28, 4;
    %pushi/vec4 0, 0, 4;
    %assign/vec4 v0x18a1430_0, 1;
    %jmp T_105.30;
T_105.16 ;
    %pushi/vec4 5, 0, 4;
    %assign/vec4 v0x18a1430_0, 1;
    %load/vec4 v0x18da750_0;
    %flag_set/vec4 8;
    %jmp/0 T_105.31, 8;
    %load/vec4 v0x19ac350_0;
    %jmp/1 T_105.32, 8;
T_105.31 ; End of true expr.
    %load/vec4 v0x17c9360_0;
    %flag_set/vec4 9;
    %jmp/0 T_105.33, 9;
    %load/vec4 v0x1855e60_0;
    %jmp/1 T_105.34, 9;
T_105.33 ; End of true expr.
    %load/vec4 v0x17c9420_0;
    %flag_set/vec4 10;
    %jmp/0 T_105.35, 10;
    %load/vec4 v0x1855e60_0;
    %jmp/1 T_105.36, 10;
T_105.35 ; End of true expr.
    %load/vec4 v0x1855e60_0;
    %jmp/0 T_105.36, 10;
 ; End of false expr.
    %blend;
T_105.36;
    %jmp/0 T_105.34, 9;
 ; End of false expr.
    %blend;
T_105.34;
    %jmp/0 T_105.32, 8;
 ; End of false expr.
    %blend;
T_105.32;
    %assign/vec4 v0x198ed40_0, 1;
    %jmp T_105.30;
T_105.17 ;
    %pushi/vec4 8, 0, 4;
    %assign/vec4 v0x18a1430_0, 1;
    %load/vec4 v0x18da750_0;
    %flag_set/vec4 8;
    %jmp/0 T_105.37, 8;
    %load/vec4 v0x19ac350_0;
    %jmp/1 T_105.38, 8;
T_105.37 ; End of true expr.
    %load/vec4 v0x17c9360_0;
    %flag_set/vec4 9;
    %jmp/0 T_105.39, 9;
    %load/vec4 v0x1855e60_0;
    %jmp/1 T_105.40, 9;
T_105.39 ; End of true expr.
    %load/vec4 v0x17c9420_0;
    %flag_set/vec4 10;
    %jmp/0 T_105.41, 10;
    %load/vec4 v0x1855e60_0;
    %jmp/1 T_105.42, 10;
T_105.41 ; End of true expr.
    %load/vec4 v0x1855e60_0;
    %jmp/0 T_105.42, 10;
 ; End of false expr.
    %blend;
T_105.42;
    %jmp/0 T_105.40, 9;
 ; End of false expr.
    %blend;
T_105.40;
    %jmp/0 T_105.38, 8;
 ; End of false expr.
    %blend;
T_105.38;
    %assign/vec4 v0x198ed40_0, 1;
    %jmp T_105.30;
T_105.18 ;
    %pushi/vec4 10, 0, 4;
    %assign/vec4 v0x18a1430_0, 1;
    %load/vec4 v0x18da750_0;
    %flag_set/vec4 8;
    %jmp/0 T_105.43, 8;
    %load/vec4 v0x18d94b0_0;
    %jmp/1 T_105.44, 8;
T_105.43 ; End of true expr.
    %load/vec4 v0x18d94b0_0;
    %jmp/0 T_105.44, 8;
 ; End of false expr.
    %blend;
T_105.44;
    %assign/vec4 v0x1997e20_0, 1;
    %load/vec4 v0x18da750_0;
    %flag_set/vec4 8;
    %jmp/0 T_105.45, 8;
    %load/vec4 v0x19ac350_0;
    %jmp/1 T_105.46, 8;
T_105.45 ; End of true expr.
    %load/vec4 v0x18d94b0_0;
    %jmp/0 T_105.46, 8;
 ; End of false expr.
    %blend;
T_105.46;
    %assign/vec4 v0x198ed40_0, 1;
    %jmp T_105.30;
T_105.19 ;
    %pushi/vec4 4, 0, 4;
    %assign/vec4 v0x18a1430_0, 1;
    %load/vec4 v0x18da750_0;
    %flag_set/vec4 8;
    %jmp/0 T_105.47, 8;
    %load/vec4 v0x18d94b0_0;
    %jmp/1 T_105.48, 8;
T_105.47 ; End of true expr.
    %load/vec4 v0x17c9360_0;
    %flag_set/vec4 9;
    %jmp/0 T_105.49, 9;
    %load/vec4 v0x1855e60_0;
    %jmp/1 T_105.50, 9;
T_105.49 ; End of true expr.
    %load/vec4 v0x17c9420_0;
    %flag_set/vec4 10;
    %jmp/0 T_105.51, 10;
    %load/vec4 v0x1855e60_0;
    %jmp/1 T_105.52, 10;
T_105.51 ; End of true expr.
    %load/vec4 v0x1855e60_0;
    %jmp/0 T_105.52, 10;
 ; End of false expr.
    %blend;
T_105.52;
    %jmp/0 T_105.50, 9;
 ; End of false expr.
    %blend;
T_105.50;
    %jmp/0 T_105.48, 8;
 ; End of false expr.
    %blend;
T_105.48;
    %assign/vec4 v0x1997e20_0, 1;
    %load/vec4 v0x18da750_0;
    %flag_set/vec4 8;
    %jmp/0 T_105.53, 8;
    %load/vec4 v0x19ac350_0;
    %jmp/1 T_105.54, 8;
T_105.53 ; End of true expr.
    %load/vec4 v0x17c9360_0;
    %flag_set/vec4 9;
    %jmp/0 T_105.55, 9;
    %load/vec4 v0x1855e60_0;
    %jmp/1 T_105.56, 9;
T_105.55 ; End of true expr.
    %load/vec4 v0x17c9420_0;
    %flag_set/vec4 10;
    %jmp/0 T_105.57, 10;
    %load/vec4 v0x1855e60_0;
    %jmp/1 T_105.58, 10;
T_105.57 ; End of true expr.
    %load/vec4 v0x1855e60_0;
    %jmp/0 T_105.58, 10;
 ; End of false expr.
    %blend;
T_105.58;
    %jmp/0 T_105.56, 9;
 ; End of false expr.
    %blend;
T_105.56;
    %jmp/0 T_105.54, 8;
 ; End of false expr.
    %blend;
T_105.54;
    %assign/vec4 v0x198ed40_0, 1;
    %jmp T_105.30;
T_105.20 ;
    %pushi/vec4 2, 0, 4;
    %assign/vec4 v0x18a1430_0, 1;
    %load/vec4 v0x18da750_0;
    %flag_set/vec4 8;
    %jmp/0 T_105.59, 8;
    %load/vec4 v0x19ac350_0;
    %jmp/1 T_105.60, 8;
T_105.59 ; End of true expr.
    %load/vec4 v0x18d94b0_0;
    %jmp/0 T_105.60, 8;
 ; End of false expr.
    %blend;
T_105.60;
    %assign/vec4 v0x1997e20_0, 1;
    %load/vec4 v0x18da750_0;
    %flag_set/vec4 8;
    %jmp/0 T_105.61, 8;
    %load/vec4 v0x19ac350_0;
    %jmp/1 T_105.62, 8;
T_105.61 ; End of true expr.
    %load/vec4 v0x18d94b0_0;
    %jmp/0 T_105.62, 8;
 ; End of false expr.
    %blend;
T_105.62;
    %assign/vec4 v0x198ed40_0, 1;
    %jmp T_105.30;
T_105.21 ;
    %pushi/vec4 7, 0, 4;
    %assign/vec4 v0x18a1430_0, 1;
    %load/vec4 v0x18d94b0_0;
    %assign/vec4 v0x1997e20_0, 1;
    %load/vec4 v0x18da750_0;
    %flag_set/vec4 8;
    %jmp/0 T_105.63, 8;
    %load/vec4 v0x19ac350_0;
    %jmp/1 T_105.64, 8;
T_105.63 ; End of true expr.
    %load/vec4 v0x18d94b0_0;
    %jmp/0 T_105.64, 8;
 ; End of false expr.
    %blend;
T_105.64;
    %assign/vec4 v0x198ed40_0, 1;
    %jmp T_105.30;
T_105.22 ;
    %pushi/vec4 6, 0, 4;
    %assign/vec4 v0x18a1430_0, 1;
    %load/vec4 v0x1869f30_0;
    %assign/vec4 v0x1997e20_0, 1;
    %load/vec4 v0x18da750_0;
    %flag_set/vec4 8;
    %jmp/0 T_105.65, 8;
    %load/vec4 v0x19ac350_0;
    %jmp/1 T_105.66, 8;
T_105.65 ; End of true expr.
    %load/vec4 v0x18d94b0_0;
    %jmp/0 T_105.66, 8;
 ; End of false expr.
    %blend;
T_105.66;
    %assign/vec4 v0x198ed40_0, 1;
    %jmp T_105.30;
T_105.23 ;
    %pushi/vec4 9, 0, 4;
    %assign/vec4 v0x18a1430_0, 1;
    %load/vec4 v0x1869f30_0;
    %assign/vec4 v0x1997e20_0, 1;
    %load/vec4 v0x18da750_0;
    %flag_set/vec4 8;
    %jmp/0 T_105.67, 8;
    %load/vec4 v0x19ac350_0;
    %jmp/1 T_105.68, 8;
T_105.67 ; End of true expr.
    %load/vec4 v0x18d94b0_0;
    %jmp/0 T_105.68, 8;
 ; End of false expr.
    %blend;
T_105.68;
    %assign/vec4 v0x198ed40_0, 1;
    %jmp T_105.30;
T_105.24 ;
    %pushi/vec4 3, 0, 4;
    %assign/vec4 v0x18a1430_0, 1;
    %load/vec4 v0x1869f30_0;
    %assign/vec4 v0x1997e20_0, 1;
    %load/vec4 v0x18da750_0;
    %flag_set/vec4 8;
    %jmp/0 T_105.69, 8;
    %load/vec4 v0x19ac350_0;
    %jmp/1 T_105.70, 8;
T_105.69 ; End of true expr.
    %load/vec4 v0x18d94b0_0;
    %jmp/0 T_105.70, 8;
 ; End of false expr.
    %blend;
T_105.70;
    %assign/vec4 v0x198ed40_0, 1;
    %jmp T_105.30;
T_105.25 ;
    %pushi/vec4 2, 0, 4;
    %assign/vec4 v0x18a1430_0, 1;
    %load/vec4 v0x1869f30_0;
    %assign/vec4 v0x1997e20_0, 1;
    %load/vec4 v0x18da750_0;
    %flag_set/vec4 8;
    %jmp/0 T_105.71, 8;
    %load/vec4 v0x19ac350_0;
    %jmp/1 T_105.72, 8;
T_105.71 ; End of true expr.
    %load/vec4 v0x18d94b0_0;
    %jmp/0 T_105.72, 8;
 ; End of false expr.
    %blend;
T_105.72;
    %assign/vec4 v0x198ed40_0, 1;
    %jmp T_105.30;
T_105.26 ;
    %pushi/vec4 11, 0, 4;
    %assign/vec4 v0x18a1430_0, 1;
    %load/vec4 v0x18da750_0;
    %flag_set/vec4 8;
    %jmp/0 T_105.73, 8;
    %load/vec4 v0x19ac350_0;
    %jmp/1 T_105.74, 8;
T_105.73 ; End of true expr.
    %load/vec4 v0x17c9360_0;
    %flag_set/vec4 9;
    %jmp/0 T_105.75, 9;
    %load/vec4 v0x1855e60_0;
    %jmp/1 T_105.76, 9;
T_105.75 ; End of true expr.
    %load/vec4 v0x17c9420_0;
    %flag_set/vec4 10;
    %jmp/0 T_105.77, 10;
    %load/vec4 v0x1855e60_0;
    %jmp/1 T_105.78, 10;
T_105.77 ; End of true expr.
    %load/vec4 v0x1855e60_0;
    %jmp/0 T_105.78, 10;
 ; End of false expr.
    %blend;
T_105.78;
    %jmp/0 T_105.76, 9;
 ; End of false expr.
    %blend;
T_105.76;
    %jmp/0 T_105.74, 8;
 ; End of false expr.
    %blend;
T_105.74;
    %assign/vec4 v0x198ed40_0, 1;
    %jmp T_105.30;
T_105.27 ;
    %pushi/vec4 14, 0, 4;
    %assign/vec4 v0x18a1430_0, 1;
    %load/vec4 v0x18da750_0;
    %flag_set/vec4 8;
    %jmp/0 T_105.79, 8;
    %load/vec4 v0x19ac350_0;
    %jmp/1 T_105.80, 8;
T_105.79 ; End of true expr.
    %load/vec4 v0x18d94b0_0;
    %jmp/0 T_105.80, 8;
 ; End of false expr.
    %blend;
T_105.80;
    %assign/vec4 v0x198ed40_0, 1;
    %jmp T_105.30;
T_105.28 ;
    %pushi/vec4 12, 0, 4;
    %assign/vec4 v0x18a1430_0, 1;
    %load/vec4 v0x18da750_0;
    %flag_set/vec4 8;
    %jmp/0 T_105.81, 8;
    %load/vec4 v0x19ac350_0;
    %jmp/1 T_105.82, 8;
T_105.81 ; End of true expr.
    %load/vec4 v0x17c9360_0;
    %flag_set/vec4 9;
    %jmp/0 T_105.83, 9;
    %load/vec4 v0x1855e60_0;
    %jmp/1 T_105.84, 9;
T_105.83 ; End of true expr.
    %load/vec4 v0x17c9420_0;
    %flag_set/vec4 10;
    %jmp/0 T_105.85, 10;
    %load/vec4 v0x1855e60_0;
    %jmp/1 T_105.86, 10;
T_105.85 ; End of true expr.
    %load/vec4 v0x1855e60_0;
    %jmp/0 T_105.86, 10;
 ; End of false expr.
    %blend;
T_105.86;
    %jmp/0 T_105.84, 9;
 ; End of false expr.
    %blend;
T_105.84;
    %jmp/0 T_105.82, 8;
 ; End of false expr.
    %blend;
T_105.82;
    %assign/vec4 v0x198ed40_0, 1;
    %jmp T_105.30;
T_105.30 ;
    %pop/vec4 1;
    %jmp T_105.13;
T_105.12 ;
    %load/vec4 v0x1871f90_0;
    %flag_set/vec4 8;
    %jmp/0xz  T_105.87, 8;
    %pushi/vec4 1, 0, 3;
    %assign/vec4 v0x182cd40_0, 1;
    %pushi/vec4 1, 0, 1;
    %assign/vec4 v0x18c9db0_0, 1;
    %jmp T_105.88;
T_105.87 ;
    %load/vec4 v0x1963040_0;
    %flag_set/vec4 8;
    %jmp/0xz  T_105.89, 8;
    %load/vec4 v0x17c9b00_0;
    %assign/vec4 v0x198ed40_0, 1;
T_105.89 ;
    %load/vec4 v0x198eca0_0;
    %flag_set/vec4 8;
    %jmp/0xz  T_105.91, 8;
    %load/vec4 v0x17c9b00_0;
    %assign/vec4 v0x1997e20_0, 1;
T_105.91 ;
    %load/vec4 v0x18da690_0;
    %flag_set/vec4 8;
    %jmp/0xz  T_105.93, 8;
    %pushi/vec4 1, 0, 1;
    %load/vec4 v0x17c9b00_0;
    %parti/s 15, 0, 2;
    %concat/vec4; draw_concat_vec4
    %assign/vec4 v0x1963100_0, 1;
T_105.93 ;
T_105.88 ;
T_105.13 ;
    %jmp T_105.8;
T_105.3 ;
    %load/vec4 v0x1905a80_0;
    %load/vec4 v0x1905b40_0;
    %or;
    %load/vec4 v0x190d770_0;
    %or;
    %flag_set/vec4 8;
    %jmp/0xz  T_105.95, 8;
    %pushi/vec4 2, 0, 3;
    %assign/vec4 v0x182cd40_0, 1;
T_105.95 ;
    %jmp T_105.8;
T_105.4 ;
    %load/vec4 v0x18a1430_0;
    %cmpi/e 14, 0, 4;
    %jmp/0xz  T_105.97, 4;
    %pushi/vec4 0, 0, 3;
    %assign/vec4 v0x182cd40_0, 1;
    %pushi/vec4 0, 0, 1;
    %assign/vec4 v0x18c9db0_0, 1;
    %pushi/vec4 0, 0, 1;
    %assign/vec4 v0x18c9e50_0, 1;
    %pushi/vec4 0, 0, 4;
    %assign/vec4 v0x18a1430_0, 1;
    %jmp T_105.98;
T_105.97 ;
    %pushi/vec4 3, 0, 3;
    %assign/vec4 v0x182cd40_0, 1;
T_105.98 ;
    %jmp T_105.8;
T_105.5 ;
    %pushi/vec4 4, 0, 3;
    %assign/vec4 v0x182cd40_0, 1;
    %jmp T_105.8;
T_105.6 ;
    %pushi/vec4 5, 0, 3;
    %assign/vec4 v0x182cd40_0, 1;
    %pushi/vec4 0, 0, 1;
    %assign/vec4 v0x18c9db0_0, 1;
    %pushi/vec4 0, 0, 1;
    %assign/vec4 v0x18c9e50_0, 1;
    %jmp T_105.8;
T_105.8 ;
    %pop/vec4 1;
T_105.1 ;
    %jmp T_105;
    .thread T_105;
    .scope S_0x18355a0;
T_106 ;
    %wait E_0x19902f0;
    %load/vec4 v0x198c180_0;
    %parti/s 28, 4, 4;
    %nor/r;
    %flag_set/vec4 8;
    %jmp/0xz  T_106.0, 8;
    %load/vec4 v0x198c180_0;
    %parti/s 4, 0, 2;
    %dup/vec4;
    %pushi/vec4 0, 0, 4;
    %cmp/u;
    %jmp/1 T_106.2, 6;
    %dup/vec4;
    %pushi/vec4 1, 0, 4;
    %cmp/u;
    %jmp/1 T_106.3, 6;
    %dup/vec4;
    %pushi/vec4 2, 0, 4;
    %cmp/u;
    %jmp/1 T_106.4, 6;
    %dup/vec4;
    %pushi/vec4 3, 0, 4;
    %cmp/u;
    %jmp/1 T_106.5, 6;
    %dup/vec4;
    %pushi/vec4 4, 0, 4;
    %cmp/u;
    %jmp/1 T_106.6, 6;
    %dup/vec4;
    %pushi/vec4 5, 0, 4;
    %cmp/u;
    %jmp/1 T_106.7, 6;
    %dup/vec4;
    %pushi/vec4 6, 0, 4;
    %cmp/u;
    %jmp/1 T_106.8, 6;
    %dup/vec4;
    %pushi/vec4 7, 0, 4;
    %cmp/u;
    %jmp/1 T_106.9, 6;
    %pushi/vec4 0, 0, 32;
    %store/vec4 v0x198c480_0, 0, 32;
    %jmp T_106.11;
T_106.2 ;
    %pushi/vec4 1, 0, 6;
    %ix/load 4, 0, 0;
    %flag_set/imm 4, 0;
    %store/vec4 v0x198c480_0, 4, 6;
    %pushi/vec4 0, 0, 10;
    %ix/load 4, 6, 0;
    %flag_set/imm 4, 0;
    %store/vec4 v0x198c480_0, 4, 10;
    %pushi/vec4 0, 0, 8;
    %ix/load 4, 16, 0;
    %flag_set/imm 4, 0;
    %store/vec4 v0x198c480_0, 4, 8;
    %pushi/vec4 18, 0, 8;
    %ix/load 4, 24, 0;
    %flag_set/imm 4, 0;
    %store/vec4 v0x198c480_0, 4, 8;
    %jmp T_106.11;
T_106.3 ;
    %pushi/vec4 1, 0, 1;
    %ix/load 4, 0, 0;
    %flag_set/imm 4, 0;
    %store/vec4 v0x198c480_0, 4, 1;
    %pushi/vec4 0, 0, 1;
    %ix/load 4, 1, 0;
    %flag_set/imm 4, 0;
    %store/vec4 v0x198c480_0, 4, 1;
    %pushi/vec4 0, 0, 1;
    %ix/load 4, 2, 0;
    %flag_set/imm 4, 0;
    %store/vec4 v0x198c480_0, 4, 1;
    %pushi/vec4 0, 0, 1;
    %ix/load 4, 3, 0;
    %flag_set/imm 4, 0;
    %store/vec4 v0x198c480_0, 4, 1;
    %pushi/vec4 0, 0, 1;
    %ix/load 4, 4, 0;
    %flag_set/imm 4, 0;
    %store/vec4 v0x198c480_0, 4, 1;
    %pushi/vec4 1, 0, 1;
    %ix/load 4, 5, 0;
    %flag_set/imm 4, 0;
    %store/vec4 v0x198c480_0, 4, 1;
    %pushi/vec4 1, 0, 1;
    %ix/load 4, 6, 0;
    %flag_set/imm 4, 0;
    %store/vec4 v0x198c480_0, 4, 1;
    %pushi/vec4 0, 0, 1;
    %ix/load 4, 7, 0;
    %flag_set/imm 4, 0;
    %store/vec4 v0x198c480_0, 4, 1;
    %pushi/vec4 1, 0, 1;
    %ix/load 4, 8, 0;
    %flag_set/imm 4, 0;
    %store/vec4 v0x198c480_0, 4, 1;
    %pushi/vec4 1, 0, 1;
    %ix/load 4, 9, 0;
    %flag_set/imm 4, 0;
    %store/vec4 v0x198c480_0, 4, 1;
    %pushi/vec4 1, 0, 1;
    %ix/load 4, 10, 0;
    %flag_set/imm 4, 0;
    %store/vec4 v0x198c480_0, 4, 1;
    %pushi/vec4 0, 0, 13;
    %ix/load 4, 11, 0;
    %flag_set/imm 4, 0;
    %store/vec4 v0x198c480_0, 4, 13;
    %pushi/vec4 0, 0, 8;
    %ix/load 4, 24, 0;
    %flag_set/imm 4, 0;
    %store/vec4 v0x198c480_0, 4, 8;
    %jmp T_106.11;
T_106.4 ;
    %pushi/vec4 0, 0, 4;
    %ix/load 4, 0, 0;
    %flag_set/imm 4, 0;
    %store/vec4 v0x198c480_0, 4, 4;
    %pushi/vec4 0, 0, 1;
    %ix/load 4, 4, 0;
    %flag_set/imm 4, 0;
    %store/vec4 v0x198c480_0, 4, 1;
    %pushi/vec4 1, 0, 1;
    %ix/load 4, 5, 0;
    %flag_set/imm 4, 0;
    %store/vec4 v0x198c480_0, 4, 1;
    %pushi/vec4 0, 0, 1;
    %ix/load 4, 6, 0;
    %flag_set/imm 4, 0;
    %store/vec4 v0x198c480_0, 4, 1;
    %pushi/vec4 0, 0, 1;
    %ix/load 4, 7, 0;
    %flag_set/imm 4, 0;
    %store/vec4 v0x198c480_0, 4, 1;
    %pushi/vec4 0, 0, 1;
    %ix/load 4, 8, 0;
    %flag_set/imm 4, 0;
    %store/vec4 v0x198c480_0, 4, 1;
    %pushi/vec4 0, 0, 1;
    %ix/load 4, 9, 0;
    %flag_set/imm 4, 0;
    %store/vec4 v0x198c480_0, 4, 1;
    %pushi/vec4 0, 0, 22;
    %ix/load 4, 10, 0;
    %flag_set/imm 4, 0;
    %store/vec4 v0x198c480_0, 4, 22;
    %jmp T_106.11;
T_106.5 ;
    %pushi/vec4 0, 0, 2;
    %ix/load 4, 0, 0;
    %flag_set/imm 4, 0;
    %store/vec4 v0x198c480_0, 4, 2;
    %pushi/vec4 0, 0, 3;
    %ix/load 4, 2, 0;
    %flag_set/imm 4, 0;
    %store/vec4 v0x198c480_0, 4, 3;
    %pushi/vec4 0, 0, 3;
    %ix/load 4, 5, 0;
    %flag_set/imm 4, 0;
    %store/vec4 v0x198c480_0, 4, 3;
    %pushi/vec4 0, 0, 1;
    %ix/load 4, 8, 0;
    %flag_set/imm 4, 0;
    %store/vec4 v0x198c480_0, 4, 1;
    %pushi/vec4 0, 0, 1;
    %ix/load 4, 9, 0;
    %flag_set/imm 4, 0;
    %store/vec4 v0x198c480_0, 4, 1;
    %pushi/vec4 0, 0, 1;
    %ix/load 4, 10, 0;
    %flag_set/imm 4, 0;
    %store/vec4 v0x198c480_0, 4, 1;
    %pushi/vec4 0, 0, 1;
    %ix/load 4, 11, 0;
    %flag_set/imm 4, 0;
    %store/vec4 v0x198c480_0, 4, 1;
    %pushi/vec4 0, 0, 20;
    %ix/load 4, 12, 0;
    %flag_set/imm 4, 0;
    %store/vec4 v0x198c480_0, 4, 20;
    %jmp T_106.11;
T_106.6 ;
    %pushi/vec4 0, 0, 2;
    %ix/load 4, 0, 0;
    %flag_set/imm 4, 0;
    %store/vec4 v0x198c480_0, 4, 2;
    %pushi/vec4 0, 0, 3;
    %ix/load 4, 2, 0;
    %flag_set/imm 4, 0;
    %store/vec4 v0x198c480_0, 4, 3;
    %pushi/vec4 0, 0, 3;
    %ix/load 4, 5, 0;
    %flag_set/imm 4, 0;
    %store/vec4 v0x198c480_0, 4, 3;
    %pushi/vec4 0, 0, 1;
    %ix/load 4, 8, 0;
    %flag_set/imm 4, 0;
    %store/vec4 v0x198c480_0, 4, 1;
    %pushi/vec4 0, 0, 1;
    %ix/load 4, 9, 0;
    %flag_set/imm 4, 0;
    %store/vec4 v0x198c480_0, 4, 1;
    %pushi/vec4 0, 0, 1;
    %ix/load 4, 10, 0;
    %flag_set/imm 4, 0;
    %store/vec4 v0x198c480_0, 4, 1;
    %pushi/vec4 0, 0, 1;
    %ix/load 4, 11, 0;
    %flag_set/imm 4, 0;
    %store/vec4 v0x198c480_0, 4, 1;
    %pushi/vec4 0, 0, 20;
    %ix/load 4, 12, 0;
    %flag_set/imm 4, 0;
    %store/vec4 v0x198c480_0, 4, 20;
    %jmp T_106.11;
T_106.7 ;
    %pushi/vec4 0, 0, 3;
    %ix/load 4, 0, 0;
    %flag_set/imm 4, 0;
    %store/vec4 v0x198c480_0, 4, 3;
    %pushi/vec4 0, 0, 4;
    %ix/load 4, 3, 0;
    %flag_set/imm 4, 0;
    %store/vec4 v0x198c480_0, 4, 4;
    %pushi/vec4 0, 0, 1;
    %ix/load 4, 7, 0;
    %flag_set/imm 4, 0;
    %store/vec4 v0x198c480_0, 4, 1;
    %pushi/vec4 0, 0, 1;
    %ix/load 4, 8, 0;
    %flag_set/imm 4, 0;
    %store/vec4 v0x198c480_0, 4, 1;
    %pushi/vec4 1, 0, 1;
    %ix/load 4, 9, 0;
    %flag_set/imm 4, 0;
    %store/vec4 v0x198c480_0, 4, 1;
    %pushi/vec4 1, 0, 1;
    %ix/load 4, 10, 0;
    %flag_set/imm 4, 0;
    %store/vec4 v0x198c480_0, 4, 1;
    %pushi/vec4 0, 0, 1;
    %ix/load 4, 11, 0;
    %flag_set/imm 4, 0;
    %store/vec4 v0x198c480_0, 4, 1;
    %pushi/vec4 0, 0, 1;
    %ix/load 4, 12, 0;
    %flag_set/imm 4, 0;
    %store/vec4 v0x198c480_0, 4, 1;
    %pushi/vec4 1, 0, 1;
    %ix/load 4, 13, 0;
    %flag_set/imm 4, 0;
    %store/vec4 v0x198c480_0, 4, 1;
    %pushi/vec4 0, 0, 1;
    %ix/load 4, 14, 0;
    %flag_set/imm 4, 0;
    %store/vec4 v0x198c480_0, 4, 1;
    %pushi/vec4 0, 0, 17;
    %ix/load 4, 15, 0;
    %flag_set/imm 4, 0;
    %store/vec4 v0x198c480_0, 4, 17;
    %jmp T_106.11;
T_106.8 ;
    %pushi/vec4 0, 0, 3;
    %ix/load 4, 0, 0;
    %flag_set/imm 4, 0;
    %store/vec4 v0x198c480_0, 4, 3;
    %pushi/vec4 0, 0, 4;
    %ix/load 4, 3, 0;
    %flag_set/imm 4, 0;
    %store/vec4 v0x198c480_0, 4, 4;
    %pushi/vec4 0, 0, 1;
    %ix/load 4, 7, 0;
    %flag_set/imm 4, 0;
    %store/vec4 v0x198c480_0, 4, 1;
    %pushi/vec4 0, 0, 1;
    %ix/load 4, 8, 0;
    %flag_set/imm 4, 0;
    %store/vec4 v0x198c480_0, 4, 1;
    %pushi/vec4 0, 0, 1;
    %ix/load 4, 9, 0;
    %flag_set/imm 4, 0;
    %store/vec4 v0x198c480_0, 4, 1;
    %pushi/vec4 0, 0, 1;
    %ix/load 4, 10, 0;
    %flag_set/imm 4, 0;
    %store/vec4 v0x198c480_0, 4, 1;
    %pushi/vec4 0, 0, 1;
    %ix/load 4, 11, 0;
    %flag_set/imm 4, 0;
    %store/vec4 v0x198c480_0, 4, 1;
    %pushi/vec4 0, 0, 1;
    %ix/load 4, 12, 0;
    %flag_set/imm 4, 0;
    %store/vec4 v0x198c480_0, 4, 1;
    %pushi/vec4 0, 0, 1;
    %ix/load 4, 13, 0;
    %flag_set/imm 4, 0;
    %store/vec4 v0x198c480_0, 4, 1;
    %pushi/vec4 0, 0, 1;
    %ix/load 4, 14, 0;
    %flag_set/imm 4, 0;
    %store/vec4 v0x198c480_0, 4, 1;
    %pushi/vec4 0, 0, 17;
    %ix/load 4, 15, 0;
    %flag_set/imm 4, 0;
    %store/vec4 v0x198c480_0, 4, 17;
    %jmp T_106.11;
T_106.9 ;
    %pushi/vec4 0, 0, 3;
    %ix/load 4, 0, 0;
    %flag_set/imm 4, 0;
    %store/vec4 v0x198c480_0, 4, 3;
    %pushi/vec4 0, 0, 1;
    %ix/load 4, 3, 0;
    %flag_set/imm 4, 0;
    %store/vec4 v0x198c480_0, 4, 1;
    %pushi/vec4 0, 0, 28;
    %ix/load 4, 4, 0;
    %flag_set/imm 4, 0;
    %store/vec4 v0x198c480_0, 4, 28;
    %jmp T_106.11;
T_106.11 ;
    %pop/vec4 1;
    %jmp T_106.1;
T_106.0 ;
    %pushi/vec4 0, 0, 32;
    %store/vec4 v0x198c480_0, 0, 32;
T_106.1 ;
    %jmp T_106;
    .thread T_106, $push;
    .scope S_0x19c9f70;
T_107 ;
    %wait E_0x1996c00;
    %load/vec4 v0x19cd430_0;
    %flag_set/vec4 8;
    %jmp/0xz  T_107.0, 8;
    %pushi/vec4 0, 0, 3;
    %assign/vec4 v0x19cd6b0_0, 1;
    %pushi/vec4 0, 0, 32;
    %assign/vec4 v0x19cd570_0, 1;
    %pushi/vec4 0, 0, 1;
    %assign/vec4 v0x19cbad0_0, 1;
    %pushi/vec4 0, 0, 1;
    %assign/vec4 v0x19cd750_0, 1;
    %pushi/vec4 0, 0, 1;
    %assign/vec4 v0x19cd390_0, 1;
    %pushi/vec4 0, 0, 3;
    %assign/vec4 v0x19cc8a0_0, 1;
    %pushi/vec4 0, 0, 1;
    %assign/vec4 v0x19cc760_0, 1;
    %jmp T_107.1;
T_107.0 ;
    %load/vec4 v0x19cd6b0_0;
    %dup/vec4;
    %pushi/vec4 0, 0, 3;
    %cmp/u;
    %jmp/1 T_107.2, 6;
    %dup/vec4;
    %pushi/vec4 1, 0, 3;
    %cmp/u;
    %jmp/1 T_107.3, 6;
    %dup/vec4;
    %pushi/vec4 2, 0, 3;
    %cmp/u;
    %jmp/1 T_107.4, 6;
    %dup/vec4;
    %pushi/vec4 3, 0, 3;
    %cmp/u;
    %jmp/1 T_107.5, 6;
    %pushi/vec4 0, 0, 3;
    %assign/vec4 v0x19cd6b0_0, 1;
    %jmp T_107.7;
T_107.2 ;
    %load/vec4 v0x19cc9e0_0;
    %load/vec4 v0x19ccb20_0;
    %and;
    %load/vec4 v0x19ccc60_0;
    %and;
    %flag_set/vec4 8;
    %jmp/0xz  T_107.8, 8;
    %pushi/vec4 3, 0, 3;
    %assign/vec4 v0x19cd6b0_0, 1;
    %load/vec4 v0x19cd610_0;
    %assign/vec4 v0x19cd570_0, 1;
    %pushi/vec4 1, 0, 1;
    %assign/vec4 v0x19cbad0_0, 1;
    %pushi/vec4 1, 0, 1;
    %assign/vec4 v0x19cd750_0, 1;
    %pushi/vec4 0, 0, 1;
    %assign/vec4 v0x19cd390_0, 1;
    %pushi/vec4 0, 0, 1;
    %assign/vec4 v0x19cc760_0, 1;
    %jmp T_107.9;
T_107.8 ;
    %load/vec4 v0x19cc9e0_0;
    %load/vec4 v0x19ccb20_0;
    %and;
    %flag_set/vec4 8;
    %jmp/0xz  T_107.10, 8;
    %pushi/vec4 1, 0, 3;
    %assign/vec4 v0x19cd6b0_0, 1;
    %load/vec4 v0x19cd610_0;
    %assign/vec4 v0x19cd570_0, 1;
    %pushi/vec4 1, 0, 1;
    %assign/vec4 v0x19cbad0_0, 1;
    %pushi/vec4 0, 0, 1;
    %assign/vec4 v0x19cd750_0, 1;
    %pushi/vec4 1, 0, 1;
    %assign/vec4 v0x19cd390_0, 1;
    %pushi/vec4 0, 0, 1;
    %assign/vec4 v0x19cc760_0, 1;
    %jmp T_107.11;
T_107.10 ;
    %pushi/vec4 0, 0, 1;
    %assign/vec4 v0x19cbad0_0, 1;
    %pushi/vec4 0, 0, 1;
    %assign/vec4 v0x19cd750_0, 1;
    %pushi/vec4 0, 0, 1;
    %assign/vec4 v0x19cd390_0, 1;
    %pushi/vec4 0, 0, 1;
    %assign/vec4 v0x19cc760_0, 1;
T_107.11 ;
T_107.9 ;
    %jmp T_107.7;
T_107.3 ;
    %load/vec4 v0x19ccb20_0;
    %load/vec4 v0x19cca80_0;
    %and;
    %flag_set/vec4 8;
    %jmp/0xz  T_107.12, 8;
    %pushi/vec4 1, 0, 1;
    %assign/vec4 v0x19cc760_0, 1;
T_107.12 ;
    %load/vec4 v0x19cbad0_0;
    %flag_set/vec4 8;
    %jmp/0xz  T_107.14, 8;
    %load/vec4 v0x19cd610_0;
    %parti/s 19, 13, 5;
    %ix/load 4, 13, 0;
    %ix/load 5, 1, 0;
    %flag_set/imm 4, 0;
    %assign/vec4/off/d v0x19cd570_0, 4, 5;
T_107.14 ;
    %load/vec4 v0x19cbad0_0;
    %load/vec4 v0x19ccb20_0;
    %nor/r;
    %and;
    %flag_set/vec4 8;
    %jmp/1 T_107.19, 8;
    %load/vec4 v0x19cc580_0;
    %flag_set/vec4 9;
    %flag_or 8, 9;
T_107.19;
    %jmp/1 T_107.18, 8;
    %load/vec4 v0x19cc760_0;
    %load/vec4 v0x19cca80_0;
    %or;
    %load/vec4 v0x19cc620_0;
    %and;
    %flag_set/vec4 9;
    %flag_or 8, 9;
T_107.18;
    %jmp/0xz  T_107.16, 8;
    %pushi/vec4 0, 0, 3;
    %assign/vec4 v0x19cd6b0_0, 1;
    %pushi/vec4 0, 0, 1;
    %assign/vec4 v0x19cbad0_0, 1;
    %pushi/vec4 0, 0, 1;
    %assign/vec4 v0x19cd390_0, 1;
    %pushi/vec4 0, 0, 1;
    %assign/vec4 v0x19cc760_0, 1;
    %jmp T_107.17;
T_107.16 ;
    %load/vec4 v0x19cd890_0;
    %load/vec4 v0x19cc620_0;
    %and;
    %flag_set/vec4 8;
    %jmp/0xz  T_107.20, 8;
    %pushi/vec4 2, 0, 3;
    %assign/vec4 v0x19cd6b0_0, 1;
    %load/vec4 v0x19cd570_0;
    %parti/s 2, 2, 3;
    %addi 1, 0, 2;
    %ix/load 4, 2, 0;
    %ix/load 5, 1, 0;
    %flag_set/imm 4, 0;
    %assign/vec4/off/d v0x19cd570_0, 4, 5;
    %pushi/vec4 0, 0, 1;
    %assign/vec4 v0x19cbad0_0, 1;
    %pushi/vec4 2, 0, 3;
    %assign/vec4 v0x19cc8a0_0, 1;
    %pushi/vec4 0, 0, 1;
    %assign/vec4 v0x19cc760_0, 1;
    %jmp T_107.21;
T_107.20 ;
    %load/vec4 v0x19cd890_0;
    %nor/r;
    %load/vec4 v0x19cca80_0;
    %nor/r;
    %and;
    %flag_set/vec4 8;
    %jmp/0xz  T_107.22, 8;
    %pushi/vec4 0, 0, 3;
    %assign/vec4 v0x19cd6b0_0, 1;
    %pushi/vec4 0, 0, 1;
    %assign/vec4 v0x19cbad0_0, 1;
    %pushi/vec4 0, 0, 1;
    %assign/vec4 v0x19cd390_0, 1;
    %pushi/vec4 0, 0, 1;
    %assign/vec4 v0x19cc760_0, 1;
    %jmp T_107.23;
T_107.22 ;
    %pushi/vec4 0, 0, 1;
    %assign/vec4 v0x19cbad0_0, 1;
T_107.23 ;
T_107.21 ;
T_107.17 ;
    %jmp T_107.7;
T_107.4 ;
    %load/vec4 v0x19cc620_0;
    %flag_set/vec4 9;
    %flag_get/vec4 9;
    %jmp/0 T_107.26, 9;
    %load/vec4 v0x19cc8a0_0;
    %or/r;
    %and;
T_107.26;
    %flag_set/vec4 8;
    %jmp/0xz  T_107.24, 8;
    %load/vec4 v0x19cc8a0_0;
    %subi 1, 0, 3;
    %assign/vec4 v0x19cc8a0_0, 1;
    %load/vec4 v0x19cd570_0;
    %parti/s 2, 2, 3;
    %addi 1, 0, 2;
    %ix/load 4, 2, 0;
    %ix/load 5, 1, 0;
    %flag_set/imm 4, 0;
    %assign/vec4/off/d v0x19cd570_0, 4, 5;
    %jmp T_107.25;
T_107.24 ;
    %load/vec4 v0x19cc620_0;
    %flag_set/vec4 8;
    %jmp/0xz  T_107.27, 8;
    %pushi/vec4 0, 0, 3;
    %assign/vec4 v0x19cd6b0_0, 1;
    %pushi/vec4 0, 0, 1;
    %assign/vec4 v0x19cd390_0, 1;
T_107.27 ;
T_107.25 ;
    %jmp T_107.7;
T_107.5 ;
    %load/vec4 v0x19ccb20_0;
    %load/vec4 v0x19cca80_0;
    %and;
    %flag_set/vec4 8;
    %jmp/0xz  T_107.29, 8;
    %pushi/vec4 1, 0, 1;
    %assign/vec4 v0x19cc760_0, 1;
T_107.29 ;
    %load/vec4 v0x19cbad0_0;
    %flag_set/vec4 8;
    %jmp/0xz  T_107.31, 8;
    %load/vec4 v0x19cd610_0;
    %parti/s 19, 13, 5;
    %ix/load 4, 13, 0;
    %ix/load 5, 1, 0;
    %flag_set/imm 4, 0;
    %assign/vec4/off/d v0x19cd570_0, 4, 5;
T_107.31 ;
    %load/vec4 v0x19cbad0_0;
    %load/vec4 v0x19ccb20_0;
    %nor/r;
    %and;
    %flag_set/vec4 8;
    %jmp/1 T_107.36, 8;
    %load/vec4 v0x19cc580_0;
    %flag_set/vec4 9;
    %flag_or 8, 9;
T_107.36;
    %jmp/1 T_107.35, 8;
    %load/vec4 v0x19cc760_0;
    %load/vec4 v0x19cca80_0;
    %or;
    %load/vec4 v0x19cc620_0;
    %and;
    %flag_set/vec4 9;
    %flag_or 8, 9;
T_107.35;
    %jmp/0xz  T_107.33, 8;
    %pushi/vec4 0, 0, 3;
    %assign/vec4 v0x19cd6b0_0, 1;
    %pushi/vec4 0, 0, 1;
    %assign/vec4 v0x19cbad0_0, 1;
    %pushi/vec4 0, 0, 1;
    %assign/vec4 v0x19cd750_0, 1;
    %pushi/vec4 0, 0, 1;
    %assign/vec4 v0x19cc760_0, 1;
    %jmp T_107.34;
T_107.33 ;
    %load/vec4 v0x19cc620_0;
    %flag_set/vec4 8;
    %jmp/0xz  T_107.37, 8;
    %pushi/vec4 0, 0, 3;
    %assign/vec4 v0x19cd6b0_0, 1;
    %pushi/vec4 0, 0, 1;
    %assign/vec4 v0x19cbad0_0, 1;
    %pushi/vec4 0, 0, 1;
    %assign/vec4 v0x19cd750_0, 1;
    %pushi/vec4 0, 0, 1;
    %assign/vec4 v0x19cc760_0, 1;
    %jmp T_107.38;
T_107.37 ;
    %pushi/vec4 0, 0, 1;
    %assign/vec4 v0x19cbad0_0, 1;
T_107.38 ;
T_107.34 ;
    %jmp T_107.7;
T_107.7 ;
    %pop/vec4 1;
T_107.1 ;
    %jmp T_107;
    .thread T_107;
    .scope S_0x14b42b0;
T_108 ;
    %wait E_0x183a320;
    %load/vec4 v0x19d1340_0;
    %load/vec4 v0x19d10c0_0;
    %parti/s 19, 13, 5;
    %cmp/ne;
    %jmp/1 T_108.2, 4;
    %flag_mov 8, 4;
    %load/vec4 v0x19d13e0_0;
    %nor/r;
    %flag_set/vec4 9;
    %flag_or 9, 8;
    %flag_mov 4, 9;
T_108.2;
    %jmp/0xz  T_108.0, 4;
    %pushi/vec4 1, 0, 1;
    %store/vec4 v0x19d1480_0, 0, 1;
    %jmp T_108.1;
T_108.0 ;
    %pushi/vec4 0, 0, 1;
    %store/vec4 v0x19d1480_0, 0, 1;
T_108.1 ;
    %jmp T_108;
    .thread T_108, $push;
    .scope S_0x19d2c30;
T_109 ;
    %wait E_0x1996c00;
    %load/vec4 v0x19d6550_0;
    %flag_set/vec4 8;
    %jmp/0xz  T_109.0, 8;
    %pushi/vec4 0, 0, 2;
    %assign/vec4 v0x19d4130_0, 1;
    %jmp T_109.1;
T_109.0 ;
    %load/vec4 v0x19d5ec0_0;
    %nor/r;
    %load/vec4 v0x19d49f0_0;
    %parti/s 6, 26, 6;
    %pushi/vec4 5, 0, 6;
    %cmp/e;
    %flag_get/vec4 4;
    %load/vec4 v0x19d49f0_0;
    %parti/s 1, 16, 6;
    %and;
    %inv;
    %and;
    %flag_set/vec4 8;
    %jmp/0xz  T_109.2, 8;
    %load/vec4 v0x19d4130_0;
    %inv;
    %assign/vec4 v0x19d4130_0, 1;
T_109.2 ;
T_109.1 ;
    %jmp T_109;
    .thread T_109;
    .scope S_0x19d2c30;
T_110 ;
    %wait E_0x1996c00;
    %load/vec4 v0x19d6550_0;
    %flag_set/vec4 8;
    %jmp/0xz  T_110.0, 8;
    %pushi/vec4 0, 0, 1;
    %assign/vec4 v0x19d3bc0_0, 1;
    %jmp T_110.1;
T_110.0 ;
    %load/vec4 v0x19d4310_0;
    %assign/vec4 v0x19d3bc0_0, 1;
T_110.1 ;
    %jmp T_110;
    .thread T_110;
    .scope S_0x19d2c30;
T_111 ;
    %wait E_0x15b3190;
    %pushi/vec4 0, 0, 14;
    %store/vec4 v0x19d4b00_0, 0, 14;
    %load/vec4 v0x19d5560_0;
    %dup/vec4;
    %pushi/vec4 8191, 4095, 13;
    %cmp/x;
    %jmp/1 T_111.0, 4;
    %dup/vec4;
    %pushi/vec4 4095, 2047, 13;
    %cmp/x;
    %jmp/1 T_111.1, 4;
    %dup/vec4;
    %pushi/vec4 2047, 1023, 13;
    %cmp/x;
    %jmp/1 T_111.2, 4;
    %dup/vec4;
    %pushi/vec4 1023, 511, 13;
    %cmp/x;
    %jmp/1 T_111.3, 4;
    %dup/vec4;
    %pushi/vec4 511, 255, 13;
    %cmp/x;
    %jmp/1 T_111.4, 4;
    %dup/vec4;
    %pushi/vec4 255, 127, 13;
    %cmp/x;
    %jmp/1 T_111.5, 4;
    %dup/vec4;
    %pushi/vec4 127, 63, 13;
    %cmp/x;
    %jmp/1 T_111.6, 4;
    %dup/vec4;
    %pushi/vec4 63, 31, 13;
    %cmp/x;
    %jmp/1 T_111.7, 4;
    %dup/vec4;
    %pushi/vec4 31, 15, 13;
    %cmp/x;
    %jmp/1 T_111.8, 4;
    %dup/vec4;
    %pushi/vec4 15, 7, 13;
    %cmp/x;
    %jmp/1 T_111.9, 4;
    %dup/vec4;
    %pushi/vec4 7, 3, 13;
    %cmp/x;
    %jmp/1 T_111.10, 4;
    %dup/vec4;
    %pushi/vec4 3, 1, 13;
    %cmp/x;
    %jmp/1 T_111.11, 4;
    %dup/vec4;
    %pushi/vec4 1, 0, 13;
    %cmp/x;
    %jmp/1 T_111.12, 4;
    %pushi/vec4 0, 0, 14;
    %store/vec4 v0x19d4b00_0, 0, 14;
    %jmp T_111.14;
T_111.0 ;
    %pushi/vec4 1, 0, 1;
    %ix/load 4, 4, 0;
    %flag_set/imm 4, 0;
    %store/vec4 v0x19d4b00_0, 4, 1;
    %jmp T_111.14;
T_111.1 ;
    %pushi/vec4 1, 0, 1;
    %ix/load 4, 7, 0;
    %flag_set/imm 4, 0;
    %store/vec4 v0x19d4b00_0, 4, 1;
    %jmp T_111.14;
T_111.2 ;
    %pushi/vec4 1, 0, 1;
    %ix/load 4, 9, 0;
    %flag_set/imm 4, 0;
    %store/vec4 v0x19d4b00_0, 4, 1;
    %jmp T_111.14;
T_111.3 ;
    %pushi/vec4 1, 0, 1;
    %ix/load 4, 3, 0;
    %flag_set/imm 4, 0;
    %store/vec4 v0x19d4b00_0, 4, 1;
    %jmp T_111.14;
T_111.4 ;
    %pushi/vec4 1, 0, 1;
    %ix/load 4, 1, 0;
    %flag_set/imm 4, 0;
    %store/vec4 v0x19d4b00_0, 4, 1;
    %jmp T_111.14;
T_111.5 ;
    %pushi/vec4 1, 0, 1;
    %ix/load 4, 6, 0;
    %flag_set/imm 4, 0;
    %store/vec4 v0x19d4b00_0, 4, 1;
    %jmp T_111.14;
T_111.6 ;
    %pushi/vec4 1, 0, 1;
    %ix/load 4, 5, 0;
    %flag_set/imm 4, 0;
    %store/vec4 v0x19d4b00_0, 4, 1;
    %jmp T_111.14;
T_111.7 ;
    %pushi/vec4 1, 0, 1;
    %ix/load 4, 8, 0;
    %flag_set/imm 4, 0;
    %store/vec4 v0x19d4b00_0, 4, 1;
    %jmp T_111.14;
T_111.8 ;
    %pushi/vec4 1, 0, 1;
    %ix/load 4, 2, 0;
    %flag_set/imm 4, 0;
    %store/vec4 v0x19d4b00_0, 4, 1;
    %jmp T_111.14;
T_111.9 ;
    %pushi/vec4 1, 0, 1;
    %ix/load 4, 1, 0;
    %flag_set/imm 4, 0;
    %store/vec4 v0x19d4b00_0, 4, 1;
    %jmp T_111.14;
T_111.10 ;
    %pushi/vec4 1, 0, 1;
    %ix/load 4, 10, 0;
    %flag_set/imm 4, 0;
    %store/vec4 v0x19d4b00_0, 4, 1;
    %jmp T_111.14;
T_111.11 ;
    %pushi/vec4 1, 0, 1;
    %ix/load 4, 13, 0;
    %flag_set/imm 4, 0;
    %store/vec4 v0x19d4b00_0, 4, 1;
    %jmp T_111.14;
T_111.12 ;
    %pushi/vec4 1, 0, 1;
    %ix/load 4, 11, 0;
    %flag_set/imm 4, 0;
    %store/vec4 v0x19d4b00_0, 4, 1;
    %jmp T_111.14;
T_111.14 ;
    %pop/vec4 1;
    %jmp T_111;
    .thread T_111, $push;
    .scope S_0x19d2c30;
T_112 ;
    %wait E_0x1996c00;
    %load/vec4 v0x19d6550_0;
    %flag_set/vec4 8;
    %jmp/0xz  T_112.0, 8;
    %pushi/vec4 0, 0, 1;
    %assign/vec4 v0x19d3da0_0, 1;
    %jmp T_112.1;
T_112.0 ;
    %load/vec4 v0x19d5ec0_0;
    %nor/r;
    %flag_set/vec4 8;
    %jmp/0xz  T_112.2, 8;
    %load/vec4 v0x19d4b00_0;
    %or/r;
    %load/vec4 v0x19d49f0_0;
    %parti/s 6, 26, 6;
    %pushi/vec4 5, 0, 6;
    %cmp/e;
    %flag_get/vec4 4;
    %load/vec4 v0x19d49f0_0;
    %parti/s 1, 16, 6;
    %and;
    %inv;
    %load/vec4 v0x19d4e80_0;
    %parti/s 1, 22, 6;
    %and;
    %or;
    %load/vec4 v0x19d3a80_0;
    %pushi/vec4 0, 0, 3;
    %cmp/ne;
    %flag_get/vec4 4;
    %load/vec4 v0x19d4e80_0;
    %parti/s 1, 23, 6;
    %and;
    %or;
    %assign/vec4 v0x19d3da0_0, 1;
    %jmp T_112.3;
T_112.2 ;
    %load/vec4 v0x19d4b00_0;
    %or/r;
    %assign/vec4 v0x19d3da0_0, 1;
T_112.3 ;
T_112.1 ;
    %jmp T_112;
    .thread T_112;
    .scope S_0x19d2c30;
T_113 ;
    %wait E_0x1996c00;
    %load/vec4 v0x19d6550_0;
    %flag_set/vec4 8;
    %jmp/0xz  T_113.0, 8;
    %pushi/vec4 0, 0, 25;
    %assign/vec4 v0x19d4e80_0, 0;
    %jmp T_113.1;
T_113.0 ;
    %load/vec4 v0x19d4f20_0;
    %flag_set/vec4 9;
    %flag_get/vec4 9;
    %jmp/0 T_113.4, 9;
    %load/vec4 v0x19d6910_0;
    %and;
T_113.4;
    %flag_set/vec4 8;
    %jmp/0xz  T_113.2, 8;
    %pushi/vec4 0, 0, 1;
    %load/vec4 v0x19d6730_0;
    %parti/s 2, 22, 6;
    %concat/vec4; draw_concat_vec4
    %concati/vec4 0, 0, 22;
    %assign/vec4 v0x19d4e80_0, 1;
T_113.2 ;
T_113.1 ;
    %jmp T_113;
    .thread T_113;
    .scope S_0x19d2c30;
T_114 ;
    %wait E_0x1996c00;
    %load/vec4 v0x19d6550_0;
    %flag_set/vec4 8;
    %jmp/0xz  T_114.0, 8;
    %pushi/vec4 0, 0, 14;
    %assign/vec4 v0x19d51a0_0, 0;
    %jmp T_114.1;
T_114.0 ;
    %load/vec4 v0x19d5240_0;
    %flag_set/vec4 9;
    %flag_get/vec4 9;
    %jmp/0 T_114.4, 9;
    %load/vec4 v0x19d6910_0;
    %and;
T_114.4;
    %flag_set/vec4 8;
    %jmp/0xz  T_114.2, 8;
    %load/vec4 v0x19d6730_0;
    %parti/s 14, 0, 2;
    %assign/vec4 v0x19d51a0_0, 1;
T_114.2 ;
T_114.1 ;
    %jmp T_114;
    .thread T_114;
    .scope S_0x19d2c30;
T_115 ;
    %wait E_0x1996c00;
    %load/vec4 v0x19d6550_0;
    %flag_set/vec4 8;
    %jmp/0xz  T_115.0, 8;
    %pushi/vec4 0, 0, 14;
    %assign/vec4 v0x19d5060_0, 0;
    %jmp T_115.1;
T_115.0 ;
    %load/vec4 v0x19d5100_0;
    %flag_set/vec4 9;
    %flag_get/vec4 9;
    %jmp/0 T_115.4, 9;
    %load/vec4 v0x19d6910_0;
    %and;
T_115.4;
    %flag_set/vec4 8;
    %jmp/0xz  T_115.2, 8;
    %load/vec4 v0x19d6730_0;
    %parti/s 14, 0, 2;
    %assign/vec4 v0x19d5060_0, 1;
    %jmp T_115.3;
T_115.2 ;
    %load/vec4 v0x19d5060_0;
    %load/vec4 v0x19d4b00_0;
    %or;
    %assign/vec4 v0x19d5060_0, 1;
T_115.3 ;
T_115.1 ;
    %jmp T_115;
    .thread T_115;
    .scope S_0x19d2c30;
T_116 ;
    %wait E_0x15b3150;
    %load/vec4 v0x19d65f0_0;
    %parti/s 11, 0, 2;
    %dup/vec4;
    %pushi/vec4 16, 0, 11;
    %cmp/x;
    %jmp/1 T_116.0, 4;
    %dup/vec4;
    %pushi/vec4 20, 0, 11;
    %cmp/x;
    %jmp/1 T_116.1, 4;
    %dup/vec4;
    %pushi/vec4 21, 0, 11;
    %cmp/x;
    %jmp/1 T_116.2, 4;
    %pushi/vec4 0, 0, 32;
    %store/vec4 v0x19d6870_0, 0, 32;
    %jmp T_116.4;
T_116.0 ;
    %pushi/vec4 0, 0, 7;
    %load/vec4 v0x19d4e80_0;
    %concat/vec4; draw_concat_vec4
    %store/vec4 v0x19d6870_0, 0, 32;
    %jmp T_116.4;
T_116.1 ;
    %pushi/vec4 0, 0, 18;
    %load/vec4 v0x19d51a0_0;
    %concat/vec4; draw_concat_vec4
    %store/vec4 v0x19d6870_0, 0, 32;
    %jmp T_116.4;
T_116.2 ;
    %pushi/vec4 0, 0, 18;
    %load/vec4 v0x19d5060_0;
    %concat/vec4; draw_concat_vec4
    %store/vec4 v0x19d6870_0, 0, 32;
    %jmp T_116.4;
T_116.4 ;
    %pop/vec4 1;
    %jmp T_116;
    .thread T_116, $push;
    .scope S_0x19df180;
T_117 ;
    %wait E_0x1996c00;
    %load/vec4 v0x19e0290_0;
    %flag_set/vec4 8;
    %jmp/0xz  T_117.0, 8;
    %pushi/vec4 131072, 0, 18;
    %assign/vec4 v0x19e0010_0, 0;
    %jmp T_117.1;
T_117.0 ;
    %load/vec4 v0x19e00b0_0;
    %flag_set/vec4 9;
    %flag_get/vec4 9;
    %jmp/0 T_117.4, 9;
    %load/vec4 v0x19e06c0_0;
    %and;
T_117.4;
    %flag_set/vec4 8;
    %jmp/0xz  T_117.2, 8;
    %load/vec4 v0x19e0580_0;
    %parti/s 18, 2, 3;
    %assign/vec4 v0x19e0010_0, 1;
T_117.2 ;
T_117.1 ;
    %jmp T_117;
    .thread T_117;
    .scope S_0x19df180;
T_118 ;
    %wait E_0x1996c00;
    %load/vec4 v0x19e0290_0;
    %flag_set/vec4 8;
    %jmp/0xz  T_118.0, 8;
    %pushi/vec4 0, 0, 20;
    %assign/vec4 v0x19e0150_0, 0;
    %jmp T_118.1;
T_118.0 ;
    %load/vec4 v0x19e01f0_0;
    %flag_set/vec4 9;
    %flag_get/vec4 9;
    %jmp/0 T_118.4, 9;
    %load/vec4 v0x19e06c0_0;
    %and;
T_118.4;
    %flag_set/vec4 8;
    %jmp/0xz  T_118.2, 8;
    %load/vec4 v0x19e0580_0;
    %parti/s 20, 0, 2;
    %load/vec4 v0x19e0760_0;
    %or;
    %assign/vec4 v0x19e0150_0, 1;
    %jmp T_118.3;
T_118.2 ;
    %load/vec4 v0x19e0150_0;
    %load/vec4 v0x19e0760_0;
    %or;
    %assign/vec4 v0x19e0150_0, 1;
T_118.3 ;
T_118.1 ;
    %jmp T_118;
    .thread T_118;
    .scope S_0x19df180;
T_119 ;
    %wait E_0x1569610;
    %load/vec4 v0x19e0330_0;
    %parti/s 2, 0, 2;
    %dup/vec4;
    %pushi/vec4 0, 0, 2;
    %cmp/u;
    %jmp/1 T_119.0, 6;
    %load/vec4 v0x19e0150_0;
    %ix/load 4, 0, 0;
    %flag_set/imm 4, 0;
    %store/vec4 v0x19e0620_0, 4, 20;
    %pushi/vec4 0, 0, 12;
    %ix/load 4, 20, 0;
    %flag_set/imm 4, 0;
    %store/vec4 v0x19e0620_0, 4, 12;
    %jmp T_119.2;
T_119.0 ;
    %load/vec4 v0x19e0010_0;
    %concati/vec4 0, 0, 2;
    %ix/load 4, 0, 0;
    %flag_set/imm 4, 0;
    %store/vec4 v0x19e0620_0, 4, 20;
    %pushi/vec4 0, 0, 12;
    %ix/load 4, 20, 0;
    %flag_set/imm 4, 0;
    %store/vec4 v0x19e0620_0, 4, 12;
    %jmp T_119.2;
T_119.2 ;
    %pop/vec4 1;
    %jmp T_119;
    .thread T_119, $push;
    .scope S_0x19e6110;
T_120 ;
    %wait E_0x1996c00;
    %load/vec4 v0x19e6dd0_0;
    %flag_set/vec4 8;
    %jmp/0xz  T_120.0, 8;
    %pushi/vec4 0, 0, 32;
    %assign/vec4 v0x19e7ff0_0, 0;
    %jmp T_120.1;
T_120.0 ;
    %load/vec4 v0x19e8090_0;
    %flag_set/vec4 9;
    %flag_get/vec4 9;
    %jmp/0 T_120.4, 9;
    %load/vec4 v0x19e7d70_0;
    %and;
T_120.4;
    %flag_set/vec4 8;
    %jmp/0xz  T_120.2, 8;
    %load/vec4 v0x19e7c30_0;
    %assign/vec4 v0x19e7ff0_0, 1;
    %jmp T_120.3;
T_120.2 ;
    %load/vec4 v0x19e7ff0_0;
    %parti/s 1, 29, 6;
    %flag_set/vec4 8;
    %jmp/0xz  T_120.5, 8;
    %load/vec4 v0x19e7ff0_0;
    %parti/s 1, 28, 6;
    %load/vec4 v0x19e77a0_0;
    %load/vec4 v0x19e7ff0_0;
    %parti/s 1, 29, 6;
    %and;
    %or;
    %ix/load 4, 28, 0;
    %ix/load 5, 1, 0;
    %flag_set/imm 4, 0;
    %assign/vec4/off/d v0x19e7ff0_0, 4, 5;
T_120.5 ;
T_120.3 ;
T_120.1 ;
    %jmp T_120;
    .thread T_120;
    .scope S_0x19e6110;
T_121 ;
    %wait E_0x1996c00;
    %load/vec4 v0x19e6dd0_0;
    %flag_set/vec4 8;
    %jmp/0xz  T_121.0, 8;
    %pushi/vec4 0, 0, 32;
    %assign/vec4 v0x19e7eb0_0, 0;
    %jmp T_121.1;
T_121.0 ;
    %load/vec4 v0x19e7840_0;
    %flag_set/vec4 8;
    %jmp/0xz  T_121.2, 8;
    %pushi/vec4 0, 0, 32;
    %assign/vec4 v0x19e7eb0_0, 1;
    %jmp T_121.3;
T_121.2 ;
    %load/vec4 v0x19e7f50_0;
    %flag_set/vec4 9;
    %flag_get/vec4 9;
    %jmp/0 T_121.6, 9;
    %load/vec4 v0x19e7d70_0;
    %and;
T_121.6;
    %flag_set/vec4 8;
    %jmp/0xz  T_121.4, 8;
    %load/vec4 v0x19e7c30_0;
    %assign/vec4 v0x19e7eb0_0, 1;
    %jmp T_121.5;
T_121.4 ;
    %load/vec4 v0x19e7e10_0;
    %nor/r;
    %flag_set/vec4 8;
    %jmp/0xz  T_121.7, 8;
    %load/vec4 v0x19e7eb0_0;
    %addi 1, 0, 32;
    %assign/vec4 v0x19e7eb0_0, 1;
T_121.7 ;
T_121.5 ;
T_121.3 ;
T_121.1 ;
    %jmp T_121;
    .thread T_121;
    .scope S_0x19e6110;
T_122 ;
    %wait E_0x19cf610;
    %load/vec4 v0x19e7af0_0;
    %parti/s 1, 0, 2;
    %dup/vec4;
    %pushi/vec4 0, 0, 1;
    %cmp/u;
    %jmp/1 T_122.0, 6;
    %load/vec4 v0x19e7eb0_0;
    %store/vec4 v0x19e7cd0_0, 0, 32;
    %jmp T_122.2;
T_122.0 ;
    %load/vec4 v0x19e7ff0_0;
    %store/vec4 v0x19e7cd0_0, 0, 32;
    %jmp T_122.2;
T_122.2 ;
    %pop/vec4 1;
    %jmp T_122;
    .thread T_122, $push;
    .scope S_0x19e0800;
T_123 ;
    %wait E_0x1996c00;
    %load/vec4 v0x19e1e50_0;
    %flag_set/vec4 8;
    %jmp/0xz  T_123.0, 8;
    %pushi/vec4 0, 0, 7;
    %split/vec4 4;
    %assign/vec4 v0x19e1ef0_0, 0;
    %split/vec4 1;
    %assign/vec4 v0x19e1520_0, 0;
    %split/vec4 1;
    %assign/vec4 v0x19e1f90_0, 0;
    %assign/vec4 v0x19e1480_0, 0;
    %jmp T_123.1;
T_123.0 ;
    %load/vec4 v0x19e1db0_0;
    %flag_set/vec4 9;
    %flag_get/vec4 9;
    %jmp/0 T_123.4, 9;
    %load/vec4 v0x19e2380_0;
    %and;
T_123.4;
    %flag_set/vec4 8;
    %jmp/0xz  T_123.2, 8;
    %load/vec4 v0x19e20d0_0;
    %parti/s 4, 0, 2;
    %assign/vec4 v0x19e1ef0_0, 1;
    %load/vec4 v0x19e20d0_0;
    %parti/s 1, 4, 4;
    %assign/vec4 v0x19e1520_0, 1;
    %load/vec4 v0x19e20d0_0;
    %parti/s 1, 5, 4;
    %assign/vec4 v0x19e1f90_0, 1;
    %load/vec4 v0x19e20d0_0;
    %parti/s 1, 6, 4;
    %assign/vec4 v0x19e1480_0, 1;
    %jmp T_123.3;
T_123.2 ;
    %load/vec4 v0x19e15c0_0;
    %flag_set/vec4 8;
    %jmp/0xz  T_123.5, 8;
    %pushi/vec4 0, 0, 1;
    %assign/vec4 v0x19e1520_0, 1;
    %pushi/vec4 0, 0, 1;
    %assign/vec4 v0x19e1f90_0, 1;
T_123.5 ;
T_123.3 ;
T_123.1 ;
    %jmp T_123;
    .thread T_123;
    .scope S_0x16c1a60;
T_124 ;
    %pushi/vec4 0, 0, 32;
    %store/vec4 v0x19f0890_0, 0, 32;
    %end;
    .thread T_124;
    .scope S_0x16c1a60;
T_125 ;
    %pushi/vec4 0, 0, 1;
    %assign/vec4 v0x19f0750_0, 0;
    %pushi/vec4 1, 0, 1;
    %assign/vec4 v0x19f27d0_0, 0;
    %pushi/vec4 0, 0, 2;
    %assign/vec4 v0x19f07f0_0, 0;
    %pushi/vec4 0, 0, 20;
    %store/vec4 v0x19f20f0_0, 0, 20;
    %pushi/vec4 0, 0, 1;
    %store/vec4 v0x19f1c60_0, 0, 1;
    %pushi/vec4 0, 0, 1;
    %store/vec4 v0x19f11f0_0, 0, 1;
    %pushi/vec4 0, 0, 1;
    %store/vec4 v0x19f10b0_0, 0, 1;
    %pushi/vec4 0, 0, 1;
    %store/vec4 v0x19f1580_0, 0, 1;
    %pushi/vec4 0, 0, 1;
    %store/vec4 v0x19f1620_0, 0, 1;
    %pushi/vec4 0, 0, 32;
    %store/vec4 v0x19f1440_0, 0, 32;
    %pushi/vec4 0, 0, 1;
    %store/vec4 v0x19f0e30_0, 0, 1;
    %pushi/vec4 0, 0, 1;
    %store/vec4 v0x19f0c50_0, 0, 1;
    %pushi/vec4 0, 0, 1;
    %store/vec4 v0x19f0ed0_0, 0, 1;
    %pushi/vec4 0, 0, 1;
    %store/vec4 v0x19f0f70_0, 0, 1;
    %pushi/vec4 0, 0, 32;
    %store/vec4 v0x19f09d0_0, 0, 32;
    %pushi/vec4 0, 0, 32;
    %store/vec4 v0x19f0b10_0, 0, 32;
    %pushi/vec4 0, 0, 1;
    %store/vec4 v0x19f22d0_0, 0, 1;
    %end;
    .thread T_125;
    .scope S_0x16c1a60;
T_126 ;
    %delay 50, 0;
    %load/vec4 v0x19f0750_0;
    %inv;
    %assign/vec4 v0x19f0750_0, 0;
    %jmp T_126;
    .thread T_126;
    .scope S_0x16c1a60;
T_127 ;
    %pushi/vec4 20, 0, 32;
T_127.0 %dup/vec4;
    %pushi/vec4 0, 0, 32;
    %cmp/s;
    %jmp/1xz T_127.1, 5;
    %jmp/1 T_127.1, 4;
    %pushi/vec4 1, 0, 32;
    %sub;
    %wait E_0x1832e00;
    %jmp T_127.0;
T_127.1 ;
    %pop/vec4 1;
    %pushi/vec4 0, 0, 1;
    %assign/vec4 v0x19f27d0_0, 0;
    %end;
    .thread T_127;
    .scope S_0x16c1a60;
T_128 ;
    %wait E_0x1608b50;
    %load/vec4 v0x19f0890_0;
    %addi 1, 0, 32;
    %assign/vec4 v0x19f0890_0, 0;
    %load/vec4 v0x19f0890_0;
    %cmpi/e 20000, 0, 32;
    %jmp/0xz  T_128.0, 4;
    %vpi_call 2 178 "$stop" {0 0 0};
T_128.0 ;
    %jmp T_128;
    .thread T_128;
# The file index is used to find the file name in the following table.
:file_names 41;
    "N/A";
    "<interactive>";
    "/hpc/home/connect.ytan910/code/LLM/ChipVerilogSuite/Des/or1200_hp/des/verilog/or1200_top/or1200_tb.v";
    "/hpc/home/connect.ytan910/code/LLM/ChipVerilogSuite/Des/or1200_hp/des/verilog/or1200_top/or1200_top.v";
    "/hpc/home/connect.ytan910/code/LLM/ChipVerilogSuite/Des/or1200_hp/des/verilog/or1200_wb_biu/or1200_wb_biu.v";
    "/hpc/home/connect.ytan910/code/LLM/ChipVerilogSuite/Des/or1200_hp/des/verilog/or1200_iwb_biu/or1200_iwb_biu.v";
    "/hpc/home/connect.ytan910/code/LLM/ChipVerilogSuite/Des/or1200_hp/des/verilog/or1200_cpu/or1200_cpu.v";
    "/hpc/home/connect.ytan910/code/LLM/ChipVerilogSuite/Des/or1200_hp/des/verilog/or1200_alu/or1200_alu.v";
    "/hpc/home/connect.ytan910/code/LLM/ChipVerilogSuite/Des/or1200_hp/des/verilog/or1200_cfgr/or1200_cfgr.v";
    "/hpc/home/connect.ytan910/code/LLM/ChipVerilogSuite/Des/or1200_hp/des/verilog/or1200_ctrl/or1200_ctrl.v";
    "/hpc/home/connect.ytan910/code/LLM/ChipVerilogSuite/Des/or1200_hp/des/verilog/or1200_except/or1200_except.v";
    "/hpc/home/connect.ytan910/code/LLM/ChipVerilogSuite/Des/or1200_hp/des/verilog/or1200_freeze/or1200_freeze.v";
    "/hpc/home/connect.ytan910/code/LLM/ChipVerilogSuite/Des/or1200_hp/des/verilog/or1200_genpc/or1200_genpc.v";
    "/hpc/home/connect.ytan910/code/LLM/ChipVerilogSuite/Des/or1200_hp/des/verilog/or1200_if/or1200_if.v";
    "/hpc/home/connect.ytan910/code/LLM/ChipVerilogSuite/Des/or1200_hp/des/verilog/or1200_lsu/or1200_lsu.v";
    "/hpc/home/connect.ytan910/code/LLM/ChipVerilogSuite/Des/or1200_hp/des/verilog/or1200_mem2reg/or1200_mem2reg.v";
    "/hpc/home/connect.ytan910/code/LLM/ChipVerilogSuite/Des/or1200_hp/des/verilog/or1200_reg2mem/or1200_reg2mem.v";
    "/hpc/home/connect.ytan910/code/LLM/ChipVerilogSuite/Des/or1200_hp/des/verilog/or1200_mult_mac/or1200_mult_mac.v";
    "/hpc/home/connect.ytan910/code/LLM/ChipVerilogSuite/Des/or1200_hp/des/verilog/or1200_gmultp2_32x32/or1200_gmultp2_32x32.v";
    "/hpc/home/connect.ytan910/code/LLM/ChipVerilogSuite/Des/or1200_hp/des/verilog/or1200_operandmuxes/or1200_operandmuxes.v";
    "/hpc/home/connect.ytan910/code/LLM/ChipVerilogSuite/Des/or1200_hp/des/verilog/or1200_rf/or1200_rf.v";
    "/hpc/home/connect.ytan910/code/LLM/ChipVerilogSuite/Des/or1200_hp/des/verilog/or1200_rf/or1200_rfram_generic.v";
    "/hpc/home/connect.ytan910/code/LLM/ChipVerilogSuite/Des/or1200_hp/des/verilog/or1200_sprs/or1200_sprs.v";
    "/hpc/home/connect.ytan910/code/LLM/ChipVerilogSuite/Des/or1200_hp/des/verilog/or1200_wbmux/or1200_wbmux.v";
    "/hpc/home/connect.ytan910/code/LLM/ChipVerilogSuite/Des/or1200_hp/des/verilog/or1200_dc_top/or1200_dc_top.v";
    "/hpc/home/connect.ytan910/code/LLM/ChipVerilogSuite/Des/or1200_hp/des/verilog/or1200_dc_fsm/or1200_dc_fsm.v";
    "/hpc/home/connect.ytan910/code/LLM/ChipVerilogSuite/Des/or1200_hp/des/verilog/or1200_dc_ram/or1200_dc_ram.v";
    "/hpc/home/connect.ytan910/code/LLM/ChipVerilogSuite/Des/or1200_hp/des/verilog/or1200_dc_tag/or1200_dc_tag.v";
    "/hpc/home/connect.ytan910/code/LLM/ChipVerilogSuite/Des/or1200_hp/des/verilog/or1200_dmmu_top/or1200_dmmu_top.v";
    "/hpc/home/connect.ytan910/code/LLM/ChipVerilogSuite/Des/or1200_hp/des/verilog/or1200_du/or1200_du.v";
    "/hpc/home/connect.ytan910/code/LLM/ChipVerilogSuite/Des/or1200_hp/des/verilog/or1200_ic_top/or1200_ic_top.v";
    "/hpc/home/connect.ytan910/code/LLM/ChipVerilogSuite/Des/or1200_hp/des/verilog/or1200_ic_fsm/or1200_ic_fsm.v";
    "/hpc/home/connect.ytan910/code/LLM/ChipVerilogSuite/Des/or1200_hp/des/verilog/or1200_ic_ram/or1200_ic_ram.v";
    "/hpc/home/connect.ytan910/code/LLM/ChipVerilogSuite/Des/or1200_hp/des/verilog/or1200_ic_tag/or1200_ic_tag.v";
    "/hpc/home/connect.ytan910/code/LLM/ChipVerilogSuite/Des/or1200_hp/des/verilog/or1200_immu_top/or1200_immu_top.v";
    "/hpc/home/connect.ytan910/code/LLM/ChipVerilogSuite/Des/or1200_hp/des/verilog/or1200_pic/or1200_pic.v";
    "/hpc/home/connect.ytan910/code/LLM/ChipVerilogSuite/Des/or1200_hp/des/verilog/or1200_pm/or1200_pm.v";
    "/hpc/home/connect.ytan910/code/LLM/ChipVerilogSuite/Des/or1200_hp/des/verilog/or1200_qmem_top/or1200_qmem_top.v";
    "/hpc/home/connect.ytan910/code/LLM/ChipVerilogSuite/Des/or1200_hp/des/verilog/or1200_sb/or1200_sb.v";
    "/hpc/home/connect.ytan910/code/LLM/ChipVerilogSuite/Des/or1200_hp/des/verilog/or1200_tt/or1200_tt.v";
    "/hpc/home/connect.ytan910/code/LLM/ChipVerilogSuite/Des/or1200_hp/des/verilog/or1200_top/random_rom_wb.v";
