#! /hpc/home/ytan910@CONNECT/lib/iverilog/bin/vvp
:ivl_version "13.0 (devel)" "(s20221226-518-g94d9d19)";
:ivl_delay_selection "TYPICAL";
:vpi_time_precision - 9;
:vpi_module "/hpc/home/connect.ytan910/lib/iverilog/lib/ivl/system.vpi";
:vpi_module "/hpc/home/connect.ytan910/lib/iverilog/lib/ivl/vhdl_sys.vpi";
:vpi_module "/hpc/home/connect.ytan910/lib/iverilog/lib/ivl/vhdl_textio.vpi";
:vpi_module "/hpc/home/connect.ytan910/lib/iverilog/lib/ivl/v2005_math.vpi";
:vpi_module "/hpc/home/connect.ytan910/lib/iverilog/lib/ivl/va_math.vpi";
S_0xd2a360 .scope module, "tb" "tb" 2 14;
 .timescale -9 -9;
v0xd8a350_0 .var/real "a_e", 0 0;
v0xd8a430_0 .var/real "a_i", 0 0;
v0xd8a4f0_0 .var/real "a_o", 0 0;
v0xd8a590_0 .var "clock", 0 0;
v0xd79f50_0 .var/s "ex", 16 0;
v0xd8a860_0 .var/s "ey", 16 0;
v0xd8a940_0 .var/i "i", 31 0;
v0xd8aa20_0 .var "init", 0 0;
v0xd8aae0_0 .var/i "j", 31 0;
v0xd8ac50_0 .var "reset", 0 0;
v0xd7a100_0 .var/real "rx", 0 0;
v0xd8af00_0 .var/real "ry", 0 0;
v0xd8afa0_0 .var "theta_i", 16 0;
v0xd8b040_0 .net "theta_o", 16 0, L_0xd9ffe0;  1 drivers
v0xd8b0e0 .array/s "x", 0 90, 16 0;
v0xd8b180_0 .var "x_i", 16 0;
v0xd8b240_0 .net "x_o", 16 0, L_0xd9fe60;  1 drivers
v0xd8b3f0 .array/s "y", 0 90, 16 0;
v0xd8b490_0 .var "y_i", 16 0;
v0xd8b530_0 .net "y_o", 16 0, L_0xd9ff20;  1 drivers
v0xd8b5d0 .array/s "z", 0 90, 16 0;
S_0xd2d9d0 .scope module, "UUT" "cordic" 2 23, 3 260 0, S_0xd2a360;
 .timescale -9 -9;
    .port_info 0 /INPUT 1 "clk";
    .port_info 1 /INPUT 1 "rst";
    .port_info 2 /INPUT 17 "x_i";
    .port_info 3 /INPUT 17 "y_i";
    .port_info 4 /INPUT 17 "theta_i";
    .port_info 5 /OUTPUT 17 "x_o";
    .port_info 6 /OUTPUT 17 "y_o";
    .port_info 7 /OUTPUT 17 "theta_o";
L_0xd9fbd0 .functor BUFZ 17, v0xd8b180_0, C4<00000000000000000>, C4<00000000000000000>, C4<00000000000000000>;
L_0xd9fc90 .functor BUFZ 17, v0xd8b490_0, C4<00000000000000000>, C4<00000000000000000>, C4<00000000000000000>;
L_0xd9fd50 .functor BUFZ 17, v0xd8afa0_0, C4<00000000000000000>, C4<00000000000000000>, C4<00000000000000000>;
L_0xd9fe60 .functor BUFZ 17, v0xd876b0_0, C4<00000000000000000>, C4<00000000000000000>, C4<00000000000000000>;
L_0xd9ff20 .functor BUFZ 17, v0xd87a50_0, C4<00000000000000000>, C4<00000000000000000>, C4<00000000000000000>;
L_0xd9ffe0 .functor BUFZ 17, v0xd87e00_0, C4<00000000000000000>, C4<00000000000000000>, C4<00000000000000000>;
v0xd88520_0 .net "clk", 0 0, v0xd8a590_0;  1 drivers
v0xd885e0_0 .net "rst", 0 0, v0xd8ac50_0;  1 drivers
v0xd886a0_0 .net/s "theta_i", 16 0, v0xd8afa0_0;  1 drivers
v0xd88770_0 .net/s "theta_o", 16 0, L_0xd9ffe0;  alias, 1 drivers
v0xd88850 .array "x", 0 15;
v0xd88850_0 .net/s v0xd88850 0, 16 0, L_0xd9fbd0; 1 drivers
v0xd88850_1 .net/s v0xd88850 1, 16 0, L_0xd9b7c0; 1 drivers
v0xd88850_2 .net/s v0xd88850 2, 16 0, L_0xd9bc90; 1 drivers
v0xd88850_3 .net/s v0xd88850 3, 16 0, L_0xd9c150; 1 drivers
v0xd88850_4 .net/s v0xd88850 4, 16 0, L_0xd9c5f0; 1 drivers
v0xd88850_5 .net/s v0xd88850 5, 16 0, L_0xd9cb20; 1 drivers
v0xd88850_6 .net/s v0xd88850 6, 16 0, L_0xd9cfc0; 1 drivers
v0xd88850_7 .net/s v0xd88850 7, 16 0, L_0xd9d460; 1 drivers
v0xd88850_8 .net/s v0xd88850 8, 16 0, L_0xd9d900; 1 drivers
v0xd88850_9 .net/s v0xd88850 9, 16 0, L_0xd9de50; 1 drivers
v0xd88850_10 .net/s v0xd88850 10, 16 0, L_0xd9e2c0; 1 drivers
v0xd88850_11 .net/s v0xd88850 11, 16 0, L_0xd9e760; 1 drivers
v0xd88850_12 .net/s v0xd88850 12, 16 0, L_0xd9ec00; 1 drivers
v0xd88850_13 .net/s v0xd88850 13, 16 0, L_0xd9f0a0; 1 drivers
v0xd88850_14 .net/s v0xd88850 14, 16 0, L_0xd9f540; 1 drivers
v0xd88850_15 .net/s v0xd88850 15, 16 0, v0xd876b0_0; 1 drivers
v0xd88a40_0 .net/s "x_i", 16 0, v0xd8b180_0;  1 drivers
v0xd88b00_0 .net/s "x_o", 16 0, L_0xd9fe60;  alias, 1 drivers
v0xd88be0 .array "y", 0 15;
v0xd88be0_0 .net/s v0xd88be0 0, 16 0, L_0xd9fc90; 1 drivers
v0xd88be0_1 .net/s v0xd88be0 1, 16 0, L_0xd9b8c0; 1 drivers
v0xd88be0_2 .net/s v0xd88be0 2, 16 0, L_0xd9bd90; 1 drivers
v0xd88be0_3 .net/s v0xd88be0 3, 16 0, L_0xd9c250; 1 drivers
v0xd88be0_4 .net/s v0xd88be0 4, 16 0, L_0xd9c6f0; 1 drivers
v0xd88be0_5 .net/s v0xd88be0 5, 16 0, L_0xd9cc20; 1 drivers
v0xd88be0_6 .net/s v0xd88be0 6, 16 0, L_0xd9d0c0; 1 drivers
v0xd88be0_7 .net/s v0xd88be0 7, 16 0, L_0xd9d560; 1 drivers
v0xd88be0_8 .net/s v0xd88be0 8, 16 0, L_0xd9da00; 1 drivers
v0xd88be0_9 .net/s v0xd88be0 9, 16 0, L_0xd9df50; 1 drivers
v0xd88be0_10 .net/s v0xd88be0 10, 16 0, L_0xd9e3c0; 1 drivers
v0xd88be0_11 .net/s v0xd88be0 11, 16 0, L_0xd9e860; 1 drivers
v0xd88be0_12 .net/s v0xd88be0 12, 16 0, L_0xd9ed00; 1 drivers
v0xd88be0_13 .net/s v0xd88be0 13, 16 0, L_0xd9f1a0; 1 drivers
v0xd88be0_14 .net/s v0xd88be0 14, 16 0, L_0xd9f640; 1 drivers
v0xd88be0_15 .net/s v0xd88be0 15, 16 0, v0xd87a50_0; 1 drivers
v0xd88d80_0 .net/s "y_i", 16 0, v0xd8b490_0;  1 drivers
v0xd88ed0_0 .net/s "y_o", 16 0, L_0xd9ff20;  alias, 1 drivers
v0xd88fb0 .array "z", 0 15;
v0xd88fb0_0 .net/s v0xd88fb0 0, 16 0, L_0xd9fd50; 1 drivers
v0xd88fb0_1 .net/s v0xd88fb0 1, 16 0, L_0xd9b9f0; 1 drivers
v0xd88fb0_2 .net/s v0xd88fb0 2, 16 0, L_0xd9bec0; 1 drivers
v0xd88fb0_3 .net/s v0xd88fb0 3, 16 0, L_0xd9c380; 1 drivers
v0xd88fb0_4 .net/s v0xd88fb0 4, 16 0, L_0xd9c820; 1 drivers
v0xd88fb0_5 .net/s v0xd88fb0 5, 16 0, L_0xd9cd50; 1 drivers
v0xd88fb0_6 .net/s v0xd88fb0 6, 16 0, L_0xd9d1f0; 1 drivers
v0xd88fb0_7 .net/s v0xd88fb0 7, 16 0, L_0xd9d690; 1 drivers
v0xd88fb0_8 .net/s v0xd88fb0 8, 16 0, L_0xd9db30; 1 drivers
v0xd88fb0_9 .net/s v0xd88fb0 9, 16 0, L_0xd9e050; 1 drivers
v0xd88fb0_10 .net/s v0xd88fb0 10, 16 0, L_0xd9e4f0; 1 drivers
v0xd88fb0_11 .net/s v0xd88fb0 11, 16 0, L_0xd9e990; 1 drivers
v0xd88fb0_12 .net/s v0xd88fb0 12, 16 0, L_0xd9ee30; 1 drivers
v0xd88fb0_13 .net/s v0xd88fb0 13, 16 0, L_0xd9f2d0; 1 drivers
v0xd88fb0_14 .net/s v0xd88fb0 14, 16 0, L_0xd9f770; 1 drivers
v0xd88fb0_15 .net/s v0xd88fb0 15, 16 0, v0xd87e00_0; 1 drivers
S_0xd2e320 .scope generate, "genblk1[0]" "genblk1[0]" 3 361, 3 361 0, S_0xd2d9d0;
 .timescale -9 -9;
P_0xd18830 .param/l "i" 1 3 361, +C4<00>;
S_0xd2ca10 .scope module, "U" "rotator" 3 362, 3 189 0, S_0xd2e320;
 .timescale -9 -9;
    .port_info 0 /INPUT 1 "clk";
    .port_info 1 /INPUT 1 "rst";
    .port_info 2 /INPUT 17 "x_i";
    .port_info 3 /INPUT 17 "y_i";
    .port_info 4 /INPUT 17 "z_i";
    .port_info 5 /OUTPUT 17 "x_o";
    .port_info 6 /OUTPUT 17 "y_o";
    .port_info 7 /OUTPUT 17 "z_o";
P_0xce1a80 .param/l "iteration" 0 3 206, +C4<00000000000000000000000000000000>;
P_0xce1ac0 .param/l "tangle" 0 3 207, +C4<00110010010000111>;
L_0xd9b7c0 .functor BUFZ 17, v0xd68180_0, C4<00000000000000000>, C4<00000000000000000>, C4<00000000000000000>;
L_0xd9b8c0 .functor BUFZ 17, v0xd68500_0, C4<00000000000000000>, C4<00000000000000000>, C4<00000000000000000>;
L_0xd9b9f0 .functor BUFZ 17, v0xd688f0_0, C4<00000000000000000>, C4<00000000000000000>, C4<00000000000000000>;
L_0x7f11acd4c018 .functor BUFT 1, C4<00000000000000000000000000000000>, C4<0>, C4<0>, C4<0>;
v0xd67e30_0 .net/2s *"_ivl_0", 31 0, L_0x7f11acd4c018;  1 drivers
L_0x7f11acd4c060 .functor BUFT 1, C4<00000000000000000000000000000000>, C4<0>, C4<0>, C4<0>;
v0xd67f10_0 .net/2s *"_ivl_4", 31 0, L_0x7f11acd4c060;  1 drivers
v0xd67ff0_0 .net "clk", 0 0, v0xd8a590_0;  alias, 1 drivers
v0xd680c0_0 .net "rst", 0 0, v0xd8ac50_0;  alias, 1 drivers
v0xd68180_0 .var/s "x_1", 16 0;
v0xd682b0_0 .net/s "x_i", 16 0, L_0xd9fbd0;  alias, 1 drivers
v0xd68370_0 .net/s "x_i_shifted", 16 0, v0xd67400_0;  1 drivers
v0xd68440_0 .net/s "x_o", 16 0, L_0xd9b7c0;  alias, 1 drivers
v0xd68500_0 .var/s "y_1", 16 0;
v0xd68670_0 .net/s "y_i", 16 0, L_0xd9fc90;  alias, 1 drivers
v0xd68760_0 .net/s "y_i_shifted", 16 0, v0xd67b00_0;  1 drivers
v0xd68830_0 .net/s "y_o", 16 0, L_0xd9b8c0;  alias, 1 drivers
v0xd688f0_0 .var/s "z_1", 16 0;
v0xd689d0_0 .net/s "z_i", 16 0, L_0xd9fd50;  alias, 1 drivers
v0xd68ab0_0 .net/s "z_o", 16 0, L_0xd9b9f0;  alias, 1 drivers
E_0xc9a1a0 .event posedge, v0xd67ff0_0;
L_0xd9b680 .part L_0x7f11acd4c018, 0, 4;
L_0xd9b720 .part L_0x7f11acd4c060, 0, 4;
S_0xd21310 .scope module, "x_shifter" "signed_shifter" 3 214, 3 171 0, S_0xd2ca10;
 .timescale -9 -9;
    .port_info 0 /INPUT 4 "i";
    .port_info 1 /INPUT 17 "D";
    .port_info 2 /OUTPUT 17 "Q";
v0xced1b0_0 .net/s "D", 16 0, L_0xd9fbd0;  alias, 1 drivers
v0xd67400_0 .var/s "Q", 16 0;
v0xd674e0_0 .net "i", 3 0, L_0xd9b680;  1 drivers
v0xd675d0_0 .var/i "j", 31 0;
E_0xd20c60 .event anyedge, v0xced1b0_0, v0xd674e0_0, v0xd67400_0;
S_0xd67730 .scope module, "y_shifter" "signed_shifter" 3 215, 3 171 0, S_0xd2ca10;
 .timescale -9 -9;
    .port_info 0 /INPUT 4 "i";
    .port_info 1 /INPUT 17 "D";
    .port_info 2 /OUTPUT 17 "Q";
v0xd67a00_0 .net/s "D", 16 0, L_0xd9fc90;  alias, 1 drivers
v0xd67b00_0 .var/s "Q", 16 0;
v0xd67be0_0 .net "i", 3 0, L_0xd9b720;  1 drivers
v0xd67cd0_0 .var/i "j", 31 0;
E_0xd67980 .event anyedge, v0xd67a00_0, v0xd67be0_0, v0xd67b00_0;
S_0xd68c90 .scope generate, "genblk1[1]" "genblk1[1]" 3 361, 3 361 0, S_0xd2d9d0;
 .timescale -9 -9;
P_0xd68e60 .param/l "i" 1 3 361, +C4<01>;
S_0xd68f20 .scope module, "U" "rotator" 3 362, 3 189 0, S_0xd68c90;
 .timescale -9 -9;
    .port_info 0 /INPUT 1 "clk";
    .port_info 1 /INPUT 1 "rst";
    .port_info 2 /INPUT 17 "x_i";
    .port_info 3 /INPUT 17 "y_i";
    .port_info 4 /INPUT 17 "z_i";
    .port_info 5 /OUTPUT 17 "x_o";
    .port_info 6 /OUTPUT 17 "y_o";
    .port_info 7 /OUTPUT 17 "z_o";
P_0xd69100 .param/l "iteration" 0 3 206, +C4<00000000000000000000000000000001>;
P_0xd69140 .param/l "tangle" 0 3 207, +C4<00011101101011000>;
L_0xd9bc90 .functor BUFZ 17, v0xd6a590_0, C4<00000000000000000>, C4<00000000000000000>, C4<00000000000000000>;
L_0xd9bd90 .functor BUFZ 17, v0xd6a8f0_0, C4<00000000000000000>, C4<00000000000000000>, C4<00000000000000000>;
L_0xd9bec0 .functor BUFZ 17, v0xd6aca0_0, C4<00000000000000000>, C4<00000000000000000>, C4<00000000000000000>;
L_0x7f11acd4c0a8 .functor BUFT 1, C4<00000000000000000000000000000001>, C4<0>, C4<0>, C4<0>;
v0xd6a200_0 .net/2s *"_ivl_0", 31 0, L_0x7f11acd4c0a8;  1 drivers
L_0x7f11acd4c0f0 .functor BUFT 1, C4<00000000000000000000000000000001>, C4<0>, C4<0>, C4<0>;
v0xd6a2e0_0 .net/2s *"_ivl_4", 31 0, L_0x7f11acd4c0f0;  1 drivers
v0xd6a3c0_0 .net "clk", 0 0, v0xd8a590_0;  alias, 1 drivers
v0xd6a4c0_0 .net "rst", 0 0, v0xd8ac50_0;  alias, 1 drivers
v0xd6a590_0 .var/s "x_1", 16 0;
v0xd6a680_0 .net/s "x_i", 16 0, L_0xd9b7c0;  alias, 1 drivers
v0xd6a770_0 .net/s "x_i_shifted", 16 0, v0xd69800_0;  1 drivers
v0xd6a830_0 .net/s "x_o", 16 0, L_0xd9bc90;  alias, 1 drivers
v0xd6a8f0_0 .var/s "y_1", 16 0;
v0xd6aa60_0 .net/s "y_i", 16 0, L_0xd9b8c0;  alias, 1 drivers
v0xd6ab20_0 .net/s "y_i_shifted", 16 0, v0xd69ef0_0;  1 drivers
v0xd6abe0_0 .net/s "y_o", 16 0, L_0xd9bd90;  alias, 1 drivers
v0xd6aca0_0 .var/s "z_1", 16 0;
v0xd6ad80_0 .net/s "z_i", 16 0, L_0xd9b9f0;  alias, 1 drivers
v0xd6ae40_0 .net/s "z_o", 16 0, L_0xd9bec0;  alias, 1 drivers
L_0xd9baf0 .part L_0x7f11acd4c0a8, 0, 4;
L_0xd9bbc0 .part L_0x7f11acd4c0f0, 0, 4;
S_0xd69400 .scope module, "x_shifter" "signed_shifter" 3 214, 3 171 0, S_0xd68f20;
 .timescale -9 -9;
    .port_info 0 /INPUT 4 "i";
    .port_info 1 /INPUT 17 "D";
    .port_info 2 /OUTPUT 17 "Q";
v0xd696f0_0 .net/s "D", 16 0, L_0xd9b7c0;  alias, 1 drivers
v0xd69800_0 .var/s "Q", 16 0;
v0xd698c0_0 .net "i", 3 0, L_0xd9baf0;  1 drivers
v0xd699b0_0 .var/i "j", 31 0;
E_0xd69670 .event anyedge, v0xd68440_0, v0xd698c0_0, v0xd69800_0;
S_0xd69b10 .scope module, "y_shifter" "signed_shifter" 3 215, 3 171 0, S_0xd68f20;
 .timescale -9 -9;
    .port_info 0 /INPUT 4 "i";
    .port_info 1 /INPUT 17 "D";
    .port_info 2 /OUTPUT 17 "Q";
v0xd69de0_0 .net/s "D", 16 0, L_0xd9b8c0;  alias, 1 drivers
v0xd69ef0_0 .var/s "Q", 16 0;
v0xd69fb0_0 .net "i", 3 0, L_0xd9bbc0;  1 drivers
v0xd6a0a0_0 .var/i "j", 31 0;
E_0xd69d60 .event anyedge, v0xd68830_0, v0xd69fb0_0, v0xd69ef0_0;
S_0xd6b050 .scope generate, "genblk1[2]" "genblk1[2]" 3 361, 3 361 0, S_0xd2d9d0;
 .timescale -9 -9;
P_0xd6b230 .param/l "i" 1 3 361, +C4<010>;
S_0xd6b2f0 .scope module, "U" "rotator" 3 362, 3 189 0, S_0xd6b050;
 .timescale -9 -9;
    .port_info 0 /INPUT 1 "clk";
    .port_info 1 /INPUT 1 "rst";
    .port_info 2 /INPUT 17 "x_i";
    .port_info 3 /INPUT 17 "y_i";
    .port_info 4 /INPUT 17 "z_i";
    .port_info 5 /OUTPUT 17 "x_o";
    .port_info 6 /OUTPUT 17 "y_o";
    .port_info 7 /OUTPUT 17 "z_o";
P_0xd6b4d0 .param/l "iteration" 0 3 206, +C4<00000000000000000000000000000010>;
P_0xd6b510 .param/l "tangle" 0 3 207, +C4<00001111101011011>;
L_0xd9c150 .functor BUFZ 17, v0xd6c9a0_0, C4<00000000000000000>, C4<00000000000000000>, C4<00000000000000000>;
L_0xd9c250 .functor BUFZ 17, v0xd6cd40_0, C4<00000000000000000>, C4<00000000000000000>, C4<00000000000000000>;
L_0xd9c380 .functor BUFZ 17, v0xd6d0f0_0, C4<00000000000000000>, C4<00000000000000000>, C4<00000000000000000>;
L_0x7f11acd4c138 .functor BUFT 1, C4<00000000000000000000000000000010>, C4<0>, C4<0>, C4<0>;
v0xd6c5d0_0 .net/2s *"_ivl_0", 31 0, L_0x7f11acd4c138;  1 drivers
L_0x7f11acd4c180 .functor BUFT 1, C4<00000000000000000000000000000010>, C4<0>, C4<0>, C4<0>;
v0xd6c6b0_0 .net/2s *"_ivl_4", 31 0, L_0x7f11acd4c180;  1 drivers
v0xd6c790_0 .net "clk", 0 0, v0xd8a590_0;  alias, 1 drivers
v0xd6c8b0_0 .net "rst", 0 0, v0xd8ac50_0;  alias, 1 drivers
v0xd6c9a0_0 .var/s "x_1", 16 0;
v0xd6cab0_0 .net/s "x_i", 16 0, L_0xd9bc90;  alias, 1 drivers
v0xd6cbc0_0 .net/s "x_i_shifted", 16 0, v0xd6bbd0_0;  1 drivers
v0xd6cc80_0 .net/s "x_o", 16 0, L_0xd9c150;  alias, 1 drivers
v0xd6cd40_0 .var/s "y_1", 16 0;
v0xd6ceb0_0 .net/s "y_i", 16 0, L_0xd9bd90;  alias, 1 drivers
v0xd6cf70_0 .net/s "y_i_shifted", 16 0, v0xd6c2c0_0;  1 drivers
v0xd6d030_0 .net/s "y_o", 16 0, L_0xd9c250;  alias, 1 drivers
v0xd6d0f0_0 .var/s "z_1", 16 0;
v0xd6d1d0_0 .net/s "z_i", 16 0, L_0xd9bec0;  alias, 1 drivers
v0xd6d290_0 .net/s "z_o", 16 0, L_0xd9c380;  alias, 1 drivers
L_0xd9bf90 .part L_0x7f11acd4c138, 0, 4;
L_0xd9c030 .part L_0x7f11acd4c180, 0, 4;
S_0xd6b7d0 .scope module, "x_shifter" "signed_shifter" 3 214, 3 171 0, S_0xd6b2f0;
 .timescale -9 -9;
    .port_info 0 /INPUT 4 "i";
    .port_info 1 /INPUT 17 "D";
    .port_info 2 /OUTPUT 17 "Q";
v0xd6bac0_0 .net/s "D", 16 0, L_0xd9bc90;  alias, 1 drivers
v0xd6bbd0_0 .var/s "Q", 16 0;
v0xd6bc90_0 .net "i", 3 0, L_0xd9bf90;  1 drivers
v0xd6bd80_0 .var/i "j", 31 0;
E_0xd6ba40 .event anyedge, v0xd6a830_0, v0xd6bc90_0, v0xd6bbd0_0;
S_0xd6bee0 .scope module, "y_shifter" "signed_shifter" 3 215, 3 171 0, S_0xd6b2f0;
 .timescale -9 -9;
    .port_info 0 /INPUT 4 "i";
    .port_info 1 /INPUT 17 "D";
    .port_info 2 /OUTPUT 17 "Q";
v0xd6c1b0_0 .net/s "D", 16 0, L_0xd9bd90;  alias, 1 drivers
v0xd6c2c0_0 .var/s "Q", 16 0;
v0xd6c380_0 .net "i", 3 0, L_0xd9c030;  1 drivers
v0xd6c470_0 .var/i "j", 31 0;
E_0xd6c130 .event anyedge, v0xd6abe0_0, v0xd6c380_0, v0xd6c2c0_0;
S_0xd6d4a0 .scope generate, "genblk1[3]" "genblk1[3]" 3 361, 3 361 0, S_0xd2d9d0;
 .timescale -9 -9;
P_0xd6d650 .param/l "i" 1 3 361, +C4<011>;
S_0xd6d730 .scope module, "U" "rotator" 3 362, 3 189 0, S_0xd6d4a0;
 .timescale -9 -9;
    .port_info 0 /INPUT 1 "clk";
    .port_info 1 /INPUT 1 "rst";
    .port_info 2 /INPUT 17 "x_i";
    .port_info 3 /INPUT 17 "y_i";
    .port_info 4 /INPUT 17 "z_i";
    .port_info 5 /OUTPUT 17 "x_o";
    .port_info 6 /OUTPUT 17 "y_o";
    .port_info 7 /OUTPUT 17 "z_o";
P_0xd6d910 .param/l "iteration" 0 3 206, +C4<00000000000000000000000000000011>;
P_0xd6d950 .param/l "tangle" 0 3 207, +C4<00000111111101011>;
L_0xd9c5f0 .functor BUFZ 17, v0xd6ecf0_0, C4<00000000000000000>, C4<00000000000000000>, C4<00000000000000000>;
L_0xd9c6f0 .functor BUFZ 17, v0xd6f090_0, C4<00000000000000000>, C4<00000000000000000>, C4<00000000000000000>;
L_0xd9c820 .functor BUFZ 17, v0xd6f440_0, C4<00000000000000000>, C4<00000000000000000>, C4<00000000000000000>;
L_0x7f11acd4c1c8 .functor BUFT 1, C4<00000000000000000000000000000011>, C4<0>, C4<0>, C4<0>;
v0xd6e9c0_0 .net/2s *"_ivl_0", 31 0, L_0x7f11acd4c1c8;  1 drivers
L_0x7f11acd4c210 .functor BUFT 1, C4<00000000000000000000000000000011>, C4<0>, C4<0>, C4<0>;
v0xd6eaa0_0 .net/2s *"_ivl_4", 31 0, L_0x7f11acd4c210;  1 drivers
v0xd6eb80_0 .net "clk", 0 0, v0xd8a590_0;  alias, 1 drivers
v0xd6ec50_0 .net "rst", 0 0, v0xd8ac50_0;  alias, 1 drivers
v0xd6ecf0_0 .var/s "x_1", 16 0;
v0xd6ee00_0 .net/s "x_i", 16 0, L_0xd9c150;  alias, 1 drivers
v0xd6ef10_0 .net/s "x_i_shifted", 16 0, v0xd6dfc0_0;  1 drivers
v0xd6efd0_0 .net/s "x_o", 16 0, L_0xd9c5f0;  alias, 1 drivers
v0xd6f090_0 .var/s "y_1", 16 0;
v0xd6f200_0 .net/s "y_i", 16 0, L_0xd9c250;  alias, 1 drivers
v0xd6f2c0_0 .net/s "y_i_shifted", 16 0, v0xd6e6b0_0;  1 drivers
v0xd6f380_0 .net/s "y_o", 16 0, L_0xd9c6f0;  alias, 1 drivers
v0xd6f440_0 .var/s "z_1", 16 0;
v0xd6f520_0 .net/s "z_i", 16 0, L_0xd9c380;  alias, 1 drivers
v0xd6f5e0_0 .net/s "z_o", 16 0, L_0xd9c820;  alias, 1 drivers
L_0xd9c450 .part L_0x7f11acd4c1c8, 0, 4;
L_0xd9c520 .part L_0x7f11acd4c210, 0, 4;
S_0xd6dba0 .scope module, "x_shifter" "signed_shifter" 3 214, 3 171 0, S_0xd6d730;
 .timescale -9 -9;
    .port_info 0 /INPUT 4 "i";
    .port_info 1 /INPUT 17 "D";
    .port_info 2 /OUTPUT 17 "Q";
v0xd6deb0_0 .net/s "D", 16 0, L_0xd9c150;  alias, 1 drivers
v0xd6dfc0_0 .var/s "Q", 16 0;
v0xd6e080_0 .net "i", 3 0, L_0xd9c450;  1 drivers
v0xd6e170_0 .var/i "j", 31 0;
E_0xd6de30 .event anyedge, v0xd6cc80_0, v0xd6e080_0, v0xd6dfc0_0;
S_0xd6e2d0 .scope module, "y_shifter" "signed_shifter" 3 215, 3 171 0, S_0xd6d730;
 .timescale -9 -9;
    .port_info 0 /INPUT 4 "i";
    .port_info 1 /INPUT 17 "D";
    .port_info 2 /OUTPUT 17 "Q";
v0xd6e5a0_0 .net/s "D", 16 0, L_0xd9c250;  alias, 1 drivers
v0xd6e6b0_0 .var/s "Q", 16 0;
v0xd6e770_0 .net "i", 3 0, L_0xd9c520;  1 drivers
v0xd6e860_0 .var/i "j", 31 0;
E_0xd6e520 .event anyedge, v0xd6d030_0, v0xd6e770_0, v0xd6e6b0_0;
S_0xd6f7f0 .scope generate, "genblk1[4]" "genblk1[4]" 3 361, 3 361 0, S_0xd2d9d0;
 .timescale -9 -9;
P_0xd6f9f0 .param/l "i" 1 3 361, +C4<0100>;
S_0xd6fad0 .scope module, "U" "rotator" 3 362, 3 189 0, S_0xd6f7f0;
 .timescale -9 -9;
    .port_info 0 /INPUT 1 "clk";
    .port_info 1 /INPUT 1 "rst";
    .port_info 2 /INPUT 17 "x_i";
    .port_info 3 /INPUT 17 "y_i";
    .port_info 4 /INPUT 17 "z_i";
    .port_info 5 /OUTPUT 17 "x_o";
    .port_info 6 /OUTPUT 17 "y_o";
    .port_info 7 /OUTPUT 17 "z_o";
P_0xd6fcb0 .param/l "iteration" 0 3 206, +C4<00000000000000000000000000000100>;
P_0xd6fcf0 .param/l "tangle" 0 3 207, +C4<00000011111111101>;
L_0xd9cb20 .functor BUFZ 17, v0xd711d0_0, C4<00000000000000000>, C4<00000000000000000>, C4<00000000000000000>;
L_0xd9cc20 .functor BUFZ 17, v0xd714d0_0, C4<00000000000000000>, C4<00000000000000000>, C4<00000000000000000>;
L_0xd9cd50 .functor BUFZ 17, v0xd71880_0, C4<00000000000000000>, C4<00000000000000000>, C4<00000000000000000>;
L_0x7f11acd4c258 .functor BUFT 1, C4<00000000000000000000000000000100>, C4<0>, C4<0>, C4<0>;
v0xd70d80_0 .net/2s *"_ivl_0", 31 0, L_0x7f11acd4c258;  1 drivers
L_0x7f11acd4c2a0 .functor BUFT 1, C4<00000000000000000000000000000100>, C4<0>, C4<0>, C4<0>;
v0xd70e60_0 .net/2s *"_ivl_4", 31 0, L_0x7f11acd4c2a0;  1 drivers
v0xd70f40_0 .net "clk", 0 0, v0xd8a590_0;  alias, 1 drivers
v0xd710a0_0 .net "rst", 0 0, v0xd8ac50_0;  alias, 1 drivers
v0xd711d0_0 .var/s "x_1", 16 0;
v0xd71290_0 .net/s "x_i", 16 0, L_0xd9c5f0;  alias, 1 drivers
v0xd71350_0 .net/s "x_i_shifted", 16 0, v0xd70380_0;  1 drivers
v0xd71410_0 .net/s "x_o", 16 0, L_0xd9cb20;  alias, 1 drivers
v0xd714d0_0 .var/s "y_1", 16 0;
v0xd71640_0 .net/s "y_i", 16 0, L_0xd9c6f0;  alias, 1 drivers
v0xd71700_0 .net/s "y_i_shifted", 16 0, v0xd70a70_0;  1 drivers
v0xd717c0_0 .net/s "y_o", 16 0, L_0xd9cc20;  alias, 1 drivers
v0xd71880_0 .var/s "z_1", 16 0;
v0xd71960_0 .net/s "z_i", 16 0, L_0xd9c820;  alias, 1 drivers
v0xd71a20_0 .net/s "z_o", 16 0, L_0xd9cd50;  alias, 1 drivers
L_0xd9c980 .part L_0x7f11acd4c258, 0, 4;
L_0xd9ca50 .part L_0x7f11acd4c2a0, 0, 4;
S_0xd6ff60 .scope module, "x_shifter" "signed_shifter" 3 214, 3 171 0, S_0xd6fad0;
 .timescale -9 -9;
    .port_info 0 /INPUT 4 "i";
    .port_info 1 /INPUT 17 "D";
    .port_info 2 /OUTPUT 17 "Q";
v0xd70270_0 .net/s "D", 16 0, L_0xd9c5f0;  alias, 1 drivers
v0xd70380_0 .var/s "Q", 16 0;
v0xd70440_0 .net "i", 3 0, L_0xd9c980;  1 drivers
v0xd70530_0 .var/i "j", 31 0;
E_0xd701f0 .event anyedge, v0xd6efd0_0, v0xd70440_0, v0xd70380_0;
S_0xd70690 .scope module, "y_shifter" "signed_shifter" 3 215, 3 171 0, S_0xd6fad0;
 .timescale -9 -9;
    .port_info 0 /INPUT 4 "i";
    .port_info 1 /INPUT 17 "D";
    .port_info 2 /OUTPUT 17 "Q";
v0xd70960_0 .net/s "D", 16 0, L_0xd9c6f0;  alias, 1 drivers
v0xd70a70_0 .var/s "Q", 16 0;
v0xd70b30_0 .net "i", 3 0, L_0xd9ca50;  1 drivers
v0xd70c20_0 .var/i "j", 31 0;
E_0xd708e0 .event anyedge, v0xd6f380_0, v0xd70b30_0, v0xd70a70_0;
S_0xd71c30 .scope generate, "genblk1[5]" "genblk1[5]" 3 361, 3 361 0, S_0xd2d9d0;
 .timescale -9 -9;
P_0xd71de0 .param/l "i" 1 3 361, +C4<0101>;
S_0xd71ec0 .scope module, "U" "rotator" 3 362, 3 189 0, S_0xd71c30;
 .timescale -9 -9;
    .port_info 0 /INPUT 1 "clk";
    .port_info 1 /INPUT 1 "rst";
    .port_info 2 /INPUT 17 "x_i";
    .port_info 3 /INPUT 17 "y_i";
    .port_info 4 /INPUT 17 "z_i";
    .port_info 5 /OUTPUT 17 "x_o";
    .port_info 6 /OUTPUT 17 "y_o";
    .port_info 7 /OUTPUT 17 "z_o";
P_0xd720a0 .param/l "iteration" 0 3 206, +C4<00000000000000000000000000000101>;
P_0xd720e0 .param/l "tangle" 0 3 207, +C4<00000010000000000>;
L_0xd9cfc0 .functor BUFZ 17, v0xd734d0_0, C4<00000000000000000>, C4<00000000000000000>, C4<00000000000000000>;
L_0xd9d0c0 .functor BUFZ 17, v0xd73870_0, C4<00000000000000000>, C4<00000000000000000>, C4<00000000000000000>;
L_0xd9d1f0 .functor BUFZ 17, v0xd73c20_0, C4<00000000000000000>, C4<00000000000000000>, C4<00000000000000000>;
L_0x7f11acd4c2e8 .functor BUFT 1, C4<00000000000000000000000000000101>, C4<0>, C4<0>, C4<0>;
v0xd731a0_0 .net/2s *"_ivl_0", 31 0, L_0x7f11acd4c2e8;  1 drivers
L_0x7f11acd4c330 .functor BUFT 1, C4<00000000000000000000000000000101>, C4<0>, C4<0>, C4<0>;
v0xd73280_0 .net/2s *"_ivl_4", 31 0, L_0x7f11acd4c330;  1 drivers
v0xd73360_0 .net "clk", 0 0, v0xd8a590_0;  alias, 1 drivers
v0xd73430_0 .net "rst", 0 0, v0xd8ac50_0;  alias, 1 drivers
v0xd734d0_0 .var/s "x_1", 16 0;
v0xd735e0_0 .net/s "x_i", 16 0, L_0xd9cb20;  alias, 1 drivers
v0xd736f0_0 .net/s "x_i_shifted", 16 0, v0xd727a0_0;  1 drivers
v0xd737b0_0 .net/s "x_o", 16 0, L_0xd9cfc0;  alias, 1 drivers
v0xd73870_0 .var/s "y_1", 16 0;
v0xd739e0_0 .net/s "y_i", 16 0, L_0xd9cc20;  alias, 1 drivers
v0xd73aa0_0 .net/s "y_i_shifted", 16 0, v0xd72e90_0;  1 drivers
v0xd73b60_0 .net/s "y_o", 16 0, L_0xd9d0c0;  alias, 1 drivers
v0xd73c20_0 .var/s "z_1", 16 0;
v0xd73d00_0 .net/s "z_i", 16 0, L_0xd9cd50;  alias, 1 drivers
v0xd73dc0_0 .net/s "z_o", 16 0, L_0xd9d1f0;  alias, 1 drivers
L_0xd9ce20 .part L_0x7f11acd4c2e8, 0, 4;
L_0xd9cef0 .part L_0x7f11acd4c330, 0, 4;
S_0xd723a0 .scope module, "x_shifter" "signed_shifter" 3 214, 3 171 0, S_0xd71ec0;
 .timescale -9 -9;
    .port_info 0 /INPUT 4 "i";
    .port_info 1 /INPUT 17 "D";
    .port_info 2 /OUTPUT 17 "Q";
v0xd72690_0 .net/s "D", 16 0, L_0xd9cb20;  alias, 1 drivers
v0xd727a0_0 .var/s "Q", 16 0;
v0xd72860_0 .net "i", 3 0, L_0xd9ce20;  1 drivers
v0xd72950_0 .var/i "j", 31 0;
E_0xd72610 .event anyedge, v0xd71410_0, v0xd72860_0, v0xd727a0_0;
S_0xd72ab0 .scope module, "y_shifter" "signed_shifter" 3 215, 3 171 0, S_0xd71ec0;
 .timescale -9 -9;
    .port_info 0 /INPUT 4 "i";
    .port_info 1 /INPUT 17 "D";
    .port_info 2 /OUTPUT 17 "Q";
v0xd72d80_0 .net/s "D", 16 0, L_0xd9cc20;  alias, 1 drivers
v0xd72e90_0 .var/s "Q", 16 0;
v0xd72f50_0 .net "i", 3 0, L_0xd9cef0;  1 drivers
v0xd73040_0 .var/i "j", 31 0;
E_0xd72d00 .event anyedge, v0xd717c0_0, v0xd72f50_0, v0xd72e90_0;
S_0xd73fd0 .scope generate, "genblk1[6]" "genblk1[6]" 3 361, 3 361 0, S_0xd2d9d0;
 .timescale -9 -9;
P_0xd74180 .param/l "i" 1 3 361, +C4<0110>;
S_0xd74260 .scope module, "U" "rotator" 3 362, 3 189 0, S_0xd73fd0;
 .timescale -9 -9;
    .port_info 0 /INPUT 1 "clk";
    .port_info 1 /INPUT 1 "rst";
    .port_info 2 /INPUT 17 "x_i";
    .port_info 3 /INPUT 17 "y_i";
    .port_info 4 /INPUT 17 "z_i";
    .port_info 5 /OUTPUT 17 "x_o";
    .port_info 6 /OUTPUT 17 "y_o";
    .port_info 7 /OUTPUT 17 "z_o";
P_0xd74440 .param/l "iteration" 0 3 206, +C4<00000000000000000000000000000110>;
P_0xd74480 .param/l "tangle" 0 3 207, +C4<00000001000000000>;
L_0xd9d460 .functor BUFZ 17, v0xd75870_0, C4<00000000000000000>, C4<00000000000000000>, C4<00000000000000000>;
L_0xd9d560 .functor BUFZ 17, v0xd75c10_0, C4<00000000000000000>, C4<00000000000000000>, C4<00000000000000000>;
L_0xd9d690 .functor BUFZ 17, v0xd75fc0_0, C4<00000000000000000>, C4<00000000000000000>, C4<00000000000000000>;
L_0x7f11acd4c378 .functor BUFT 1, C4<00000000000000000000000000000110>, C4<0>, C4<0>, C4<0>;
v0xd75540_0 .net/2s *"_ivl_0", 31 0, L_0x7f11acd4c378;  1 drivers
L_0x7f11acd4c3c0 .functor BUFT 1, C4<00000000000000000000000000000110>, C4<0>, C4<0>, C4<0>;
v0xd75620_0 .net/2s *"_ivl_4", 31 0, L_0x7f11acd4c3c0;  1 drivers
v0xd75700_0 .net "clk", 0 0, v0xd8a590_0;  alias, 1 drivers
v0xd757d0_0 .net "rst", 0 0, v0xd8ac50_0;  alias, 1 drivers
v0xd75870_0 .var/s "x_1", 16 0;
v0xd75980_0 .net/s "x_i", 16 0, L_0xd9cfc0;  alias, 1 drivers
v0xd75a90_0 .net/s "x_i_shifted", 16 0, v0xd74b40_0;  1 drivers
v0xd75b50_0 .net/s "x_o", 16 0, L_0xd9d460;  alias, 1 drivers
v0xd75c10_0 .var/s "y_1", 16 0;
v0xd75d80_0 .net/s "y_i", 16 0, L_0xd9d0c0;  alias, 1 drivers
v0xd75e40_0 .net/s "y_i_shifted", 16 0, v0xd75230_0;  1 drivers
v0xd75f00_0 .net/s "y_o", 16 0, L_0xd9d560;  alias, 1 drivers
v0xd75fc0_0 .var/s "z_1", 16 0;
v0xd760a0_0 .net/s "z_i", 16 0, L_0xd9d1f0;  alias, 1 drivers
v0xd76160_0 .net/s "z_o", 16 0, L_0xd9d690;  alias, 1 drivers
L_0xd9d2c0 .part L_0x7f11acd4c378, 0, 4;
L_0xd9d390 .part L_0x7f11acd4c3c0, 0, 4;
S_0xd74740 .scope module, "x_shifter" "signed_shifter" 3 214, 3 171 0, S_0xd74260;
 .timescale -9 -9;
    .port_info 0 /INPUT 4 "i";
    .port_info 1 /INPUT 17 "D";
    .port_info 2 /OUTPUT 17 "Q";
v0xd74a30_0 .net/s "D", 16 0, L_0xd9cfc0;  alias, 1 drivers
v0xd74b40_0 .var/s "Q", 16 0;
v0xd74c00_0 .net "i", 3 0, L_0xd9d2c0;  1 drivers
v0xd74cf0_0 .var/i "j", 31 0;
E_0xd749b0 .event anyedge, v0xd737b0_0, v0xd74c00_0, v0xd74b40_0;
S_0xd74e50 .scope module, "y_shifter" "signed_shifter" 3 215, 3 171 0, S_0xd74260;
 .timescale -9 -9;
    .port_info 0 /INPUT 4 "i";
    .port_info 1 /INPUT 17 "D";
    .port_info 2 /OUTPUT 17 "Q";
v0xd75120_0 .net/s "D", 16 0, L_0xd9d0c0;  alias, 1 drivers
v0xd75230_0 .var/s "Q", 16 0;
v0xd752f0_0 .net "i", 3 0, L_0xd9d390;  1 drivers
v0xd753e0_0 .var/i "j", 31 0;
E_0xd750a0 .event anyedge, v0xd73b60_0, v0xd752f0_0, v0xd75230_0;
S_0xd76370 .scope generate, "genblk1[7]" "genblk1[7]" 3 361, 3 361 0, S_0xd2d9d0;
 .timescale -9 -9;
P_0xd76520 .param/l "i" 1 3 361, +C4<0111>;
S_0xd76600 .scope module, "U" "rotator" 3 362, 3 189 0, S_0xd76370;
 .timescale -9 -9;
    .port_info 0 /INPUT 1 "clk";
    .port_info 1 /INPUT 1 "rst";
    .port_info 2 /INPUT 17 "x_i";
    .port_info 3 /INPUT 17 "y_i";
    .port_info 4 /INPUT 17 "z_i";
    .port_info 5 /OUTPUT 17 "x_o";
    .port_info 6 /OUTPUT 17 "y_o";
    .port_info 7 /OUTPUT 17 "z_o";
P_0xd767e0 .param/l "iteration" 0 3 206, +C4<00000000000000000000000000000111>;
P_0xd76820 .param/l "tangle" 0 3 207, +C4<00000000100000000>;
L_0xd9d900 .functor BUFZ 17, v0xd77c10_0, C4<00000000000000000>, C4<00000000000000000>, C4<00000000000000000>;
L_0xd9da00 .functor BUFZ 17, v0xd77fb0_0, C4<00000000000000000>, C4<00000000000000000>, C4<00000000000000000>;
L_0xd9db30 .functor BUFZ 17, v0xd78360_0, C4<00000000000000000>, C4<00000000000000000>, C4<00000000000000000>;
L_0x7f11acd4c408 .functor BUFT 1, C4<00000000000000000000000000000111>, C4<0>, C4<0>, C4<0>;
v0xd778e0_0 .net/2s *"_ivl_0", 31 0, L_0x7f11acd4c408;  1 drivers
L_0x7f11acd4c450 .functor BUFT 1, C4<00000000000000000000000000000111>, C4<0>, C4<0>, C4<0>;
v0xd779c0_0 .net/2s *"_ivl_4", 31 0, L_0x7f11acd4c450;  1 drivers
v0xd77aa0_0 .net "clk", 0 0, v0xd8a590_0;  alias, 1 drivers
v0xd77b70_0 .net "rst", 0 0, v0xd8ac50_0;  alias, 1 drivers
v0xd77c10_0 .var/s "x_1", 16 0;
v0xd77d20_0 .net/s "x_i", 16 0, L_0xd9d460;  alias, 1 drivers
v0xd77e30_0 .net/s "x_i_shifted", 16 0, v0xd76ee0_0;  1 drivers
v0xd77ef0_0 .net/s "x_o", 16 0, L_0xd9d900;  alias, 1 drivers
v0xd77fb0_0 .var/s "y_1", 16 0;
v0xd78120_0 .net/s "y_i", 16 0, L_0xd9d560;  alias, 1 drivers
v0xd781e0_0 .net/s "y_i_shifted", 16 0, v0xd775d0_0;  1 drivers
v0xd782a0_0 .net/s "y_o", 16 0, L_0xd9da00;  alias, 1 drivers
v0xd78360_0 .var/s "z_1", 16 0;
v0xd78440_0 .net/s "z_i", 16 0, L_0xd9d690;  alias, 1 drivers
v0xd78500_0 .net/s "z_o", 16 0, L_0xd9db30;  alias, 1 drivers
L_0xd9d760 .part L_0x7f11acd4c408, 0, 4;
L_0xd9d830 .part L_0x7f11acd4c450, 0, 4;
S_0xd76ae0 .scope module, "x_shifter" "signed_shifter" 3 214, 3 171 0, S_0xd76600;
 .timescale -9 -9;
    .port_info 0 /INPUT 4 "i";
    .port_info 1 /INPUT 17 "D";
    .port_info 2 /OUTPUT 17 "Q";
v0xd76dd0_0 .net/s "D", 16 0, L_0xd9d460;  alias, 1 drivers
v0xd76ee0_0 .var/s "Q", 16 0;
v0xd76fa0_0 .net "i", 3 0, L_0xd9d760;  1 drivers
v0xd77090_0 .var/i "j", 31 0;
E_0xd76d50 .event anyedge, v0xd75b50_0, v0xd76fa0_0, v0xd76ee0_0;
S_0xd771f0 .scope module, "y_shifter" "signed_shifter" 3 215, 3 171 0, S_0xd76600;
 .timescale -9 -9;
    .port_info 0 /INPUT 4 "i";
    .port_info 1 /INPUT 17 "D";
    .port_info 2 /OUTPUT 17 "Q";
v0xd774c0_0 .net/s "D", 16 0, L_0xd9d560;  alias, 1 drivers
v0xd775d0_0 .var/s "Q", 16 0;
v0xd77690_0 .net "i", 3 0, L_0xd9d830;  1 drivers
v0xd77780_0 .var/i "j", 31 0;
E_0xd77440 .event anyedge, v0xd75f00_0, v0xd77690_0, v0xd775d0_0;
S_0xd78710 .scope generate, "genblk1[8]" "genblk1[8]" 3 361, 3 361 0, S_0xd2d9d0;
 .timescale -9 -9;
P_0xd6f9a0 .param/l "i" 1 3 361, +C4<01000>;
S_0xd789e0 .scope module, "U" "rotator" 3 362, 3 189 0, S_0xd78710;
 .timescale -9 -9;
    .port_info 0 /INPUT 1 "clk";
    .port_info 1 /INPUT 1 "rst";
    .port_info 2 /INPUT 17 "x_i";
    .port_info 3 /INPUT 17 "y_i";
    .port_info 4 /INPUT 17 "z_i";
    .port_info 5 /OUTPUT 17 "x_o";
    .port_info 6 /OUTPUT 17 "y_o";
    .port_info 7 /OUTPUT 17 "z_o";
P_0xd78bc0 .param/l "iteration" 0 3 206, +C4<00000000000000000000000000001000>;
P_0xd78c00 .param/l "tangle" 0 3 207, +C4<00000000010000000>;
L_0xd9de50 .functor BUFZ 17, v0xd7a210_0, C4<00000000000000000>, C4<00000000000000000>, C4<00000000000000000>;
L_0xd9df50 .functor BUFZ 17, v0xd7a490_0, C4<00000000000000000>, C4<00000000000000000>, C4<00000000000000000>;
L_0xd9e050 .functor BUFZ 17, v0xd7a840_0, C4<00000000000000000>, C4<00000000000000000>, C4<00000000000000000>;
L_0x7f11acd4c498 .functor BUFT 1, C4<00000000000000000000000000001000>, C4<0>, C4<0>, C4<0>;
v0xd79cc0_0 .net/2s *"_ivl_0", 31 0, L_0x7f11acd4c498;  1 drivers
L_0x7f11acd4c4e0 .functor BUFT 1, C4<00000000000000000000000000001000>, C4<0>, C4<0>, C4<0>;
v0xd79da0_0 .net/2s *"_ivl_4", 31 0, L_0x7f11acd4c4e0;  1 drivers
v0xd79e80_0 .net "clk", 0 0, v0xd8a590_0;  alias, 1 drivers
v0xd7a060_0 .net "rst", 0 0, v0xd8ac50_0;  alias, 1 drivers
v0xd7a210_0 .var/s "x_1", 16 0;
v0xd7a2b0_0 .net/s "x_i", 16 0, L_0xd9d900;  alias, 1 drivers
v0xd7a350_0 .net/s "x_i_shifted", 16 0, v0xd792c0_0;  1 drivers
v0xd7a3f0_0 .net/s "x_o", 16 0, L_0xd9de50;  alias, 1 drivers
v0xd7a490_0 .var/s "y_1", 16 0;
v0xd7a600_0 .net/s "y_i", 16 0, L_0xd9da00;  alias, 1 drivers
v0xd7a6c0_0 .net/s "y_i_shifted", 16 0, v0xd799b0_0;  1 drivers
v0xd7a780_0 .net/s "y_o", 16 0, L_0xd9df50;  alias, 1 drivers
v0xd7a840_0 .var/s "z_1", 16 0;
v0xd7a920_0 .net/s "z_i", 16 0, L_0xd9db30;  alias, 1 drivers
v0xd7a9e0_0 .net/s "z_o", 16 0, L_0xd9e050;  alias, 1 drivers
L_0xd9dd10 .part L_0x7f11acd4c498, 0, 4;
L_0xd9ddb0 .part L_0x7f11acd4c4e0, 0, 4;
S_0xd78ec0 .scope module, "x_shifter" "signed_shifter" 3 214, 3 171 0, S_0xd789e0;
 .timescale -9 -9;
    .port_info 0 /INPUT 4 "i";
    .port_info 1 /INPUT 17 "D";
    .port_info 2 /OUTPUT 17 "Q";
v0xd791b0_0 .net/s "D", 16 0, L_0xd9d900;  alias, 1 drivers
v0xd792c0_0 .var/s "Q", 16 0;
v0xd79380_0 .net "i", 3 0, L_0xd9dd10;  1 drivers
v0xd79470_0 .var/i "j", 31 0;
E_0xd79130 .event anyedge, v0xd77ef0_0, v0xd79380_0, v0xd792c0_0;
S_0xd795d0 .scope module, "y_shifter" "signed_shifter" 3 215, 3 171 0, S_0xd789e0;
 .timescale -9 -9;
    .port_info 0 /INPUT 4 "i";
    .port_info 1 /INPUT 17 "D";
    .port_info 2 /OUTPUT 17 "Q";
v0xd798a0_0 .net/s "D", 16 0, L_0xd9da00;  alias, 1 drivers
v0xd799b0_0 .var/s "Q", 16 0;
v0xd79a70_0 .net "i", 3 0, L_0xd9ddb0;  1 drivers
v0xd79b60_0 .var/i "j", 31 0;
E_0xd79820 .event anyedge, v0xd782a0_0, v0xd79a70_0, v0xd799b0_0;
S_0xd7abf0 .scope generate, "genblk1[9]" "genblk1[9]" 3 361, 3 361 0, S_0xd2d9d0;
 .timescale -9 -9;
P_0xd7ada0 .param/l "i" 1 3 361, +C4<01001>;
S_0xd7ae80 .scope module, "U" "rotator" 3 362, 3 189 0, S_0xd7abf0;
 .timescale -9 -9;
    .port_info 0 /INPUT 1 "clk";
    .port_info 1 /INPUT 1 "rst";
    .port_info 2 /INPUT 17 "x_i";
    .port_info 3 /INPUT 17 "y_i";
    .port_info 4 /INPUT 17 "z_i";
    .port_info 5 /OUTPUT 17 "x_o";
    .port_info 6 /OUTPUT 17 "y_o";
    .port_info 7 /OUTPUT 17 "z_o";
P_0xd7b060 .param/l "iteration" 0 3 206, +C4<00000000000000000000000000001001>;
P_0xd7b0a0 .param/l "tangle" 0 3 207, +C4<00000000001000000>;
L_0xd9e2c0 .functor BUFZ 17, v0xd7c490_0, C4<00000000000000000>, C4<00000000000000000>, C4<00000000000000000>;
L_0xd9e3c0 .functor BUFZ 17, v0xd7c830_0, C4<00000000000000000>, C4<00000000000000000>, C4<00000000000000000>;
L_0xd9e4f0 .functor BUFZ 17, v0xd7cbe0_0, C4<00000000000000000>, C4<00000000000000000>, C4<00000000000000000>;
L_0x7f11acd4c528 .functor BUFT 1, C4<00000000000000000000000000001001>, C4<0>, C4<0>, C4<0>;
v0xd7c160_0 .net/2s *"_ivl_0", 31 0, L_0x7f11acd4c528;  1 drivers
L_0x7f11acd4c570 .functor BUFT 1, C4<00000000000000000000000000001001>, C4<0>, C4<0>, C4<0>;
v0xd7c240_0 .net/2s *"_ivl_4", 31 0, L_0x7f11acd4c570;  1 drivers
v0xd7c320_0 .net "clk", 0 0, v0xd8a590_0;  alias, 1 drivers
v0xd7c3f0_0 .net "rst", 0 0, v0xd8ac50_0;  alias, 1 drivers
v0xd7c490_0 .var/s "x_1", 16 0;
v0xd7c5a0_0 .net/s "x_i", 16 0, L_0xd9de50;  alias, 1 drivers
v0xd7c6b0_0 .net/s "x_i_shifted", 16 0, v0xd7b760_0;  1 drivers
v0xd7c770_0 .net/s "x_o", 16 0, L_0xd9e2c0;  alias, 1 drivers
v0xd7c830_0 .var/s "y_1", 16 0;
v0xd7c9a0_0 .net/s "y_i", 16 0, L_0xd9df50;  alias, 1 drivers
v0xd7ca60_0 .net/s "y_i_shifted", 16 0, v0xd7be50_0;  1 drivers
v0xd7cb20_0 .net/s "y_o", 16 0, L_0xd9e3c0;  alias, 1 drivers
v0xd7cbe0_0 .var/s "z_1", 16 0;
v0xd7ccc0_0 .net/s "z_i", 16 0, L_0xd9e050;  alias, 1 drivers
v0xd7cd80_0 .net/s "z_o", 16 0, L_0xd9e4f0;  alias, 1 drivers
L_0xd9e120 .part L_0x7f11acd4c528, 0, 4;
L_0xd9e1f0 .part L_0x7f11acd4c570, 0, 4;
S_0xd7b360 .scope module, "x_shifter" "signed_shifter" 3 214, 3 171 0, S_0xd7ae80;
 .timescale -9 -9;
    .port_info 0 /INPUT 4 "i";
    .port_info 1 /INPUT 17 "D";
    .port_info 2 /OUTPUT 17 "Q";
v0xd7b650_0 .net/s "D", 16 0, L_0xd9de50;  alias, 1 drivers
v0xd7b760_0 .var/s "Q", 16 0;
v0xd7b820_0 .net "i", 3 0, L_0xd9e120;  1 drivers
v0xd7b910_0 .var/i "j", 31 0;
E_0xd7b5d0 .event anyedge, v0xd7a3f0_0, v0xd7b820_0, v0xd7b760_0;
S_0xd7ba70 .scope module, "y_shifter" "signed_shifter" 3 215, 3 171 0, S_0xd7ae80;
 .timescale -9 -9;
    .port_info 0 /INPUT 4 "i";
    .port_info 1 /INPUT 17 "D";
    .port_info 2 /OUTPUT 17 "Q";
v0xd7bd40_0 .net/s "D", 16 0, L_0xd9df50;  alias, 1 drivers
v0xd7be50_0 .var/s "Q", 16 0;
v0xd7bf10_0 .net "i", 3 0, L_0xd9e1f0;  1 drivers
v0xd7c000_0 .var/i "j", 31 0;
E_0xd7bcc0 .event anyedge, v0xd7a780_0, v0xd7bf10_0, v0xd7be50_0;
S_0xd7cf90 .scope generate, "genblk1[10]" "genblk1[10]" 3 361, 3 361 0, S_0xd2d9d0;
 .timescale -9 -9;
P_0xd7d140 .param/l "i" 1 3 361, +C4<01010>;
S_0xd7d220 .scope module, "U" "rotator" 3 362, 3 189 0, S_0xd7cf90;
 .timescale -9 -9;
    .port_info 0 /INPUT 1 "clk";
    .port_info 1 /INPUT 1 "rst";
    .port_info 2 /INPUT 17 "x_i";
    .port_info 3 /INPUT 17 "y_i";
    .port_info 4 /INPUT 17 "z_i";
    .port_info 5 /OUTPUT 17 "x_o";
    .port_info 6 /OUTPUT 17 "y_o";
    .port_info 7 /OUTPUT 17 "z_o";
P_0xd7d400 .param/l "iteration" 0 3 206, +C4<00000000000000000000000000001010>;
P_0xd7d440 .param/l "tangle" 0 3 207, +C4<00000000000100000>;
L_0xd9e760 .functor BUFZ 17, v0xd7e830_0, C4<00000000000000000>, C4<00000000000000000>, C4<00000000000000000>;
L_0xd9e860 .functor BUFZ 17, v0xd7ebd0_0, C4<00000000000000000>, C4<00000000000000000>, C4<00000000000000000>;
L_0xd9e990 .functor BUFZ 17, v0xd7ef80_0, C4<00000000000000000>, C4<00000000000000000>, C4<00000000000000000>;
L_0x7f11acd4c5b8 .functor BUFT 1, C4<00000000000000000000000000001010>, C4<0>, C4<0>, C4<0>;
v0xd7e500_0 .net/2s *"_ivl_0", 31 0, L_0x7f11acd4c5b8;  1 drivers
L_0x7f11acd4c600 .functor BUFT 1, C4<00000000000000000000000000001010>, C4<0>, C4<0>, C4<0>;
v0xd7e5e0_0 .net/2s *"_ivl_4", 31 0, L_0x7f11acd4c600;  1 drivers
v0xd7e6c0_0 .net "clk", 0 0, v0xd8a590_0;  alias, 1 drivers
v0xd7e790_0 .net "rst", 0 0, v0xd8ac50_0;  alias, 1 drivers
v0xd7e830_0 .var/s "x_1", 16 0;
v0xd7e940_0 .net/s "x_i", 16 0, L_0xd9e2c0;  alias, 1 drivers
v0xd7ea50_0 .net/s "x_i_shifted", 16 0, v0xd7db00_0;  1 drivers
v0xd7eb10_0 .net/s "x_o", 16 0, L_0xd9e760;  alias, 1 drivers
v0xd7ebd0_0 .var/s "y_1", 16 0;
v0xd7ed40_0 .net/s "y_i", 16 0, L_0xd9e3c0;  alias, 1 drivers
v0xd7ee00_0 .net/s "y_i_shifted", 16 0, v0xd7e1f0_0;  1 drivers
v0xd7eec0_0 .net/s "y_o", 16 0, L_0xd9e860;  alias, 1 drivers
v0xd7ef80_0 .var/s "z_1", 16 0;
v0xd7f060_0 .net/s "z_i", 16 0, L_0xd9e4f0;  alias, 1 drivers
v0xd7f120_0 .net/s "z_o", 16 0, L_0xd9e990;  alias, 1 drivers
L_0xd9e5c0 .part L_0x7f11acd4c5b8, 0, 4;
L_0xd9e690 .part L_0x7f11acd4c600, 0, 4;
S_0xd7d700 .scope module, "x_shifter" "signed_shifter" 3 214, 3 171 0, S_0xd7d220;
 .timescale -9 -9;
    .port_info 0 /INPUT 4 "i";
    .port_info 1 /INPUT 17 "D";
    .port_info 2 /OUTPUT 17 "Q";
v0xd7d9f0_0 .net/s "D", 16 0, L_0xd9e2c0;  alias, 1 drivers
v0xd7db00_0 .var/s "Q", 16 0;
v0xd7dbc0_0 .net "i", 3 0, L_0xd9e5c0;  1 drivers
v0xd7dcb0_0 .var/i "j", 31 0;
E_0xd7d970 .event anyedge, v0xd7c770_0, v0xd7dbc0_0, v0xd7db00_0;
S_0xd7de10 .scope module, "y_shifter" "signed_shifter" 3 215, 3 171 0, S_0xd7d220;
 .timescale -9 -9;
    .port_info 0 /INPUT 4 "i";
    .port_info 1 /INPUT 17 "D";
    .port_info 2 /OUTPUT 17 "Q";
v0xd7e0e0_0 .net/s "D", 16 0, L_0xd9e3c0;  alias, 1 drivers
v0xd7e1f0_0 .var/s "Q", 16 0;
v0xd7e2b0_0 .net "i", 3 0, L_0xd9e690;  1 drivers
v0xd7e3a0_0 .var/i "j", 31 0;
E_0xd7e060 .event anyedge, v0xd7cb20_0, v0xd7e2b0_0, v0xd7e1f0_0;
S_0xd7f330 .scope generate, "genblk1[11]" "genblk1[11]" 3 361, 3 361 0, S_0xd2d9d0;
 .timescale -9 -9;
P_0xd7f4e0 .param/l "i" 1 3 361, +C4<01011>;
S_0xd7f5c0 .scope module, "U" "rotator" 3 362, 3 189 0, S_0xd7f330;
 .timescale -9 -9;
    .port_info 0 /INPUT 1 "clk";
    .port_info 1 /INPUT 1 "rst";
    .port_info 2 /INPUT 17 "x_i";
    .port_info 3 /INPUT 17 "y_i";
    .port_info 4 /INPUT 17 "z_i";
    .port_info 5 /OUTPUT 17 "x_o";
    .port_info 6 /OUTPUT 17 "y_o";
    .port_info 7 /OUTPUT 17 "z_o";
P_0xd7f7a0 .param/l "iteration" 0 3 206, +C4<00000000000000000000000000001011>;
P_0xd7f7e0 .param/l "tangle" 0 3 207, +C4<00000000000010000>;
L_0xd9ec00 .functor BUFZ 17, v0xd80bd0_0, C4<00000000000000000>, C4<00000000000000000>, C4<00000000000000000>;
L_0xd9ed00 .functor BUFZ 17, v0xd80f70_0, C4<00000000000000000>, C4<00000000000000000>, C4<00000000000000000>;
L_0xd9ee30 .functor BUFZ 17, v0xd81320_0, C4<00000000000000000>, C4<00000000000000000>, C4<00000000000000000>;
L_0x7f11acd4c648 .functor BUFT 1, C4<00000000000000000000000000001011>, C4<0>, C4<0>, C4<0>;
v0xd808a0_0 .net/2s *"_ivl_0", 31 0, L_0x7f11acd4c648;  1 drivers
L_0x7f11acd4c690 .functor BUFT 1, C4<00000000000000000000000000001011>, C4<0>, C4<0>, C4<0>;
v0xd80980_0 .net/2s *"_ivl_4", 31 0, L_0x7f11acd4c690;  1 drivers
v0xd80a60_0 .net "clk", 0 0, v0xd8a590_0;  alias, 1 drivers
v0xd80b30_0 .net "rst", 0 0, v0xd8ac50_0;  alias, 1 drivers
v0xd80bd0_0 .var/s "x_1", 16 0;
v0xd80ce0_0 .net/s "x_i", 16 0, L_0xd9e760;  alias, 1 drivers
v0xd80df0_0 .net/s "x_i_shifted", 16 0, v0xd7fea0_0;  1 drivers
v0xd80eb0_0 .net/s "x_o", 16 0, L_0xd9ec00;  alias, 1 drivers
v0xd80f70_0 .var/s "y_1", 16 0;
v0xd810e0_0 .net/s "y_i", 16 0, L_0xd9e860;  alias, 1 drivers
v0xd811a0_0 .net/s "y_i_shifted", 16 0, v0xd80590_0;  1 drivers
v0xd81260_0 .net/s "y_o", 16 0, L_0xd9ed00;  alias, 1 drivers
v0xd81320_0 .var/s "z_1", 16 0;
v0xd81400_0 .net/s "z_i", 16 0, L_0xd9e990;  alias, 1 drivers
v0xd814c0_0 .net/s "z_o", 16 0, L_0xd9ee30;  alias, 1 drivers
L_0xd9ea60 .part L_0x7f11acd4c648, 0, 4;
L_0xd9eb30 .part L_0x7f11acd4c690, 0, 4;
S_0xd7faa0 .scope module, "x_shifter" "signed_shifter" 3 214, 3 171 0, S_0xd7f5c0;
 .timescale -9 -9;
    .port_info 0 /INPUT 4 "i";
    .port_info 1 /INPUT 17 "D";
    .port_info 2 /OUTPUT 17 "Q";
v0xd7fd90_0 .net/s "D", 16 0, L_0xd9e760;  alias, 1 drivers
v0xd7fea0_0 .var/s "Q", 16 0;
v0xd7ff60_0 .net "i", 3 0, L_0xd9ea60;  1 drivers
v0xd80050_0 .var/i "j", 31 0;
E_0xd7fd10 .event anyedge, v0xd7eb10_0, v0xd7ff60_0, v0xd7fea0_0;
S_0xd801b0 .scope module, "y_shifter" "signed_shifter" 3 215, 3 171 0, S_0xd7f5c0;
 .timescale -9 -9;
    .port_info 0 /INPUT 4 "i";
    .port_info 1 /INPUT 17 "D";
    .port_info 2 /OUTPUT 17 "Q";
v0xd80480_0 .net/s "D", 16 0, L_0xd9e860;  alias, 1 drivers
v0xd80590_0 .var/s "Q", 16 0;
v0xd80650_0 .net "i", 3 0, L_0xd9eb30;  1 drivers
v0xd80740_0 .var/i "j", 31 0;
E_0xd80400 .event anyedge, v0xd7eec0_0, v0xd80650_0, v0xd80590_0;
S_0xd816d0 .scope generate, "genblk1[12]" "genblk1[12]" 3 361, 3 361 0, S_0xd2d9d0;
 .timescale -9 -9;
P_0xd81880 .param/l "i" 1 3 361, +C4<01100>;
S_0xd81960 .scope module, "U" "rotator" 3 362, 3 189 0, S_0xd816d0;
 .timescale -9 -9;
    .port_info 0 /INPUT 1 "clk";
    .port_info 1 /INPUT 1 "rst";
    .port_info 2 /INPUT 17 "x_i";
    .port_info 3 /INPUT 17 "y_i";
    .port_info 4 /INPUT 17 "z_i";
    .port_info 5 /OUTPUT 17 "x_o";
    .port_info 6 /OUTPUT 17 "y_o";
    .port_info 7 /OUTPUT 17 "z_o";
P_0xd81b40 .param/l "iteration" 0 3 206, +C4<00000000000000000000000000001100>;
P_0xd81b80 .param/l "tangle" 0 3 207, +C4<00000000000001000>;
L_0xd9f0a0 .functor BUFZ 17, v0xd82f70_0, C4<00000000000000000>, C4<00000000000000000>, C4<00000000000000000>;
L_0xd9f1a0 .functor BUFZ 17, v0xd83310_0, C4<00000000000000000>, C4<00000000000000000>, C4<00000000000000000>;
L_0xd9f2d0 .functor BUFZ 17, v0xd836c0_0, C4<00000000000000000>, C4<00000000000000000>, C4<00000000000000000>;
L_0x7f11acd4c6d8 .functor BUFT 1, C4<00000000000000000000000000001100>, C4<0>, C4<0>, C4<0>;
v0xd82c40_0 .net/2s *"_ivl_0", 31 0, L_0x7f11acd4c6d8;  1 drivers
L_0x7f11acd4c720 .functor BUFT 1, C4<00000000000000000000000000001100>, C4<0>, C4<0>, C4<0>;
v0xd82d20_0 .net/2s *"_ivl_4", 31 0, L_0x7f11acd4c720;  1 drivers
v0xd82e00_0 .net "clk", 0 0, v0xd8a590_0;  alias, 1 drivers
v0xd82ed0_0 .net "rst", 0 0, v0xd8ac50_0;  alias, 1 drivers
v0xd82f70_0 .var/s "x_1", 16 0;
v0xd83080_0 .net/s "x_i", 16 0, L_0xd9ec00;  alias, 1 drivers
v0xd83190_0 .net/s "x_i_shifted", 16 0, v0xd82240_0;  1 drivers
v0xd83250_0 .net/s "x_o", 16 0, L_0xd9f0a0;  alias, 1 drivers
v0xd83310_0 .var/s "y_1", 16 0;
v0xd83480_0 .net/s "y_i", 16 0, L_0xd9ed00;  alias, 1 drivers
v0xd83540_0 .net/s "y_i_shifted", 16 0, v0xd82930_0;  1 drivers
v0xd83600_0 .net/s "y_o", 16 0, L_0xd9f1a0;  alias, 1 drivers
v0xd836c0_0 .var/s "z_1", 16 0;
v0xd837a0_0 .net/s "z_i", 16 0, L_0xd9ee30;  alias, 1 drivers
v0xd83860_0 .net/s "z_o", 16 0, L_0xd9f2d0;  alias, 1 drivers
L_0xd9ef00 .part L_0x7f11acd4c6d8, 0, 4;
L_0xd9efd0 .part L_0x7f11acd4c720, 0, 4;
S_0xd81e40 .scope module, "x_shifter" "signed_shifter" 3 214, 3 171 0, S_0xd81960;
 .timescale -9 -9;
    .port_info 0 /INPUT 4 "i";
    .port_info 1 /INPUT 17 "D";
    .port_info 2 /OUTPUT 17 "Q";
v0xd82130_0 .net/s "D", 16 0, L_0xd9ec00;  alias, 1 drivers
v0xd82240_0 .var/s "Q", 16 0;
v0xd82300_0 .net "i", 3 0, L_0xd9ef00;  1 drivers
v0xd823f0_0 .var/i "j", 31 0;
E_0xd820b0 .event anyedge, v0xd80eb0_0, v0xd82300_0, v0xd82240_0;
S_0xd82550 .scope module, "y_shifter" "signed_shifter" 3 215, 3 171 0, S_0xd81960;
 .timescale -9 -9;
    .port_info 0 /INPUT 4 "i";
    .port_info 1 /INPUT 17 "D";
    .port_info 2 /OUTPUT 17 "Q";
v0xd82820_0 .net/s "D", 16 0, L_0xd9ed00;  alias, 1 drivers
v0xd82930_0 .var/s "Q", 16 0;
v0xd829f0_0 .net "i", 3 0, L_0xd9efd0;  1 drivers
v0xd82ae0_0 .var/i "j", 31 0;
E_0xd827a0 .event anyedge, v0xd81260_0, v0xd829f0_0, v0xd82930_0;
S_0xd83a70 .scope generate, "genblk1[13]" "genblk1[13]" 3 361, 3 361 0, S_0xd2d9d0;
 .timescale -9 -9;
P_0xd83c20 .param/l "i" 1 3 361, +C4<01101>;
S_0xd83d00 .scope module, "U" "rotator" 3 362, 3 189 0, S_0xd83a70;
 .timescale -9 -9;
    .port_info 0 /INPUT 1 "clk";
    .port_info 1 /INPUT 1 "rst";
    .port_info 2 /INPUT 17 "x_i";
    .port_info 3 /INPUT 17 "y_i";
    .port_info 4 /INPUT 17 "z_i";
    .port_info 5 /OUTPUT 17 "x_o";
    .port_info 6 /OUTPUT 17 "y_o";
    .port_info 7 /OUTPUT 17 "z_o";
P_0xd83ee0 .param/l "iteration" 0 3 206, +C4<00000000000000000000000000001101>;
P_0xd83f20 .param/l "tangle" 0 3 207, +C4<00000000000000100>;
L_0xd9f540 .functor BUFZ 17, v0xd85310_0, C4<00000000000000000>, C4<00000000000000000>, C4<00000000000000000>;
L_0xd9f640 .functor BUFZ 17, v0xd856b0_0, C4<00000000000000000>, C4<00000000000000000>, C4<00000000000000000>;
L_0xd9f770 .functor BUFZ 17, v0xd85a60_0, C4<00000000000000000>, C4<00000000000000000>, C4<00000000000000000>;
L_0x7f11acd4c768 .functor BUFT 1, C4<00000000000000000000000000001101>, C4<0>, C4<0>, C4<0>;
v0xd84fe0_0 .net/2s *"_ivl_0", 31 0, L_0x7f11acd4c768;  1 drivers
L_0x7f11acd4c7b0 .functor BUFT 1, C4<00000000000000000000000000001101>, C4<0>, C4<0>, C4<0>;
v0xd850c0_0 .net/2s *"_ivl_4", 31 0, L_0x7f11acd4c7b0;  1 drivers
v0xd851a0_0 .net "clk", 0 0, v0xd8a590_0;  alias, 1 drivers
v0xd85270_0 .net "rst", 0 0, v0xd8ac50_0;  alias, 1 drivers
v0xd85310_0 .var/s "x_1", 16 0;
v0xd85420_0 .net/s "x_i", 16 0, L_0xd9f0a0;  alias, 1 drivers
v0xd85530_0 .net/s "x_i_shifted", 16 0, v0xd845e0_0;  1 drivers
v0xd855f0_0 .net/s "x_o", 16 0, L_0xd9f540;  alias, 1 drivers
v0xd856b0_0 .var/s "y_1", 16 0;
v0xd85820_0 .net/s "y_i", 16 0, L_0xd9f1a0;  alias, 1 drivers
v0xd858e0_0 .net/s "y_i_shifted", 16 0, v0xd84cd0_0;  1 drivers
v0xd859a0_0 .net/s "y_o", 16 0, L_0xd9f640;  alias, 1 drivers
v0xd85a60_0 .var/s "z_1", 16 0;
v0xd85b40_0 .net/s "z_i", 16 0, L_0xd9f2d0;  alias, 1 drivers
v0xd85c00_0 .net/s "z_o", 16 0, L_0xd9f770;  alias, 1 drivers
L_0xd9f3a0 .part L_0x7f11acd4c768, 0, 4;
L_0xd9f470 .part L_0x7f11acd4c7b0, 0, 4;
S_0xd841e0 .scope module, "x_shifter" "signed_shifter" 3 214, 3 171 0, S_0xd83d00;
 .timescale -9 -9;
    .port_info 0 /INPUT 4 "i";
    .port_info 1 /INPUT 17 "D";
    .port_info 2 /OUTPUT 17 "Q";
v0xd844d0_0 .net/s "D", 16 0, L_0xd9f0a0;  alias, 1 drivers
v0xd845e0_0 .var/s "Q", 16 0;
v0xd846a0_0 .net "i", 3 0, L_0xd9f3a0;  1 drivers
v0xd84790_0 .var/i "j", 31 0;
E_0xd84450 .event anyedge, v0xd83250_0, v0xd846a0_0, v0xd845e0_0;
S_0xd848f0 .scope module, "y_shifter" "signed_shifter" 3 215, 3 171 0, S_0xd83d00;
 .timescale -9 -9;
    .port_info 0 /INPUT 4 "i";
    .port_info 1 /INPUT 17 "D";
    .port_info 2 /OUTPUT 17 "Q";
v0xd84bc0_0 .net/s "D", 16 0, L_0xd9f1a0;  alias, 1 drivers
v0xd84cd0_0 .var/s "Q", 16 0;
v0xd84d90_0 .net "i", 3 0, L_0xd9f470;  1 drivers
v0xd84e80_0 .var/i "j", 31 0;
E_0xd84b40 .event anyedge, v0xd83600_0, v0xd84d90_0, v0xd84cd0_0;
S_0xd85e10 .scope generate, "genblk1[14]" "genblk1[14]" 3 361, 3 361 0, S_0xd2d9d0;
 .timescale -9 -9;
P_0xd85fc0 .param/l "i" 1 3 361, +C4<01110>;
S_0xd860a0 .scope module, "U" "rotator" 3 362, 3 189 0, S_0xd85e10;
 .timescale -9 -9;
    .port_info 0 /INPUT 1 "clk";
    .port_info 1 /INPUT 1 "rst";
    .port_info 2 /INPUT 17 "x_i";
    .port_info 3 /INPUT 17 "y_i";
    .port_info 4 /INPUT 17 "z_i";
    .port_info 5 /OUTPUT 17 "x_o";
    .port_info 6 /OUTPUT 17 "y_o";
    .port_info 7 /OUTPUT 17 "z_o";
P_0xd86280 .param/l "iteration" 0 3 206, +C4<00000000000000000000000000001110>;
P_0xd862c0 .param/l "tangle" 0 3 207, +C4<00000000000000010>;
L_0x7f11acd4c7f8 .functor BUFT 1, C4<00000000000000000000000000001110>, C4<0>, C4<0>, C4<0>;
v0xd87380_0 .net/2s *"_ivl_0", 31 0, L_0x7f11acd4c7f8;  1 drivers
L_0x7f11acd4c840 .functor BUFT 1, C4<00000000000000000000000000001110>, C4<0>, C4<0>, C4<0>;
v0xd87460_0 .net/2s *"_ivl_4", 31 0, L_0x7f11acd4c840;  1 drivers
v0xd87540_0 .net "clk", 0 0, v0xd8a590_0;  alias, 1 drivers
v0xd87610_0 .net "rst", 0 0, v0xd8ac50_0;  alias, 1 drivers
v0xd876b0_0 .var/s "x_1", 16 0;
v0xd877c0_0 .net/s "x_i", 16 0, L_0xd9f540;  alias, 1 drivers
v0xd878d0_0 .net/s "x_i_shifted", 16 0, v0xd86980_0;  1 drivers
v0xd87990_0 .net/s "x_o", 16 0, v0xd876b0_0;  alias, 1 drivers
v0xd87a50_0 .var/s "y_1", 16 0;
v0xd87bc0_0 .net/s "y_i", 16 0, L_0xd9f640;  alias, 1 drivers
v0xd87c80_0 .net/s "y_i_shifted", 16 0, v0xd87070_0;  1 drivers
v0xd87d40_0 .net/s "y_o", 16 0, v0xd87a50_0;  alias, 1 drivers
v0xd87e00_0 .var/s "z_1", 16 0;
v0xd87ee0_0 .net/s "z_i", 16 0, L_0xd9f770;  alias, 1 drivers
v0xd87fa0_0 .net/s "z_o", 16 0, v0xd87e00_0;  alias, 1 drivers
L_0xd9f840 .part L_0x7f11acd4c7f8, 0, 4;
L_0xd9f910 .part L_0x7f11acd4c840, 0, 4;
S_0xd86580 .scope module, "x_shifter" "signed_shifter" 3 214, 3 171 0, S_0xd860a0;
 .timescale -9 -9;
    .port_info 0 /INPUT 4 "i";
    .port_info 1 /INPUT 17 "D";
    .port_info 2 /OUTPUT 17 "Q";
v0xd86870_0 .net/s "D", 16 0, L_0xd9f540;  alias, 1 drivers
v0xd86980_0 .var/s "Q", 16 0;
v0xd86a40_0 .net "i", 3 0, L_0xd9f840;  1 drivers
v0xd86b30_0 .var/i "j", 31 0;
E_0xd867f0 .event anyedge, v0xd855f0_0, v0xd86a40_0, v0xd86980_0;
S_0xd86c90 .scope module, "y_shifter" "signed_shifter" 3 215, 3 171 0, S_0xd860a0;
 .timescale -9 -9;
    .port_info 0 /INPUT 4 "i";
    .port_info 1 /INPUT 17 "D";
    .port_info 2 /OUTPUT 17 "Q";
v0xd86f60_0 .net/s "D", 16 0, L_0xd9f640;  alias, 1 drivers
v0xd87070_0 .var/s "Q", 16 0;
v0xd87130_0 .net "i", 3 0, L_0xd9f910;  1 drivers
v0xd87220_0 .var/i "j", 31 0;
E_0xd86ee0 .event anyedge, v0xd859a0_0, v0xd87130_0, v0xd87070_0;
S_0xd881b0 .scope function.vec4.s17, "tanangle" "tanangle" 3 282, 3 282 0, S_0xd2d9d0;
 .timescale -9 -9;
v0xd88340_0 .var "i", 3 0;
; Variable tanangle is vec4 return value of scope S_0xd881b0
TD_tb.UUT.tanangle ;
    %load/vec4 v0xd88340_0;
    %dup/vec4;
    %pushi/vec4 0, 0, 4;
    %cmp/u;
    %jmp/1 T_0.0, 6;
    %dup/vec4;
    %pushi/vec4 1, 0, 4;
    %cmp/u;
    %jmp/1 T_0.1, 6;
    %dup/vec4;
    %pushi/vec4 2, 0, 4;
    %cmp/u;
    %jmp/1 T_0.2, 6;
    %dup/vec4;
    %pushi/vec4 3, 0, 4;
    %cmp/u;
    %jmp/1 T_0.3, 6;
    %dup/vec4;
    %pushi/vec4 4, 0, 4;
    %cmp/u;
    %jmp/1 T_0.4, 6;
    %dup/vec4;
    %pushi/vec4 5, 0, 4;
    %cmp/u;
    %jmp/1 T_0.5, 6;
    %dup/vec4;
    %pushi/vec4 6, 0, 4;
    %cmp/u;
    %jmp/1 T_0.6, 6;
    %dup/vec4;
    %pushi/vec4 7, 0, 4;
    %cmp/u;
    %jmp/1 T_0.7, 6;
    %dup/vec4;
    %pushi/vec4 8, 0, 4;
    %cmp/u;
    %jmp/1 T_0.8, 6;
    %dup/vec4;
    %pushi/vec4 9, 0, 4;
    %cmp/u;
    %jmp/1 T_0.9, 6;
    %dup/vec4;
    %pushi/vec4 10, 0, 4;
    %cmp/u;
    %jmp/1 T_0.10, 6;
    %dup/vec4;
    %pushi/vec4 11, 0, 4;
    %cmp/u;
    %jmp/1 T_0.11, 6;
    %dup/vec4;
    %pushi/vec4 12, 0, 4;
    %cmp/u;
    %jmp/1 T_0.12, 6;
    %dup/vec4;
    %pushi/vec4 13, 0, 4;
    %cmp/u;
    %jmp/1 T_0.13, 6;
    %dup/vec4;
    %pushi/vec4 14, 0, 4;
    %cmp/u;
    %jmp/1 T_0.14, 6;
    %dup/vec4;
    %pushi/vec4 15, 0, 4;
    %cmp/u;
    %jmp/1 T_0.15, 6;
    %jmp T_0.16;
T_0.0 ;
    %pushi/vec4 25735, 0, 17;
    %ret/vec4 0, 0, 17;  Assign to tanangle (store_vec4_to_lval)
    %jmp T_0.16;
T_0.1 ;
    %pushi/vec4 15192, 0, 17;
    %ret/vec4 0, 0, 17;  Assign to tanangle (store_vec4_to_lval)
    %jmp T_0.16;
T_0.2 ;
    %pushi/vec4 8027, 0, 17;
    %ret/vec4 0, 0, 17;  Assign to tanangle (store_vec4_to_lval)
    %jmp T_0.16;
T_0.3 ;
    %pushi/vec4 4075, 0, 17;
    %ret/vec4 0, 0, 17;  Assign to tanangle (store_vec4_to_lval)
    %jmp T_0.16;
T_0.4 ;
    %pushi/vec4 2045, 0, 17;
    %ret/vec4 0, 0, 17;  Assign to tanangle (store_vec4_to_lval)
    %jmp T_0.16;
T_0.5 ;
    %pushi/vec4 1024, 0, 17;
    %ret/vec4 0, 0, 17;  Assign to tanangle (store_vec4_to_lval)
    %jmp T_0.16;
T_0.6 ;
    %pushi/vec4 512, 0, 17;
    %ret/vec4 0, 0, 17;  Assign to tanangle (store_vec4_to_lval)
    %jmp T_0.16;
T_0.7 ;
    %pushi/vec4 256, 0, 17;
    %ret/vec4 0, 0, 17;  Assign to tanangle (store_vec4_to_lval)
    %jmp T_0.16;
T_0.8 ;
    %pushi/vec4 128, 0, 17;
    %ret/vec4 0, 0, 17;  Assign to tanangle (store_vec4_to_lval)
    %jmp T_0.16;
T_0.9 ;
    %pushi/vec4 64, 0, 17;
    %ret/vec4 0, 0, 17;  Assign to tanangle (store_vec4_to_lval)
    %jmp T_0.16;
T_0.10 ;
    %pushi/vec4 32, 0, 17;
    %ret/vec4 0, 0, 17;  Assign to tanangle (store_vec4_to_lval)
    %jmp T_0.16;
T_0.11 ;
    %pushi/vec4 16, 0, 17;
    %ret/vec4 0, 0, 17;  Assign to tanangle (store_vec4_to_lval)
    %jmp T_0.16;
T_0.12 ;
    %pushi/vec4 8, 0, 17;
    %ret/vec4 0, 0, 17;  Assign to tanangle (store_vec4_to_lval)
    %jmp T_0.16;
T_0.13 ;
    %pushi/vec4 4, 0, 17;
    %ret/vec4 0, 0, 17;  Assign to tanangle (store_vec4_to_lval)
    %jmp T_0.16;
T_0.14 ;
    %pushi/vec4 2, 0, 17;
    %ret/vec4 0, 0, 17;  Assign to tanangle (store_vec4_to_lval)
    %jmp T_0.16;
T_0.15 ;
    %pushi/vec4 1, 0, 17;
    %ret/vec4 0, 0, 17;  Assign to tanangle (store_vec4_to_lval)
    %jmp T_0.16;
T_0.16 ;
    %pop/vec4 1;
    %end;
S_0xd89620 .scope task, "show_results" "show_results" 2 73, 2 73 0, S_0xd2a360;
 .timescale -9 -9;
v0xd897d0_0 .var/i "j", 31 0;
v0xd898b0_0 .var "ltheta", 16 0;
v0xd89990_0 .var "lx", 16 0;
v0xd89a50_0 .var "ly", 16 0;
TD_tb.show_results ;
    %load/vec4 v0xd897d0_0;
    %store/vec4 v0xd89d10_0, 0, 32;
    %load/vec4 v0xd89990_0;
    %store/vec4 v0xd89df0_0, 0, 17;
    %load/vec4 v0xd89a50_0;
    %store/vec4 v0xd89ed0_0, 0, 17;
    %fork TD_tb.show_rotate_results, S_0xd89b30;
    %join;
    %end;
S_0xd89b30 .scope task, "show_rotate_results" "show_rotate_results" 2 55, 2 55 0, S_0xd2a360;
 .timescale -9 -9;
v0xd89d10_0 .var/i "j", 31 0;
v0xd89df0_0 .var "lx", 16 0;
v0xd89ed0_0 .var "ly", 16 0;
TD_tb.show_rotate_results ;
    %load/vec4 v0xd89df0_0;
    %cvt/rv;
    %store/real v0xd7a100_0;
    %load/vec4 v0xd89ed0_0;
    %cvt/rv;
    %store/real v0xd8af00_0;
    %load/real v0xd7a100_0;
    %pushi/vec4 32768, 0, 32;
    %cvt/rv/s;
    %div/wr;
    %store/real v0xd7a100_0;
    %load/real v0xd8af00_0;
    %pushi/vec4 32768, 0, 32;
    %cvt/rv/s;
    %div/wr;
    %store/real v0xd8af00_0;
    %ix/getv/s 4, v0xd89d10_0;
    %load/vec4a v0xd8b0e0, 4;
    %load/vec4 v0xd89df0_0;
    %cmp/u;
    %jmp/0xz  T_2.17, 5;
    %load/vec4 v0xd89df0_0;
    %ix/getv/s 4, v0xd89d10_0;
    %load/vec4a v0xd8b0e0, 4;
    %sub;
    %store/vec4 v0xd79f50_0, 0, 17;
    %jmp T_2.18;
T_2.17 ;
    %ix/getv/s 4, v0xd89d10_0;
    %load/vec4a v0xd8b0e0, 4;
    %load/vec4 v0xd89df0_0;
    %sub;
    %store/vec4 v0xd79f50_0, 0, 17;
T_2.18 ;
    %ix/getv/s 4, v0xd89d10_0;
    %load/vec4a v0xd8b3f0, 4;
    %load/vec4 v0xd89ed0_0;
    %cmp/u;
    %jmp/0xz  T_2.19, 5;
    %load/vec4 v0xd89ed0_0;
    %ix/getv/s 4, v0xd89d10_0;
    %load/vec4a v0xd8b3f0, 4;
    %sub;
    %store/vec4 v0xd8a860_0, 0, 17;
    %jmp T_2.20;
T_2.19 ;
    %ix/getv/s 4, v0xd89d10_0;
    %load/vec4a v0xd8b3f0, 4;
    %load/vec4 v0xd89ed0_0;
    %sub;
    %store/vec4 v0xd8a860_0, 0, 17;
T_2.20 ;
    %load/vec4 v0xd79f50_0;
    %pad/s 32;
    %cmpi/s 10, 0, 32;
    %flag_or 5, 4; GT is !LE
    %flag_inv 5;
    %jmp/1 T_2.23, 5;
    %flag_mov 8, 5;
    %load/vec4 v0xd8a860_0;
    %pad/s 32;
    %cmpi/s 10, 0, 32;
    %flag_or 5, 4; GT is !LE
    %flag_inv 5;
    %flag_or 5, 8;
T_2.23;
    %jmp/0xz  T_2.21, 5;
    %vpi_call 2 67 "$display", "Angle: %d  sin = %f  cos = %f        errors %d %d", v0xd89d10_0, v0xd8af00_0, v0xd7a100_0, v0xd8a860_0, v0xd79f50_0 {0 0 0};
    %jmp T_2.22;
T_2.21 ;
    %vpi_call 2 69 "$display", "Angle: %d  sin = %f  cos = %f", v0xd89d10_0, v0xd8af00_0, v0xd7a100_0 {0 0 0};
T_2.22 ;
    %end;
S_0xd89f90 .scope task, "show_vector_results" "show_vector_results" 2 40, 2 40 0, S_0xd2a360;
 .timescale -9 -9;
v0xd8a170_0 .var/i "j", 31 0;
v0xd8a270_0 .var "theta", 16 0;
TD_tb.show_vector_results ;
    %load/vec4 v0xd8a170_0;
    %cvt/rv/s;
    %pushi/real 1685774663, 4067; load=3.14000
    %pushi/real 2852127, 4045; load=3.14000
    %add/wr;
    %mul/wr;
    %pushi/vec4 180, 0, 32;
    %cvt/rv/s;
    %div/wr;
    %store/real v0xd8a430_0;
    %load/vec4 v0xd8a270_0;
    %cvt/rv;
    %store/real v0xd8a4f0_0;
    %load/real v0xd8a4f0_0;
    %pushi/vec4 32768, 0, 32;
    %cvt/rv/s;
    %div/wr;
    %store/real v0xd8a4f0_0;
    %load/real v0xd8a430_0;
    %load/real v0xd8a4f0_0;
    %cmp/wr;
    %jmp/0xz  T_3.24, 5;
    %load/real v0xd8a4f0_0;
    %load/real v0xd8a430_0;
    %sub/wr;
    %store/real v0xd8a350_0;
    %jmp T_3.25;
T_3.24 ;
    %load/real v0xd8a430_0;
    %load/real v0xd8a4f0_0;
    %sub/wr;
    %store/real v0xd8a350_0;
T_3.25 ;
    %pushi/real 1099511627, 4056; load=0.00100000
    %pushi/real 3254780, 4034; load=0.00100000
    %add/wr;
    %load/real v0xd8a350_0;
    %cmp/wr;
    %jmp/0xz  T_3.26, 5;
    %load/real v0xd8a4f0_0;
    %load/real v0xd8a430_0;
    %sub/wr;
    %vpi_call 2 49 "$display", "angle %f computed %f  error %f", v0xd8a430_0, v0xd8a4f0_0, W<0,r> {0 1 0};
    %jmp T_3.27;
T_3.26 ;
    %vpi_call 2 51 "$display", "angle %f computed %f", v0xd8a430_0, v0xd8a4f0_0 {0 0 0};
T_3.27 ;
    %end;
    .scope S_0xd21310;
T_4 ;
    %wait E_0xd20c60;
    %load/vec4 v0xced1b0_0;
    %store/vec4 v0xd67400_0, 0, 17;
    %pushi/vec4 0, 0, 32;
    %store/vec4 v0xd675d0_0, 0, 32;
T_4.0 ; Top of for-loop
    %load/vec4 v0xd675d0_0;
    %load/vec4 v0xd674e0_0;
    %pad/u 32;
    %cmp/u;
    %jmp/0xz T_4.1, 5;
    %load/vec4 v0xced1b0_0;
    %parti/s 1, 16, 6;
    %load/vec4 v0xd67400_0;
    %parti/s 16, 1, 2;
    %concat/vec4; draw_concat_vec4
    %store/vec4 v0xd67400_0, 0, 17;
T_4.2 ; for-loop step statement
    %load/vec4 v0xd675d0_0;
    %addi 1, 0, 32;
    %store/vec4 v0xd675d0_0, 0, 32;
    %jmp T_4.0;
T_4.1 ; for-loop exit label
    %jmp T_4;
    .thread T_4, $push;
    .scope S_0xd67730;
T_5 ;
    %wait E_0xd67980;
    %load/vec4 v0xd67a00_0;
    %store/vec4 v0xd67b00_0, 0, 17;
    %pushi/vec4 0, 0, 32;
    %store/vec4 v0xd67cd0_0, 0, 32;
T_5.0 ; Top of for-loop
    %load/vec4 v0xd67cd0_0;
    %load/vec4 v0xd67be0_0;
    %pad/u 32;
    %cmp/u;
    %jmp/0xz T_5.1, 5;
    %load/vec4 v0xd67a00_0;
    %parti/s 1, 16, 6;
    %load/vec4 v0xd67b00_0;
    %parti/s 16, 1, 2;
    %concat/vec4; draw_concat_vec4
    %store/vec4 v0xd67b00_0, 0, 17;
T_5.2 ; for-loop step statement
    %load/vec4 v0xd67cd0_0;
    %addi 1, 0, 32;
    %store/vec4 v0xd67cd0_0, 0, 32;
    %jmp T_5.0;
T_5.1 ; for-loop exit label
    %jmp T_5;
    .thread T_5, $push;
    .scope S_0xd2ca10;
T_6 ;
    %wait E_0xc9a1a0;
    %load/vec4 v0xd680c0_0;
    %flag_set/vec4 8;
    %jmp/0xz  T_6.0, 8;
    %pushi/vec4 0, 0, 17;
    %assign/vec4 v0xd68180_0, 0;
    %pushi/vec4 0, 0, 17;
    %assign/vec4 v0xd68500_0, 0;
    %pushi/vec4 0, 0, 17;
    %assign/vec4 v0xd688f0_0, 0;
    %jmp T_6.1;
T_6.0 ;
    %load/vec4 v0xd689d0_0;
    %pad/s 32;
    %cmpi/s 0, 0, 32;
    %jmp/0xz  T_6.2, 5;
    %load/vec4 v0xd682b0_0;
    %load/vec4 v0xd68760_0;
    %add;
    %assign/vec4 v0xd68180_0, 0;
    %load/vec4 v0xd68670_0;
    %load/vec4 v0xd68370_0;
    %sub;
    %assign/vec4 v0xd68500_0, 0;
    %load/vec4 v0xd689d0_0;
    %addi 25735, 0, 17;
    %assign/vec4 v0xd688f0_0, 0;
    %jmp T_6.3;
T_6.2 ;
    %load/vec4 v0xd682b0_0;
    %load/vec4 v0xd68760_0;
    %sub;
    %assign/vec4 v0xd68180_0, 0;
    %load/vec4 v0xd68670_0;
    %load/vec4 v0xd68370_0;
    %add;
    %assign/vec4 v0xd68500_0, 0;
    %load/vec4 v0xd689d0_0;
    %subi 25735, 0, 17;
    %assign/vec4 v0xd688f0_0, 0;
T_6.3 ;
T_6.1 ;
    %jmp T_6;
    .thread T_6;
    .scope S_0xd69400;
T_7 ;
    %wait E_0xd69670;
    %load/vec4 v0xd696f0_0;
    %store/vec4 v0xd69800_0, 0, 17;
    %pushi/vec4 0, 0, 32;
    %store/vec4 v0xd699b0_0, 0, 32;
T_7.0 ; Top of for-loop
    %load/vec4 v0xd699b0_0;
    %load/vec4 v0xd698c0_0;
    %pad/u 32;
    %cmp/u;
    %jmp/0xz T_7.1, 5;
    %load/vec4 v0xd696f0_0;
    %parti/s 1, 16, 6;
    %load/vec4 v0xd69800_0;
    %parti/s 16, 1, 2;
    %concat/vec4; draw_concat_vec4
    %store/vec4 v0xd69800_0, 0, 17;
T_7.2 ; for-loop step statement
    %load/vec4 v0xd699b0_0;
    %addi 1, 0, 32;
    %store/vec4 v0xd699b0_0, 0, 32;
    %jmp T_7.0;
T_7.1 ; for-loop exit label
    %jmp T_7;
    .thread T_7, $push;
    .scope S_0xd69b10;
T_8 ;
    %wait E_0xd69d60;
    %load/vec4 v0xd69de0_0;
    %store/vec4 v0xd69ef0_0, 0, 17;
    %pushi/vec4 0, 0, 32;
    %store/vec4 v0xd6a0a0_0, 0, 32;
T_8.0 ; Top of for-loop
    %load/vec4 v0xd6a0a0_0;
    %load/vec4 v0xd69fb0_0;
    %pad/u 32;
    %cmp/u;
    %jmp/0xz T_8.1, 5;
    %load/vec4 v0xd69de0_0;
    %parti/s 1, 16, 6;
    %load/vec4 v0xd69ef0_0;
    %parti/s 16, 1, 2;
    %concat/vec4; draw_concat_vec4
    %store/vec4 v0xd69ef0_0, 0, 17;
T_8.2 ; for-loop step statement
    %load/vec4 v0xd6a0a0_0;
    %addi 1, 0, 32;
    %store/vec4 v0xd6a0a0_0, 0, 32;
    %jmp T_8.0;
T_8.1 ; for-loop exit label
    %jmp T_8;
    .thread T_8, $push;
    .scope S_0xd68f20;
T_9 ;
    %wait E_0xc9a1a0;
    %load/vec4 v0xd6a4c0_0;
    %flag_set/vec4 8;
    %jmp/0xz  T_9.0, 8;
    %pushi/vec4 0, 0, 17;
    %assign/vec4 v0xd6a590_0, 0;
    %pushi/vec4 0, 0, 17;
    %assign/vec4 v0xd6a8f0_0, 0;
    %pushi/vec4 0, 0, 17;
    %assign/vec4 v0xd6aca0_0, 0;
    %jmp T_9.1;
T_9.0 ;
    %load/vec4 v0xd6ad80_0;
    %pad/s 32;
    %cmpi/s 0, 0, 32;
    %jmp/0xz  T_9.2, 5;
    %load/vec4 v0xd6a680_0;
    %load/vec4 v0xd6ab20_0;
    %add;
    %assign/vec4 v0xd6a590_0, 0;
    %load/vec4 v0xd6aa60_0;
    %load/vec4 v0xd6a770_0;
    %sub;
    %assign/vec4 v0xd6a8f0_0, 0;
    %load/vec4 v0xd6ad80_0;
    %addi 15192, 0, 17;
    %assign/vec4 v0xd6aca0_0, 0;
    %jmp T_9.3;
T_9.2 ;
    %load/vec4 v0xd6a680_0;
    %load/vec4 v0xd6ab20_0;
    %sub;
    %assign/vec4 v0xd6a590_0, 0;
    %load/vec4 v0xd6aa60_0;
    %load/vec4 v0xd6a770_0;
    %add;
    %assign/vec4 v0xd6a8f0_0, 0;
    %load/vec4 v0xd6ad80_0;
    %subi 15192, 0, 17;
    %assign/vec4 v0xd6aca0_0, 0;
T_9.3 ;
T_9.1 ;
    %jmp T_9;
    .thread T_9;
    .scope S_0xd6b7d0;
T_10 ;
    %wait E_0xd6ba40;
    %load/vec4 v0xd6bac0_0;
    %store/vec4 v0xd6bbd0_0, 0, 17;
    %pushi/vec4 0, 0, 32;
    %store/vec4 v0xd6bd80_0, 0, 32;
T_10.0 ; Top of for-loop
    %load/vec4 v0xd6bd80_0;
    %load/vec4 v0xd6bc90_0;
    %pad/u 32;
    %cmp/u;
    %jmp/0xz T_10.1, 5;
    %load/vec4 v0xd6bac0_0;
    %parti/s 1, 16, 6;
    %load/vec4 v0xd6bbd0_0;
    %parti/s 16, 1, 2;
    %concat/vec4; draw_concat_vec4
    %store/vec4 v0xd6bbd0_0, 0, 17;
T_10.2 ; for-loop step statement
    %load/vec4 v0xd6bd80_0;
    %addi 1, 0, 32;
    %store/vec4 v0xd6bd80_0, 0, 32;
    %jmp T_10.0;
T_10.1 ; for-loop exit label
    %jmp T_10;
    .thread T_10, $push;
    .scope S_0xd6bee0;
T_11 ;
    %wait E_0xd6c130;
    %load/vec4 v0xd6c1b0_0;
    %store/vec4 v0xd6c2c0_0, 0, 17;
    %pushi/vec4 0, 0, 32;
    %store/vec4 v0xd6c470_0, 0, 32;
T_11.0 ; Top of for-loop
    %load/vec4 v0xd6c470_0;
    %load/vec4 v0xd6c380_0;
    %pad/u 32;
    %cmp/u;
    %jmp/0xz T_11.1, 5;
    %load/vec4 v0xd6c1b0_0;
    %parti/s 1, 16, 6;
    %load/vec4 v0xd6c2c0_0;
    %parti/s 16, 1, 2;
    %concat/vec4; draw_concat_vec4
    %store/vec4 v0xd6c2c0_0, 0, 17;
T_11.2 ; for-loop step statement
    %load/vec4 v0xd6c470_0;
    %addi 1, 0, 32;
    %store/vec4 v0xd6c470_0, 0, 32;
    %jmp T_11.0;
T_11.1 ; for-loop exit label
    %jmp T_11;
    .thread T_11, $push;
    .scope S_0xd6b2f0;
T_12 ;
    %wait E_0xc9a1a0;
    %load/vec4 v0xd6c8b0_0;
    %flag_set/vec4 8;
    %jmp/0xz  T_12.0, 8;
    %pushi/vec4 0, 0, 17;
    %assign/vec4 v0xd6c9a0_0, 0;
    %pushi/vec4 0, 0, 17;
    %assign/vec4 v0xd6cd40_0, 0;
    %pushi/vec4 0, 0, 17;
    %assign/vec4 v0xd6d0f0_0, 0;
    %jmp T_12.1;
T_12.0 ;
    %load/vec4 v0xd6d1d0_0;
    %pad/s 32;
    %cmpi/s 0, 0, 32;
    %jmp/0xz  T_12.2, 5;
    %load/vec4 v0xd6cab0_0;
    %load/vec4 v0xd6cf70_0;
    %add;
    %assign/vec4 v0xd6c9a0_0, 0;
    %load/vec4 v0xd6ceb0_0;
    %load/vec4 v0xd6cbc0_0;
    %sub;
    %assign/vec4 v0xd6cd40_0, 0;
    %load/vec4 v0xd6d1d0_0;
    %addi 8027, 0, 17;
    %assign/vec4 v0xd6d0f0_0, 0;
    %jmp T_12.3;
T_12.2 ;
    %load/vec4 v0xd6cab0_0;
    %load/vec4 v0xd6cf70_0;
    %sub;
    %assign/vec4 v0xd6c9a0_0, 0;
    %load/vec4 v0xd6ceb0_0;
    %load/vec4 v0xd6cbc0_0;
    %add;
    %assign/vec4 v0xd6cd40_0, 0;
    %load/vec4 v0xd6d1d0_0;
    %subi 8027, 0, 17;
    %assign/vec4 v0xd6d0f0_0, 0;
T_12.3 ;
T_12.1 ;
    %jmp T_12;
    .thread T_12;
    .scope S_0xd6dba0;
T_13 ;
    %wait E_0xd6de30;
    %load/vec4 v0xd6deb0_0;
    %store/vec4 v0xd6dfc0_0, 0, 17;
    %pushi/vec4 0, 0, 32;
    %store/vec4 v0xd6e170_0, 0, 32;
T_13.0 ; Top of for-loop
    %load/vec4 v0xd6e170_0;
    %load/vec4 v0xd6e080_0;
    %pad/u 32;
    %cmp/u;
    %jmp/0xz T_13.1, 5;
    %load/vec4 v0xd6deb0_0;
    %parti/s 1, 16, 6;
    %load/vec4 v0xd6dfc0_0;
    %parti/s 16, 1, 2;
    %concat/vec4; draw_concat_vec4
    %store/vec4 v0xd6dfc0_0, 0, 17;
T_13.2 ; for-loop step statement
    %load/vec4 v0xd6e170_0;
    %addi 1, 0, 32;
    %store/vec4 v0xd6e170_0, 0, 32;
    %jmp T_13.0;
T_13.1 ; for-loop exit label
    %jmp T_13;
    .thread T_13, $push;
    .scope S_0xd6e2d0;
T_14 ;
    %wait E_0xd6e520;
    %load/vec4 v0xd6e5a0_0;
    %store/vec4 v0xd6e6b0_0, 0, 17;
    %pushi/vec4 0, 0, 32;
    %store/vec4 v0xd6e860_0, 0, 32;
T_14.0 ; Top of for-loop
    %load/vec4 v0xd6e860_0;
    %load/vec4 v0xd6e770_0;
    %pad/u 32;
    %cmp/u;
    %jmp/0xz T_14.1, 5;
    %load/vec4 v0xd6e5a0_0;
    %parti/s 1, 16, 6;
    %load/vec4 v0xd6e6b0_0;
    %parti/s 16, 1, 2;
    %concat/vec4; draw_concat_vec4
    %store/vec4 v0xd6e6b0_0, 0, 17;
T_14.2 ; for-loop step statement
    %load/vec4 v0xd6e860_0;
    %addi 1, 0, 32;
    %store/vec4 v0xd6e860_0, 0, 32;
    %jmp T_14.0;
T_14.1 ; for-loop exit label
    %jmp T_14;
    .thread T_14, $push;
    .scope S_0xd6d730;
T_15 ;
    %wait E_0xc9a1a0;
    %load/vec4 v0xd6ec50_0;
    %flag_set/vec4 8;
    %jmp/0xz  T_15.0, 8;
    %pushi/vec4 0, 0, 17;
    %assign/vec4 v0xd6ecf0_0, 0;
    %pushi/vec4 0, 0, 17;
    %assign/vec4 v0xd6f090_0, 0;
    %pushi/vec4 0, 0, 17;
    %assign/vec4 v0xd6f440_0, 0;
    %jmp T_15.1;
T_15.0 ;
    %load/vec4 v0xd6f520_0;
    %pad/s 32;
    %cmpi/s 0, 0, 32;
    %jmp/0xz  T_15.2, 5;
    %load/vec4 v0xd6ee00_0;
    %load/vec4 v0xd6f2c0_0;
    %add;
    %assign/vec4 v0xd6ecf0_0, 0;
    %load/vec4 v0xd6f200_0;
    %load/vec4 v0xd6ef10_0;
    %sub;
    %assign/vec4 v0xd6f090_0, 0;
    %load/vec4 v0xd6f520_0;
    %addi 4075, 0, 17;
    %assign/vec4 v0xd6f440_0, 0;
    %jmp T_15.3;
T_15.2 ;
    %load/vec4 v0xd6ee00_0;
    %load/vec4 v0xd6f2c0_0;
    %sub;
    %assign/vec4 v0xd6ecf0_0, 0;
    %load/vec4 v0xd6f200_0;
    %load/vec4 v0xd6ef10_0;
    %add;
    %assign/vec4 v0xd6f090_0, 0;
    %load/vec4 v0xd6f520_0;
    %subi 4075, 0, 17;
    %assign/vec4 v0xd6f440_0, 0;
T_15.3 ;
T_15.1 ;
    %jmp T_15;
    .thread T_15;
    .scope S_0xd6ff60;
T_16 ;
    %wait E_0xd701f0;
    %load/vec4 v0xd70270_0;
    %store/vec4 v0xd70380_0, 0, 17;
    %pushi/vec4 0, 0, 32;
    %store/vec4 v0xd70530_0, 0, 32;
T_16.0 ; Top of for-loop
    %load/vec4 v0xd70530_0;
    %load/vec4 v0xd70440_0;
    %pad/u 32;
    %cmp/u;
    %jmp/0xz T_16.1, 5;
    %load/vec4 v0xd70270_0;
    %parti/s 1, 16, 6;
    %load/vec4 v0xd70380_0;
    %parti/s 16, 1, 2;
    %concat/vec4; draw_concat_vec4
    %store/vec4 v0xd70380_0, 0, 17;
T_16.2 ; for-loop step statement
    %load/vec4 v0xd70530_0;
    %addi 1, 0, 32;
    %store/vec4 v0xd70530_0, 0, 32;
    %jmp T_16.0;
T_16.1 ; for-loop exit label
    %jmp T_16;
    .thread T_16, $push;
    .scope S_0xd70690;
T_17 ;
    %wait E_0xd708e0;
    %load/vec4 v0xd70960_0;
    %store/vec4 v0xd70a70_0, 0, 17;
    %pushi/vec4 0, 0, 32;
    %store/vec4 v0xd70c20_0, 0, 32;
T_17.0 ; Top of for-loop
    %load/vec4 v0xd70c20_0;
    %load/vec4 v0xd70b30_0;
    %pad/u 32;
    %cmp/u;
    %jmp/0xz T_17.1, 5;
    %load/vec4 v0xd70960_0;
    %parti/s 1, 16, 6;
    %load/vec4 v0xd70a70_0;
    %parti/s 16, 1, 2;
    %concat/vec4; draw_concat_vec4
    %store/vec4 v0xd70a70_0, 0, 17;
T_17.2 ; for-loop step statement
    %load/vec4 v0xd70c20_0;
    %addi 1, 0, 32;
    %store/vec4 v0xd70c20_0, 0, 32;
    %jmp T_17.0;
T_17.1 ; for-loop exit label
    %jmp T_17;
    .thread T_17, $push;
    .scope S_0xd6fad0;
T_18 ;
    %wait E_0xc9a1a0;
    %load/vec4 v0xd710a0_0;
    %flag_set/vec4 8;
    %jmp/0xz  T_18.0, 8;
    %pushi/vec4 0, 0, 17;
    %assign/vec4 v0xd711d0_0, 0;
    %pushi/vec4 0, 0, 17;
    %assign/vec4 v0xd714d0_0, 0;
    %pushi/vec4 0, 0, 17;
    %assign/vec4 v0xd71880_0, 0;
    %jmp T_18.1;
T_18.0 ;
    %load/vec4 v0xd71960_0;
    %pad/s 32;
    %cmpi/s 0, 0, 32;
    %jmp/0xz  T_18.2, 5;
    %load/vec4 v0xd71290_0;
    %load/vec4 v0xd71700_0;
    %add;
    %assign/vec4 v0xd711d0_0, 0;
    %load/vec4 v0xd71640_0;
    %load/vec4 v0xd71350_0;
    %sub;
    %assign/vec4 v0xd714d0_0, 0;
    %load/vec4 v0xd71960_0;
    %addi 2045, 0, 17;
    %assign/vec4 v0xd71880_0, 0;
    %jmp T_18.3;
T_18.2 ;
    %load/vec4 v0xd71290_0;
    %load/vec4 v0xd71700_0;
    %sub;
    %assign/vec4 v0xd711d0_0, 0;
    %load/vec4 v0xd71640_0;
    %load/vec4 v0xd71350_0;
    %add;
    %assign/vec4 v0xd714d0_0, 0;
    %load/vec4 v0xd71960_0;
    %subi 2045, 0, 17;
    %assign/vec4 v0xd71880_0, 0;
T_18.3 ;
T_18.1 ;
    %jmp T_18;
    .thread T_18;
    .scope S_0xd723a0;
T_19 ;
    %wait E_0xd72610;
    %load/vec4 v0xd72690_0;
    %store/vec4 v0xd727a0_0, 0, 17;
    %pushi/vec4 0, 0, 32;
    %store/vec4 v0xd72950_0, 0, 32;
T_19.0 ; Top of for-loop
    %load/vec4 v0xd72950_0;
    %load/vec4 v0xd72860_0;
    %pad/u 32;
    %cmp/u;
    %jmp/0xz T_19.1, 5;
    %load/vec4 v0xd72690_0;
    %parti/s 1, 16, 6;
    %load/vec4 v0xd727a0_0;
    %parti/s 16, 1, 2;
    %concat/vec4; draw_concat_vec4
    %store/vec4 v0xd727a0_0, 0, 17;
T_19.2 ; for-loop step statement
    %load/vec4 v0xd72950_0;
    %addi 1, 0, 32;
    %store/vec4 v0xd72950_0, 0, 32;
    %jmp T_19.0;
T_19.1 ; for-loop exit label
    %jmp T_19;
    .thread T_19, $push;
    .scope S_0xd72ab0;
T_20 ;
    %wait E_0xd72d00;
    %load/vec4 v0xd72d80_0;
    %store/vec4 v0xd72e90_0, 0, 17;
    %pushi/vec4 0, 0, 32;
    %store/vec4 v0xd73040_0, 0, 32;
T_20.0 ; Top of for-loop
    %load/vec4 v0xd73040_0;
    %load/vec4 v0xd72f50_0;
    %pad/u 32;
    %cmp/u;
    %jmp/0xz T_20.1, 5;
    %load/vec4 v0xd72d80_0;
    %parti/s 1, 16, 6;
    %load/vec4 v0xd72e90_0;
    %parti/s 16, 1, 2;
    %concat/vec4; draw_concat_vec4
    %store/vec4 v0xd72e90_0, 0, 17;
T_20.2 ; for-loop step statement
    %load/vec4 v0xd73040_0;
    %addi 1, 0, 32;
    %store/vec4 v0xd73040_0, 0, 32;
    %jmp T_20.0;
T_20.1 ; for-loop exit label
    %jmp T_20;
    .thread T_20, $push;
    .scope S_0xd71ec0;
T_21 ;
    %wait E_0xc9a1a0;
    %load/vec4 v0xd73430_0;
    %flag_set/vec4 8;
    %jmp/0xz  T_21.0, 8;
    %pushi/vec4 0, 0, 17;
    %assign/vec4 v0xd734d0_0, 0;
    %pushi/vec4 0, 0, 17;
    %assign/vec4 v0xd73870_0, 0;
    %pushi/vec4 0, 0, 17;
    %assign/vec4 v0xd73c20_0, 0;
    %jmp T_21.1;
T_21.0 ;
    %load/vec4 v0xd73d00_0;
    %pad/s 32;
    %cmpi/s 0, 0, 32;
    %jmp/0xz  T_21.2, 5;
    %load/vec4 v0xd735e0_0;
    %load/vec4 v0xd73aa0_0;
    %add;
    %assign/vec4 v0xd734d0_0, 0;
    %load/vec4 v0xd739e0_0;
    %load/vec4 v0xd736f0_0;
    %sub;
    %assign/vec4 v0xd73870_0, 0;
    %load/vec4 v0xd73d00_0;
    %addi 1024, 0, 17;
    %assign/vec4 v0xd73c20_0, 0;
    %jmp T_21.3;
T_21.2 ;
    %load/vec4 v0xd735e0_0;
    %load/vec4 v0xd73aa0_0;
    %sub;
    %assign/vec4 v0xd734d0_0, 0;
    %load/vec4 v0xd739e0_0;
    %load/vec4 v0xd736f0_0;
    %add;
    %assign/vec4 v0xd73870_0, 0;
    %load/vec4 v0xd73d00_0;
    %subi 1024, 0, 17;
    %assign/vec4 v0xd73c20_0, 0;
T_21.3 ;
T_21.1 ;
    %jmp T_21;
    .thread T_21;
    .scope S_0xd74740;
T_22 ;
    %wait E_0xd749b0;
    %load/vec4 v0xd74a30_0;
    %store/vec4 v0xd74b40_0, 0, 17;
    %pushi/vec4 0, 0, 32;
    %store/vec4 v0xd74cf0_0, 0, 32;
T_22.0 ; Top of for-loop
    %load/vec4 v0xd74cf0_0;
    %load/vec4 v0xd74c00_0;
    %pad/u 32;
    %cmp/u;
    %jmp/0xz T_22.1, 5;
    %load/vec4 v0xd74a30_0;
    %parti/s 1, 16, 6;
    %load/vec4 v0xd74b40_0;
    %parti/s 16, 1, 2;
    %concat/vec4; draw_concat_vec4
    %store/vec4 v0xd74b40_0, 0, 17;
T_22.2 ; for-loop step statement
    %load/vec4 v0xd74cf0_0;
    %addi 1, 0, 32;
    %store/vec4 v0xd74cf0_0, 0, 32;
    %jmp T_22.0;
T_22.1 ; for-loop exit label
    %jmp T_22;
    .thread T_22, $push;
    .scope S_0xd74e50;
T_23 ;
    %wait E_0xd750a0;
    %load/vec4 v0xd75120_0;
    %store/vec4 v0xd75230_0, 0, 17;
    %pushi/vec4 0, 0, 32;
    %store/vec4 v0xd753e0_0, 0, 32;
T_23.0 ; Top of for-loop
    %load/vec4 v0xd753e0_0;
    %load/vec4 v0xd752f0_0;
    %pad/u 32;
    %cmp/u;
    %jmp/0xz T_23.1, 5;
    %load/vec4 v0xd75120_0;
    %parti/s 1, 16, 6;
    %load/vec4 v0xd75230_0;
    %parti/s 16, 1, 2;
    %concat/vec4; draw_concat_vec4
    %store/vec4 v0xd75230_0, 0, 17;
T_23.2 ; for-loop step statement
    %load/vec4 v0xd753e0_0;
    %addi 1, 0, 32;
    %store/vec4 v0xd753e0_0, 0, 32;
    %jmp T_23.0;
T_23.1 ; for-loop exit label
    %jmp T_23;
    .thread T_23, $push;
    .scope S_0xd74260;
T_24 ;
    %wait E_0xc9a1a0;
    %load/vec4 v0xd757d0_0;
    %flag_set/vec4 8;
    %jmp/0xz  T_24.0, 8;
    %pushi/vec4 0, 0, 17;
    %assign/vec4 v0xd75870_0, 0;
    %pushi/vec4 0, 0, 17;
    %assign/vec4 v0xd75c10_0, 0;
    %pushi/vec4 0, 0, 17;
    %assign/vec4 v0xd75fc0_0, 0;
    %jmp T_24.1;
T_24.0 ;
    %load/vec4 v0xd760a0_0;
    %pad/s 32;
    %cmpi/s 0, 0, 32;
    %jmp/0xz  T_24.2, 5;
    %load/vec4 v0xd75980_0;
    %load/vec4 v0xd75e40_0;
    %add;
    %assign/vec4 v0xd75870_0, 0;
    %load/vec4 v0xd75d80_0;
    %load/vec4 v0xd75a90_0;
    %sub;
    %assign/vec4 v0xd75c10_0, 0;
    %load/vec4 v0xd760a0_0;
    %addi 512, 0, 17;
    %assign/vec4 v0xd75fc0_0, 0;
    %jmp T_24.3;
T_24.2 ;
    %load/vec4 v0xd75980_0;
    %load/vec4 v0xd75e40_0;
    %sub;
    %assign/vec4 v0xd75870_0, 0;
    %load/vec4 v0xd75d80_0;
    %load/vec4 v0xd75a90_0;
    %add;
    %assign/vec4 v0xd75c10_0, 0;
    %load/vec4 v0xd760a0_0;
    %subi 512, 0, 17;
    %assign/vec4 v0xd75fc0_0, 0;
T_24.3 ;
T_24.1 ;
    %jmp T_24;
    .thread T_24;
    .scope S_0xd76ae0;
T_25 ;
    %wait E_0xd76d50;
    %load/vec4 v0xd76dd0_0;
    %store/vec4 v0xd76ee0_0, 0, 17;
    %pushi/vec4 0, 0, 32;
    %store/vec4 v0xd77090_0, 0, 32;
T_25.0 ; Top of for-loop
    %load/vec4 v0xd77090_0;
    %load/vec4 v0xd76fa0_0;
    %pad/u 32;
    %cmp/u;
    %jmp/0xz T_25.1, 5;
    %load/vec4 v0xd76dd0_0;
    %parti/s 1, 16, 6;
    %load/vec4 v0xd76ee0_0;
    %parti/s 16, 1, 2;
    %concat/vec4; draw_concat_vec4
    %store/vec4 v0xd76ee0_0, 0, 17;
T_25.2 ; for-loop step statement
    %load/vec4 v0xd77090_0;
    %addi 1, 0, 32;
    %store/vec4 v0xd77090_0, 0, 32;
    %jmp T_25.0;
T_25.1 ; for-loop exit label
    %jmp T_25;
    .thread T_25, $push;
    .scope S_0xd771f0;
T_26 ;
    %wait E_0xd77440;
    %load/vec4 v0xd774c0_0;
    %store/vec4 v0xd775d0_0, 0, 17;
    %pushi/vec4 0, 0, 32;
    %store/vec4 v0xd77780_0, 0, 32;
T_26.0 ; Top of for-loop
    %load/vec4 v0xd77780_0;
    %load/vec4 v0xd77690_0;
    %pad/u 32;
    %cmp/u;
    %jmp/0xz T_26.1, 5;
    %load/vec4 v0xd774c0_0;
    %parti/s 1, 16, 6;
    %load/vec4 v0xd775d0_0;
    %parti/s 16, 1, 2;
    %concat/vec4; draw_concat_vec4
    %store/vec4 v0xd775d0_0, 0, 17;
T_26.2 ; for-loop step statement
    %load/vec4 v0xd77780_0;
    %addi 1, 0, 32;
    %store/vec4 v0xd77780_0, 0, 32;
    %jmp T_26.0;
T_26.1 ; for-loop exit label
    %jmp T_26;
    .thread T_26, $push;
    .scope S_0xd76600;
T_27 ;
    %wait E_0xc9a1a0;
    %load/vec4 v0xd77b70_0;
    %flag_set/vec4 8;
    %jmp/0xz  T_27.0, 8;
    %pushi/vec4 0, 0, 17;
    %assign/vec4 v0xd77c10_0, 0;
    %pushi/vec4 0, 0, 17;
    %assign/vec4 v0xd77fb0_0, 0;
    %pushi/vec4 0, 0, 17;
    %assign/vec4 v0xd78360_0, 0;
    %jmp T_27.1;
T_27.0 ;
    %load/vec4 v0xd78440_0;
    %pad/s 32;
    %cmpi/s 0, 0, 32;
    %jmp/0xz  T_27.2, 5;
    %load/vec4 v0xd77d20_0;
    %load/vec4 v0xd781e0_0;
    %add;
    %assign/vec4 v0xd77c10_0, 0;
    %load/vec4 v0xd78120_0;
    %load/vec4 v0xd77e30_0;
    %sub;
    %assign/vec4 v0xd77fb0_0, 0;
    %load/vec4 v0xd78440_0;
    %addi 256, 0, 17;
    %assign/vec4 v0xd78360_0, 0;
    %jmp T_27.3;
T_27.2 ;
    %load/vec4 v0xd77d20_0;
    %load/vec4 v0xd781e0_0;
    %sub;
    %assign/vec4 v0xd77c10_0, 0;
    %load/vec4 v0xd78120_0;
    %load/vec4 v0xd77e30_0;
    %add;
    %assign/vec4 v0xd77fb0_0, 0;
    %load/vec4 v0xd78440_0;
    %subi 256, 0, 17;
    %assign/vec4 v0xd78360_0, 0;
T_27.3 ;
T_27.1 ;
    %jmp T_27;
    .thread T_27;
    .scope S_0xd78ec0;
T_28 ;
    %wait E_0xd79130;
    %load/vec4 v0xd791b0_0;
    %store/vec4 v0xd792c0_0, 0, 17;
    %pushi/vec4 0, 0, 32;
    %store/vec4 v0xd79470_0, 0, 32;
T_28.0 ; Top of for-loop
    %load/vec4 v0xd79470_0;
    %load/vec4 v0xd79380_0;
    %pad/u 32;
    %cmp/u;
    %jmp/0xz T_28.1, 5;
    %load/vec4 v0xd791b0_0;
    %parti/s 1, 16, 6;
    %load/vec4 v0xd792c0_0;
    %parti/s 16, 1, 2;
    %concat/vec4; draw_concat_vec4
    %store/vec4 v0xd792c0_0, 0, 17;
T_28.2 ; for-loop step statement
    %load/vec4 v0xd79470_0;
    %addi 1, 0, 32;
    %store/vec4 v0xd79470_0, 0, 32;
    %jmp T_28.0;
T_28.1 ; for-loop exit label
    %jmp T_28;
    .thread T_28, $push;
    .scope S_0xd795d0;
T_29 ;
    %wait E_0xd79820;
    %load/vec4 v0xd798a0_0;
    %store/vec4 v0xd799b0_0, 0, 17;
    %pushi/vec4 0, 0, 32;
    %store/vec4 v0xd79b60_0, 0, 32;
T_29.0 ; Top of for-loop
    %load/vec4 v0xd79b60_0;
    %load/vec4 v0xd79a70_0;
    %pad/u 32;
    %cmp/u;
    %jmp/0xz T_29.1, 5;
    %load/vec4 v0xd798a0_0;
    %parti/s 1, 16, 6;
    %load/vec4 v0xd799b0_0;
    %parti/s 16, 1, 2;
    %concat/vec4; draw_concat_vec4
    %store/vec4 v0xd799b0_0, 0, 17;
T_29.2 ; for-loop step statement
    %load/vec4 v0xd79b60_0;
    %addi 1, 0, 32;
    %store/vec4 v0xd79b60_0, 0, 32;
    %jmp T_29.0;
T_29.1 ; for-loop exit label
    %jmp T_29;
    .thread T_29, $push;
    .scope S_0xd789e0;
T_30 ;
    %wait E_0xc9a1a0;
    %load/vec4 v0xd7a060_0;
    %flag_set/vec4 8;
    %jmp/0xz  T_30.0, 8;
    %pushi/vec4 0, 0, 17;
    %assign/vec4 v0xd7a210_0, 0;
    %pushi/vec4 0, 0, 17;
    %assign/vec4 v0xd7a490_0, 0;
    %pushi/vec4 0, 0, 17;
    %assign/vec4 v0xd7a840_0, 0;
    %jmp T_30.1;
T_30.0 ;
    %load/vec4 v0xd7a920_0;
    %pad/s 32;
    %cmpi/s 0, 0, 32;
    %jmp/0xz  T_30.2, 5;
    %load/vec4 v0xd7a2b0_0;
    %load/vec4 v0xd7a6c0_0;
    %add;
    %assign/vec4 v0xd7a210_0, 0;
    %load/vec4 v0xd7a600_0;
    %load/vec4 v0xd7a350_0;
    %sub;
    %assign/vec4 v0xd7a490_0, 0;
    %load/vec4 v0xd7a920_0;
    %addi 128, 0, 17;
    %assign/vec4 v0xd7a840_0, 0;
    %jmp T_30.3;
T_30.2 ;
    %load/vec4 v0xd7a2b0_0;
    %load/vec4 v0xd7a6c0_0;
    %sub;
    %assign/vec4 v0xd7a210_0, 0;
    %load/vec4 v0xd7a600_0;
    %load/vec4 v0xd7a350_0;
    %add;
    %assign/vec4 v0xd7a490_0, 0;
    %load/vec4 v0xd7a920_0;
    %subi 128, 0, 17;
    %assign/vec4 v0xd7a840_0, 0;
T_30.3 ;
T_30.1 ;
    %jmp T_30;
    .thread T_30;
    .scope S_0xd7b360;
T_31 ;
    %wait E_0xd7b5d0;
    %load/vec4 v0xd7b650_0;
    %store/vec4 v0xd7b760_0, 0, 17;
    %pushi/vec4 0, 0, 32;
    %store/vec4 v0xd7b910_0, 0, 32;
T_31.0 ; Top of for-loop
    %load/vec4 v0xd7b910_0;
    %load/vec4 v0xd7b820_0;
    %pad/u 32;
    %cmp/u;
    %jmp/0xz T_31.1, 5;
    %load/vec4 v0xd7b650_0;
    %parti/s 1, 16, 6;
    %load/vec4 v0xd7b760_0;
    %parti/s 16, 1, 2;
    %concat/vec4; draw_concat_vec4
    %store/vec4 v0xd7b760_0, 0, 17;
T_31.2 ; for-loop step statement
    %load/vec4 v0xd7b910_0;
    %addi 1, 0, 32;
    %store/vec4 v0xd7b910_0, 0, 32;
    %jmp T_31.0;
T_31.1 ; for-loop exit label
    %jmp T_31;
    .thread T_31, $push;
    .scope S_0xd7ba70;
T_32 ;
    %wait E_0xd7bcc0;
    %load/vec4 v0xd7bd40_0;
    %store/vec4 v0xd7be50_0, 0, 17;
    %pushi/vec4 0, 0, 32;
    %store/vec4 v0xd7c000_0, 0, 32;
T_32.0 ; Top of for-loop
    %load/vec4 v0xd7c000_0;
    %load/vec4 v0xd7bf10_0;
    %pad/u 32;
    %cmp/u;
    %jmp/0xz T_32.1, 5;
    %load/vec4 v0xd7bd40_0;
    %parti/s 1, 16, 6;
    %load/vec4 v0xd7be50_0;
    %parti/s 16, 1, 2;
    %concat/vec4; draw_concat_vec4
    %store/vec4 v0xd7be50_0, 0, 17;
T_32.2 ; for-loop step statement
    %load/vec4 v0xd7c000_0;
    %addi 1, 0, 32;
    %store/vec4 v0xd7c000_0, 0, 32;
    %jmp T_32.0;
T_32.1 ; for-loop exit label
    %jmp T_32;
    .thread T_32, $push;
    .scope S_0xd7ae80;
T_33 ;
    %wait E_0xc9a1a0;
    %load/vec4 v0xd7c3f0_0;
    %flag_set/vec4 8;
    %jmp/0xz  T_33.0, 8;
    %pushi/vec4 0, 0, 17;
    %assign/vec4 v0xd7c490_0, 0;
    %pushi/vec4 0, 0, 17;
    %assign/vec4 v0xd7c830_0, 0;
    %pushi/vec4 0, 0, 17;
    %assign/vec4 v0xd7cbe0_0, 0;
    %jmp T_33.1;
T_33.0 ;
    %load/vec4 v0xd7ccc0_0;
    %pad/s 32;
    %cmpi/s 0, 0, 32;
    %jmp/0xz  T_33.2, 5;
    %load/vec4 v0xd7c5a0_0;
    %load/vec4 v0xd7ca60_0;
    %add;
    %assign/vec4 v0xd7c490_0, 0;
    %load/vec4 v0xd7c9a0_0;
    %load/vec4 v0xd7c6b0_0;
    %sub;
    %assign/vec4 v0xd7c830_0, 0;
    %load/vec4 v0xd7ccc0_0;
    %addi 64, 0, 17;
    %assign/vec4 v0xd7cbe0_0, 0;
    %jmp T_33.3;
T_33.2 ;
    %load/vec4 v0xd7c5a0_0;
    %load/vec4 v0xd7ca60_0;
    %sub;
    %assign/vec4 v0xd7c490_0, 0;
    %load/vec4 v0xd7c9a0_0;
    %load/vec4 v0xd7c6b0_0;
    %add;
    %assign/vec4 v0xd7c830_0, 0;
    %load/vec4 v0xd7ccc0_0;
    %subi 64, 0, 17;
    %assign/vec4 v0xd7cbe0_0, 0;
T_33.3 ;
T_33.1 ;
    %jmp T_33;
    .thread T_33;
    .scope S_0xd7d700;
T_34 ;
    %wait E_0xd7d970;
    %load/vec4 v0xd7d9f0_0;
    %store/vec4 v0xd7db00_0, 0, 17;
    %pushi/vec4 0, 0, 32;
    %store/vec4 v0xd7dcb0_0, 0, 32;
T_34.0 ; Top of for-loop
    %load/vec4 v0xd7dcb0_0;
    %load/vec4 v0xd7dbc0_0;
    %pad/u 32;
    %cmp/u;
    %jmp/0xz T_34.1, 5;
    %load/vec4 v0xd7d9f0_0;
    %parti/s 1, 16, 6;
    %load/vec4 v0xd7db00_0;
    %parti/s 16, 1, 2;
    %concat/vec4; draw_concat_vec4
    %store/vec4 v0xd7db00_0, 0, 17;
T_34.2 ; for-loop step statement
    %load/vec4 v0xd7dcb0_0;
    %addi 1, 0, 32;
    %store/vec4 v0xd7dcb0_0, 0, 32;
    %jmp T_34.0;
T_34.1 ; for-loop exit label
    %jmp T_34;
    .thread T_34, $push;
    .scope S_0xd7de10;
T_35 ;
    %wait E_0xd7e060;
    %load/vec4 v0xd7e0e0_0;
    %store/vec4 v0xd7e1f0_0, 0, 17;
    %pushi/vec4 0, 0, 32;
    %store/vec4 v0xd7e3a0_0, 0, 32;
T_35.0 ; Top of for-loop
    %load/vec4 v0xd7e3a0_0;
    %load/vec4 v0xd7e2b0_0;
    %pad/u 32;
    %cmp/u;
    %jmp/0xz T_35.1, 5;
    %load/vec4 v0xd7e0e0_0;
    %parti/s 1, 16, 6;
    %load/vec4 v0xd7e1f0_0;
    %parti/s 16, 1, 2;
    %concat/vec4; draw_concat_vec4
    %store/vec4 v0xd7e1f0_0, 0, 17;
T_35.2 ; for-loop step statement
    %load/vec4 v0xd7e3a0_0;
    %addi 1, 0, 32;
    %store/vec4 v0xd7e3a0_0, 0, 32;
    %jmp T_35.0;
T_35.1 ; for-loop exit label
    %jmp T_35;
    .thread T_35, $push;
    .scope S_0xd7d220;
T_36 ;
    %wait E_0xc9a1a0;
    %load/vec4 v0xd7e790_0;
    %flag_set/vec4 8;
    %jmp/0xz  T_36.0, 8;
    %pushi/vec4 0, 0, 17;
    %assign/vec4 v0xd7e830_0, 0;
    %pushi/vec4 0, 0, 17;
    %assign/vec4 v0xd7ebd0_0, 0;
    %pushi/vec4 0, 0, 17;
    %assign/vec4 v0xd7ef80_0, 0;
    %jmp T_36.1;
T_36.0 ;
    %load/vec4 v0xd7f060_0;
    %pad/s 32;
    %cmpi/s 0, 0, 32;
    %jmp/0xz  T_36.2, 5;
    %load/vec4 v0xd7e940_0;
    %load/vec4 v0xd7ee00_0;
    %add;
    %assign/vec4 v0xd7e830_0, 0;
    %load/vec4 v0xd7ed40_0;
    %load/vec4 v0xd7ea50_0;
    %sub;
    %assign/vec4 v0xd7ebd0_0, 0;
    %load/vec4 v0xd7f060_0;
    %addi 32, 0, 17;
    %assign/vec4 v0xd7ef80_0, 0;
    %jmp T_36.3;
T_36.2 ;
    %load/vec4 v0xd7e940_0;
    %load/vec4 v0xd7ee00_0;
    %sub;
    %assign/vec4 v0xd7e830_0, 0;
    %load/vec4 v0xd7ed40_0;
    %load/vec4 v0xd7ea50_0;
    %add;
    %assign/vec4 v0xd7ebd0_0, 0;
    %load/vec4 v0xd7f060_0;
    %subi 32, 0, 17;
    %assign/vec4 v0xd7ef80_0, 0;
T_36.3 ;
T_36.1 ;
    %jmp T_36;
    .thread T_36;
    .scope S_0xd7faa0;
T_37 ;
    %wait E_0xd7fd10;
    %load/vec4 v0xd7fd90_0;
    %store/vec4 v0xd7fea0_0, 0, 17;
    %pushi/vec4 0, 0, 32;
    %store/vec4 v0xd80050_0, 0, 32;
T_37.0 ; Top of for-loop
    %load/vec4 v0xd80050_0;
    %load/vec4 v0xd7ff60_0;
    %pad/u 32;
    %cmp/u;
    %jmp/0xz T_37.1, 5;
    %load/vec4 v0xd7fd90_0;
    %parti/s 1, 16, 6;
    %load/vec4 v0xd7fea0_0;
    %parti/s 16, 1, 2;
    %concat/vec4; draw_concat_vec4
    %store/vec4 v0xd7fea0_0, 0, 17;
T_37.2 ; for-loop step statement
    %load/vec4 v0xd80050_0;
    %addi 1, 0, 32;
    %store/vec4 v0xd80050_0, 0, 32;
    %jmp T_37.0;
T_37.1 ; for-loop exit label
    %jmp T_37;
    .thread T_37, $push;
    .scope S_0xd801b0;
T_38 ;
    %wait E_0xd80400;
    %load/vec4 v0xd80480_0;
    %store/vec4 v0xd80590_0, 0, 17;
    %pushi/vec4 0, 0, 32;
    %store/vec4 v0xd80740_0, 0, 32;
T_38.0 ; Top of for-loop
    %load/vec4 v0xd80740_0;
    %load/vec4 v0xd80650_0;
    %pad/u 32;
    %cmp/u;
    %jmp/0xz T_38.1, 5;
    %load/vec4 v0xd80480_0;
    %parti/s 1, 16, 6;
    %load/vec4 v0xd80590_0;
    %parti/s 16, 1, 2;
    %concat/vec4; draw_concat_vec4
    %store/vec4 v0xd80590_0, 0, 17;
T_38.2 ; for-loop step statement
    %load/vec4 v0xd80740_0;
    %addi 1, 0, 32;
    %store/vec4 v0xd80740_0, 0, 32;
    %jmp T_38.0;
T_38.1 ; for-loop exit label
    %jmp T_38;
    .thread T_38, $push;
    .scope S_0xd7f5c0;
T_39 ;
    %wait E_0xc9a1a0;
    %load/vec4 v0xd80b30_0;
    %flag_set/vec4 8;
    %jmp/0xz  T_39.0, 8;
    %pushi/vec4 0, 0, 17;
    %assign/vec4 v0xd80bd0_0, 0;
    %pushi/vec4 0, 0, 17;
    %assign/vec4 v0xd80f70_0, 0;
    %pushi/vec4 0, 0, 17;
    %assign/vec4 v0xd81320_0, 0;
    %jmp T_39.1;
T_39.0 ;
    %load/vec4 v0xd81400_0;
    %pad/s 32;
    %cmpi/s 0, 0, 32;
    %jmp/0xz  T_39.2, 5;
    %load/vec4 v0xd80ce0_0;
    %load/vec4 v0xd811a0_0;
    %add;
    %assign/vec4 v0xd80bd0_0, 0;
    %load/vec4 v0xd810e0_0;
    %load/vec4 v0xd80df0_0;
    %sub;
    %assign/vec4 v0xd80f70_0, 0;
    %load/vec4 v0xd81400_0;
    %addi 16, 0, 17;
    %assign/vec4 v0xd81320_0, 0;
    %jmp T_39.3;
T_39.2 ;
    %load/vec4 v0xd80ce0_0;
    %load/vec4 v0xd811a0_0;
    %sub;
    %assign/vec4 v0xd80bd0_0, 0;
    %load/vec4 v0xd810e0_0;
    %load/vec4 v0xd80df0_0;
    %add;
    %assign/vec4 v0xd80f70_0, 0;
    %load/vec4 v0xd81400_0;
    %subi 16, 0, 17;
    %assign/vec4 v0xd81320_0, 0;
T_39.3 ;
T_39.1 ;
    %jmp T_39;
    .thread T_39;
    .scope S_0xd81e40;
T_40 ;
    %wait E_0xd820b0;
    %load/vec4 v0xd82130_0;
    %store/vec4 v0xd82240_0, 0, 17;
    %pushi/vec4 0, 0, 32;
    %store/vec4 v0xd823f0_0, 0, 32;
T_40.0 ; Top of for-loop
    %load/vec4 v0xd823f0_0;
    %load/vec4 v0xd82300_0;
    %pad/u 32;
    %cmp/u;
    %jmp/0xz T_40.1, 5;
    %load/vec4 v0xd82130_0;
    %parti/s 1, 16, 6;
    %load/vec4 v0xd82240_0;
    %parti/s 16, 1, 2;
    %concat/vec4; draw_concat_vec4
    %store/vec4 v0xd82240_0, 0, 17;
T_40.2 ; for-loop step statement
    %load/vec4 v0xd823f0_0;
    %addi 1, 0, 32;
    %store/vec4 v0xd823f0_0, 0, 32;
    %jmp T_40.0;
T_40.1 ; for-loop exit label
    %jmp T_40;
    .thread T_40, $push;
    .scope S_0xd82550;
T_41 ;
    %wait E_0xd827a0;
    %load/vec4 v0xd82820_0;
    %store/vec4 v0xd82930_0, 0, 17;
    %pushi/vec4 0, 0, 32;
    %store/vec4 v0xd82ae0_0, 0, 32;
T_41.0 ; Top of for-loop
    %load/vec4 v0xd82ae0_0;
    %load/vec4 v0xd829f0_0;
    %pad/u 32;
    %cmp/u;
    %jmp/0xz T_41.1, 5;
    %load/vec4 v0xd82820_0;
    %parti/s 1, 16, 6;
    %load/vec4 v0xd82930_0;
    %parti/s 16, 1, 2;
    %concat/vec4; draw_concat_vec4
    %store/vec4 v0xd82930_0, 0, 17;
T_41.2 ; for-loop step statement
    %load/vec4 v0xd82ae0_0;
    %addi 1, 0, 32;
    %store/vec4 v0xd82ae0_0, 0, 32;
    %jmp T_41.0;
T_41.1 ; for-loop exit label
    %jmp T_41;
    .thread T_41, $push;
    .scope S_0xd81960;
T_42 ;
    %wait E_0xc9a1a0;
    %load/vec4 v0xd82ed0_0;
    %flag_set/vec4 8;
    %jmp/0xz  T_42.0, 8;
    %pushi/vec4 0, 0, 17;
    %assign/vec4 v0xd82f70_0, 0;
    %pushi/vec4 0, 0, 17;
    %assign/vec4 v0xd83310_0, 0;
    %pushi/vec4 0, 0, 17;
    %assign/vec4 v0xd836c0_0, 0;
    %jmp T_42.1;
T_42.0 ;
    %load/vec4 v0xd837a0_0;
    %pad/s 32;
    %cmpi/s 0, 0, 32;
    %jmp/0xz  T_42.2, 5;
    %load/vec4 v0xd83080_0;
    %load/vec4 v0xd83540_0;
    %add;
    %assign/vec4 v0xd82f70_0, 0;
    %load/vec4 v0xd83480_0;
    %load/vec4 v0xd83190_0;
    %sub;
    %assign/vec4 v0xd83310_0, 0;
    %load/vec4 v0xd837a0_0;
    %addi 8, 0, 17;
    %assign/vec4 v0xd836c0_0, 0;
    %jmp T_42.3;
T_42.2 ;
    %load/vec4 v0xd83080_0;
    %load/vec4 v0xd83540_0;
    %sub;
    %assign/vec4 v0xd82f70_0, 0;
    %load/vec4 v0xd83480_0;
    %load/vec4 v0xd83190_0;
    %add;
    %assign/vec4 v0xd83310_0, 0;
    %load/vec4 v0xd837a0_0;
    %subi 8, 0, 17;
    %assign/vec4 v0xd836c0_0, 0;
T_42.3 ;
T_42.1 ;
    %jmp T_42;
    .thread T_42;
    .scope S_0xd841e0;
T_43 ;
    %wait E_0xd84450;
    %load/vec4 v0xd844d0_0;
    %store/vec4 v0xd845e0_0, 0, 17;
    %pushi/vec4 0, 0, 32;
    %store/vec4 v0xd84790_0, 0, 32;
T_43.0 ; Top of for-loop
    %load/vec4 v0xd84790_0;
    %load/vec4 v0xd846a0_0;
    %pad/u 32;
    %cmp/u;
    %jmp/0xz T_43.1, 5;
    %load/vec4 v0xd844d0_0;
    %parti/s 1, 16, 6;
    %load/vec4 v0xd845e0_0;
    %parti/s 16, 1, 2;
    %concat/vec4; draw_concat_vec4
    %store/vec4 v0xd845e0_0, 0, 17;
T_43.2 ; for-loop step statement
    %load/vec4 v0xd84790_0;
    %addi 1, 0, 32;
    %store/vec4 v0xd84790_0, 0, 32;
    %jmp T_43.0;
T_43.1 ; for-loop exit label
    %jmp T_43;
    .thread T_43, $push;
    .scope S_0xd848f0;
T_44 ;
    %wait E_0xd84b40;
    %load/vec4 v0xd84bc0_0;
    %store/vec4 v0xd84cd0_0, 0, 17;
    %pushi/vec4 0, 0, 32;
    %store/vec4 v0xd84e80_0, 0, 32;
T_44.0 ; Top of for-loop
    %load/vec4 v0xd84e80_0;
    %load/vec4 v0xd84d90_0;
    %pad/u 32;
    %cmp/u;
    %jmp/0xz T_44.1, 5;
    %load/vec4 v0xd84bc0_0;
    %parti/s 1, 16, 6;
    %load/vec4 v0xd84cd0_0;
    %parti/s 16, 1, 2;
    %concat/vec4; draw_concat_vec4
    %store/vec4 v0xd84cd0_0, 0, 17;
T_44.2 ; for-loop step statement
    %load/vec4 v0xd84e80_0;
    %addi 1, 0, 32;
    %store/vec4 v0xd84e80_0, 0, 32;
    %jmp T_44.0;
T_44.1 ; for-loop exit label
    %jmp T_44;
    .thread T_44, $push;
    .scope S_0xd83d00;
T_45 ;
    %wait E_0xc9a1a0;
    %load/vec4 v0xd85270_0;
    %flag_set/vec4 8;
    %jmp/0xz  T_45.0, 8;
    %pushi/vec4 0, 0, 17;
    %assign/vec4 v0xd85310_0, 0;
    %pushi/vec4 0, 0, 17;
    %assign/vec4 v0xd856b0_0, 0;
    %pushi/vec4 0, 0, 17;
    %assign/vec4 v0xd85a60_0, 0;
    %jmp T_45.1;
T_45.0 ;
    %load/vec4 v0xd85b40_0;
    %pad/s 32;
    %cmpi/s 0, 0, 32;
    %jmp/0xz  T_45.2, 5;
    %load/vec4 v0xd85420_0;
    %load/vec4 v0xd858e0_0;
    %add;
    %assign/vec4 v0xd85310_0, 0;
    %load/vec4 v0xd85820_0;
    %load/vec4 v0xd85530_0;
    %sub;
    %assign/vec4 v0xd856b0_0, 0;
    %load/vec4 v0xd85b40_0;
    %addi 4, 0, 17;
    %assign/vec4 v0xd85a60_0, 0;
    %jmp T_45.3;
T_45.2 ;
    %load/vec4 v0xd85420_0;
    %load/vec4 v0xd858e0_0;
    %sub;
    %assign/vec4 v0xd85310_0, 0;
    %load/vec4 v0xd85820_0;
    %load/vec4 v0xd85530_0;
    %add;
    %assign/vec4 v0xd856b0_0, 0;
    %load/vec4 v0xd85b40_0;
    %subi 4, 0, 17;
    %assign/vec4 v0xd85a60_0, 0;
T_45.3 ;
T_45.1 ;
    %jmp T_45;
    .thread T_45;
    .scope S_0xd86580;
T_46 ;
    %wait E_0xd867f0;
    %load/vec4 v0xd86870_0;
    %store/vec4 v0xd86980_0, 0, 17;
    %pushi/vec4 0, 0, 32;
    %store/vec4 v0xd86b30_0, 0, 32;
T_46.0 ; Top of for-loop
    %load/vec4 v0xd86b30_0;
    %load/vec4 v0xd86a40_0;
    %pad/u 32;
    %cmp/u;
    %jmp/0xz T_46.1, 5;
    %load/vec4 v0xd86870_0;
    %parti/s 1, 16, 6;
    %load/vec4 v0xd86980_0;
    %parti/s 16, 1, 2;
    %concat/vec4; draw_concat_vec4
    %store/vec4 v0xd86980_0, 0, 17;
T_46.2 ; for-loop step statement
    %load/vec4 v0xd86b30_0;
    %addi 1, 0, 32;
    %store/vec4 v0xd86b30_0, 0, 32;
    %jmp T_46.0;
T_46.1 ; for-loop exit label
    %jmp T_46;
    .thread T_46, $push;
    .scope S_0xd86c90;
T_47 ;
    %wait E_0xd86ee0;
    %load/vec4 v0xd86f60_0;
    %store/vec4 v0xd87070_0, 0, 17;
    %pushi/vec4 0, 0, 32;
    %store/vec4 v0xd87220_0, 0, 32;
T_47.0 ; Top of for-loop
    %load/vec4 v0xd87220_0;
    %load/vec4 v0xd87130_0;
    %pad/u 32;
    %cmp/u;
    %jmp/0xz T_47.1, 5;
    %load/vec4 v0xd86f60_0;
    %parti/s 1, 16, 6;
    %load/vec4 v0xd87070_0;
    %parti/s 16, 1, 2;
    %concat/vec4; draw_concat_vec4
    %store/vec4 v0xd87070_0, 0, 17;
T_47.2 ; for-loop step statement
    %load/vec4 v0xd87220_0;
    %addi 1, 0, 32;
    %store/vec4 v0xd87220_0, 0, 32;
    %jmp T_47.0;
T_47.1 ; for-loop exit label
    %jmp T_47;
    .thread T_47, $push;
    .scope S_0xd860a0;
T_48 ;
    %wait E_0xc9a1a0;
    %load/vec4 v0xd87610_0;
    %flag_set/vec4 8;
    %jmp/0xz  T_48.0, 8;
    %pushi/vec4 0, 0, 17;
    %assign/vec4 v0xd876b0_0, 0;
    %pushi/vec4 0, 0, 17;
    %assign/vec4 v0xd87a50_0, 0;
    %pushi/vec4 0, 0, 17;
    %assign/vec4 v0xd87e00_0, 0;
    %jmp T_48.1;
T_48.0 ;
    %load/vec4 v0xd87ee0_0;
    %pad/s 32;
    %cmpi/s 0, 0, 32;
    %jmp/0xz  T_48.2, 5;
    %load/vec4 v0xd877c0_0;
    %load/vec4 v0xd87c80_0;
    %add;
    %assign/vec4 v0xd876b0_0, 0;
    %load/vec4 v0xd87bc0_0;
    %load/vec4 v0xd878d0_0;
    %sub;
    %assign/vec4 v0xd87a50_0, 0;
    %load/vec4 v0xd87ee0_0;
    %addi 2, 0, 17;
    %assign/vec4 v0xd87e00_0, 0;
    %jmp T_48.3;
T_48.2 ;
    %load/vec4 v0xd877c0_0;
    %load/vec4 v0xd87c80_0;
    %sub;
    %assign/vec4 v0xd876b0_0, 0;
    %load/vec4 v0xd87bc0_0;
    %load/vec4 v0xd878d0_0;
    %add;
    %assign/vec4 v0xd87a50_0, 0;
    %load/vec4 v0xd87ee0_0;
    %subi 2, 0, 17;
    %assign/vec4 v0xd87e00_0, 0;
T_48.3 ;
T_48.1 ;
    %jmp T_48;
    .thread T_48;
    .scope S_0xd2a360;
T_49 ;
    %vpi_call 2 88 "$display", "starting simulation" {0 0 0};
    %vpi_call 2 90 "$display", "PIPELINE configuration" {0 0 0};
    %pushi/vec4 32768, 0, 17;
    %ix/load 3, 0, 0;
    %flag_set/imm 4, 0;
    %ix/load 4, 0, 0; Constant delay
    %assign/vec4/a/d v0xd8b0e0, 0, 4;
    %pushi/vec4 0, 0, 17;
    %ix/load 3, 0, 0;
    %flag_set/imm 4, 0;
    %ix/load 4, 0, 0; Constant delay
    %assign/vec4/a/d v0xd8b3f0, 0, 4;
    %pushi/vec4 0, 0, 17;
    %ix/load 3, 0, 0;
    %flag_set/imm 4, 0;
    %ix/load 4, 0, 0; Constant delay
    %assign/vec4/a/d v0xd8b5d0, 0, 4;
    %pushi/vec4 32763, 0, 17;
    %ix/load 3, 1, 0;
    %flag_set/imm 4, 0;
    %ix/load 4, 0, 0; Constant delay
    %assign/vec4/a/d v0xd8b0e0, 0, 4;
    %pushi/vec4 571, 0, 17;
    %ix/load 3, 1, 0;
    %flag_set/imm 4, 0;
    %ix/load 4, 0, 0; Constant delay
    %assign/vec4/a/d v0xd8b3f0, 0, 4;
    %pushi/vec4 571, 0, 17;
    %ix/load 3, 1, 0;
    %flag_set/imm 4, 0;
    %ix/load 4, 0, 0; Constant delay
    %assign/vec4/a/d v0xd8b5d0, 0, 4;
    %pushi/vec4 32748, 0, 17;
    %ix/load 3, 2, 0;
    %flag_set/imm 4, 0;
    %ix/load 4, 0, 0; Constant delay
    %assign/vec4/a/d v0xd8b0e0, 0, 4;
    %pushi/vec4 1143, 0, 17;
    %ix/load 3, 2, 0;
    %flag_set/imm 4, 0;
    %ix/load 4, 0, 0; Constant delay
    %assign/vec4/a/d v0xd8b3f0, 0, 4;
    %pushi/vec4 1143, 0, 17;
    %ix/load 3, 2, 0;
    %flag_set/imm 4, 0;
    %ix/load 4, 0, 0; Constant delay
    %assign/vec4/a/d v0xd8b5d0, 0, 4;
    %pushi/vec4 32723, 0, 17;
    %ix/load 3, 3, 0;
    %flag_set/imm 4, 0;
    %ix/load 4, 0, 0; Constant delay
    %assign/vec4/a/d v0xd8b0e0, 0, 4;
    %pushi/vec4 1714, 0, 17;
    %ix/load 3, 3, 0;
    %flag_set/imm 4, 0;
    %ix/load 4, 0, 0; Constant delay
    %assign/vec4/a/d v0xd8b3f0, 0, 4;
    %pushi/vec4 1715, 0, 17;
    %ix/load 3, 3, 0;
    %flag_set/imm 4, 0;
    %ix/load 4, 0, 0; Constant delay
    %assign/vec4/a/d v0xd8b5d0, 0, 4;
    %pushi/vec4 32688, 0, 17;
    %ix/load 3, 4, 0;
    %flag_set/imm 4, 0;
    %ix/load 4, 0, 0; Constant delay
    %assign/vec4/a/d v0xd8b0e0, 0, 4;
    %pushi/vec4 2285, 0, 17;
    %ix/load 3, 4, 0;
    %flag_set/imm 4, 0;
    %ix/load 4, 0, 0; Constant delay
    %assign/vec4/a/d v0xd8b3f0, 0, 4;
    %pushi/vec4 2287, 0, 17;
    %ix/load 3, 4, 0;
    %flag_set/imm 4, 0;
    %ix/load 4, 0, 0; Constant delay
    %assign/vec4/a/d v0xd8b5d0, 0, 4;
    %pushi/vec4 32643, 0, 17;
    %ix/load 3, 5, 0;
    %flag_set/imm 4, 0;
    %ix/load 4, 0, 0; Constant delay
    %assign/vec4/a/d v0xd8b0e0, 0, 4;
    %pushi/vec4 2855, 0, 17;
    %ix/load 3, 5, 0;
    %flag_set/imm 4, 0;
    %ix/load 4, 0, 0; Constant delay
    %assign/vec4/a/d v0xd8b3f0, 0, 4;
    %pushi/vec4 2859, 0, 17;
    %ix/load 3, 5, 0;
    %flag_set/imm 4, 0;
    %ix/load 4, 0, 0; Constant delay
    %assign/vec4/a/d v0xd8b5d0, 0, 4;
    %pushi/vec4 32588, 0, 17;
    %ix/load 3, 6, 0;
    %flag_set/imm 4, 0;
    %ix/load 4, 0, 0; Constant delay
    %assign/vec4/a/d v0xd8b0e0, 0, 4;
    %pushi/vec4 3425, 0, 17;
    %ix/load 3, 6, 0;
    %flag_set/imm 4, 0;
    %ix/load 4, 0, 0; Constant delay
    %assign/vec4/a/d v0xd8b3f0, 0, 4;
    %pushi/vec4 3431, 0, 17;
    %ix/load 3, 6, 0;
    %flag_set/imm 4, 0;
    %ix/load 4, 0, 0; Constant delay
    %assign/vec4/a/d v0xd8b5d0, 0, 4;
    %pushi/vec4 32523, 0, 17;
    %ix/load 3, 7, 0;
    %flag_set/imm 4, 0;
    %ix/load 4, 0, 0; Constant delay
    %assign/vec4/a/d v0xd8b0e0, 0, 4;
    %pushi/vec4 3993, 0, 17;
    %ix/load 3, 7, 0;
    %flag_set/imm 4, 0;
    %ix/load 4, 0, 0; Constant delay
    %assign/vec4/a/d v0xd8b3f0, 0, 4;
    %pushi/vec4 4003, 0, 17;
    %ix/load 3, 7, 0;
    %flag_set/imm 4, 0;
    %ix/load 4, 0, 0; Constant delay
    %assign/vec4/a/d v0xd8b5d0, 0, 4;
    %pushi/vec4 32449, 0, 17;
    %ix/load 3, 8, 0;
    %flag_set/imm 4, 0;
    %ix/load 4, 0, 0; Constant delay
    %assign/vec4/a/d v0xd8b0e0, 0, 4;
    %pushi/vec4 4560, 0, 17;
    %ix/load 3, 8, 0;
    %flag_set/imm 4, 0;
    %ix/load 4, 0, 0; Constant delay
    %assign/vec4/a/d v0xd8b3f0, 0, 4;
    %pushi/vec4 4575, 0, 17;
    %ix/load 3, 8, 0;
    %flag_set/imm 4, 0;
    %ix/load 4, 0, 0; Constant delay
    %assign/vec4/a/d v0xd8b5d0, 0, 4;
    %pushi/vec4 32364, 0, 17;
    %ix/load 3, 9, 0;
    %flag_set/imm 4, 0;
    %ix/load 4, 0, 0; Constant delay
    %assign/vec4/a/d v0xd8b0e0, 0, 4;
    %pushi/vec4 5126, 0, 17;
    %ix/load 3, 9, 0;
    %flag_set/imm 4, 0;
    %ix/load 4, 0, 0; Constant delay
    %assign/vec4/a/d v0xd8b3f0, 0, 4;
    %pushi/vec4 5147, 0, 17;
    %ix/load 3, 9, 0;
    %flag_set/imm 4, 0;
    %ix/load 4, 0, 0; Constant delay
    %assign/vec4/a/d v0xd8b5d0, 0, 4;
    %pushi/vec4 32270, 0, 17;
    %ix/load 3, 10, 0;
    %flag_set/imm 4, 0;
    %ix/load 4, 0, 0; Constant delay
    %assign/vec4/a/d v0xd8b0e0, 0, 4;
    %pushi/vec4 5690, 0, 17;
    %ix/load 3, 10, 0;
    %flag_set/imm 4, 0;
    %ix/load 4, 0, 0; Constant delay
    %assign/vec4/a/d v0xd8b3f0, 0, 4;
    %pushi/vec4 5719, 0, 17;
    %ix/load 3, 10, 0;
    %flag_set/imm 4, 0;
    %ix/load 4, 0, 0; Constant delay
    %assign/vec4/a/d v0xd8b5d0, 0, 4;
    %pushi/vec4 32165, 0, 17;
    %ix/load 3, 11, 0;
    %flag_set/imm 4, 0;
    %ix/load 4, 0, 0; Constant delay
    %assign/vec4/a/d v0xd8b0e0, 0, 4;
    %pushi/vec4 6252, 0, 17;
    %ix/load 3, 11, 0;
    %flag_set/imm 4, 0;
    %ix/load 4, 0, 0; Constant delay
    %assign/vec4/a/d v0xd8b3f0, 0, 4;
    %pushi/vec4 6291, 0, 17;
    %ix/load 3, 11, 0;
    %flag_set/imm 4, 0;
    %ix/load 4, 0, 0; Constant delay
    %assign/vec4/a/d v0xd8b5d0, 0, 4;
    %pushi/vec4 32051, 0, 17;
    %ix/load 3, 12, 0;
    %flag_set/imm 4, 0;
    %ix/load 4, 0, 0; Constant delay
    %assign/vec4/a/d v0xd8b0e0, 0, 4;
    %pushi/vec4 6812, 0, 17;
    %ix/load 3, 12, 0;
    %flag_set/imm 4, 0;
    %ix/load 4, 0, 0; Constant delay
    %assign/vec4/a/d v0xd8b3f0, 0, 4;
    %pushi/vec4 6862, 0, 17;
    %ix/load 3, 12, 0;
    %flag_set/imm 4, 0;
    %ix/load 4, 0, 0; Constant delay
    %assign/vec4/a/d v0xd8b5d0, 0, 4;
    %pushi/vec4 31928, 0, 17;
    %ix/load 3, 13, 0;
    %flag_set/imm 4, 0;
    %ix/load 4, 0, 0; Constant delay
    %assign/vec4/a/d v0xd8b0e0, 0, 4;
    %pushi/vec4 7371, 0, 17;
    %ix/load 3, 13, 0;
    %flag_set/imm 4, 0;
    %ix/load 4, 0, 0; Constant delay
    %assign/vec4/a/d v0xd8b3f0, 0, 4;
    %pushi/vec4 7434, 0, 17;
    %ix/load 3, 13, 0;
    %flag_set/imm 4, 0;
    %ix/load 4, 0, 0; Constant delay
    %assign/vec4/a/d v0xd8b5d0, 0, 4;
    %pushi/vec4 31794, 0, 17;
    %ix/load 3, 14, 0;
    %flag_set/imm 4, 0;
    %ix/load 4, 0, 0; Constant delay
    %assign/vec4/a/d v0xd8b0e0, 0, 4;
    %pushi/vec4 7927, 0, 17;
    %ix/load 3, 14, 0;
    %flag_set/imm 4, 0;
    %ix/load 4, 0, 0; Constant delay
    %assign/vec4/a/d v0xd8b3f0, 0, 4;
    %pushi/vec4 8006, 0, 17;
    %ix/load 3, 14, 0;
    %flag_set/imm 4, 0;
    %ix/load 4, 0, 0; Constant delay
    %assign/vec4/a/d v0xd8b5d0, 0, 4;
    %pushi/vec4 31651, 0, 17;
    %ix/load 3, 15, 0;
    %flag_set/imm 4, 0;
    %ix/load 4, 0, 0; Constant delay
    %assign/vec4/a/d v0xd8b0e0, 0, 4;
    %pushi/vec4 8480, 0, 17;
    %ix/load 3, 15, 0;
    %flag_set/imm 4, 0;
    %ix/load 4, 0, 0; Constant delay
    %assign/vec4/a/d v0xd8b3f0, 0, 4;
    %pushi/vec4 8578, 0, 17;
    %ix/load 3, 15, 0;
    %flag_set/imm 4, 0;
    %ix/load 4, 0, 0; Constant delay
    %assign/vec4/a/d v0xd8b5d0, 0, 4;
    %pushi/vec4 31498, 0, 17;
    %ix/load 3, 16, 0;
    %flag_set/imm 4, 0;
    %ix/load 4, 0, 0; Constant delay
    %assign/vec4/a/d v0xd8b0e0, 0, 4;
    %pushi/vec4 9032, 0, 17;
    %ix/load 3, 16, 0;
    %flag_set/imm 4, 0;
    %ix/load 4, 0, 0; Constant delay
    %assign/vec4/a/d v0xd8b3f0, 0, 4;
    %pushi/vec4 9150, 0, 17;
    %ix/load 3, 16, 0;
    %flag_set/imm 4, 0;
    %ix/load 4, 0, 0; Constant delay
    %assign/vec4/a/d v0xd8b5d0, 0, 4;
    %pushi/vec4 31336, 0, 17;
    %ix/load 3, 17, 0;
    %flag_set/imm 4, 0;
    %ix/load 4, 0, 0; Constant delay
    %assign/vec4/a/d v0xd8b0e0, 0, 4;
    %pushi/vec4 9580, 0, 17;
    %ix/load 3, 17, 0;
    %flag_set/imm 4, 0;
    %ix/load 4, 0, 0; Constant delay
    %assign/vec4/a/d v0xd8b3f0, 0, 4;
    %pushi/vec4 9722, 0, 17;
    %ix/load 3, 17, 0;
    %flag_set/imm 4, 0;
    %ix/load 4, 0, 0; Constant delay
    %assign/vec4/a/d v0xd8b5d0, 0, 4;
    %pushi/vec4 31164, 0, 17;
    %ix/load 3, 18, 0;
    %flag_set/imm 4, 0;
    %ix/load 4, 0, 0; Constant delay
    %assign/vec4/a/d v0xd8b0e0, 0, 4;
    %pushi/vec4 10125, 0, 17;
    %ix/load 3, 18, 0;
    %flag_set/imm 4, 0;
    %ix/load 4, 0, 0; Constant delay
    %assign/vec4/a/d v0xd8b3f0, 0, 4;
    %pushi/vec4 10294, 0, 17;
    %ix/load 3, 18, 0;
    %flag_set/imm 4, 0;
    %ix/load 4, 0, 0; Constant delay
    %assign/vec4/a/d v0xd8b5d0, 0, 4;
    %pushi/vec4 30982, 0, 17;
    %ix/load 3, 19, 0;
    %flag_set/imm 4, 0;
    %ix/load 4, 0, 0; Constant delay
    %assign/vec4/a/d v0xd8b0e0, 0, 4;
    %pushi/vec4 10668, 0, 17;
    %ix/load 3, 19, 0;
    %flag_set/imm 4, 0;
    %ix/load 4, 0, 0; Constant delay
    %assign/vec4/a/d v0xd8b3f0, 0, 4;
    %pushi/vec4 10866, 0, 17;
    %ix/load 3, 19, 0;
    %flag_set/imm 4, 0;
    %ix/load 4, 0, 0; Constant delay
    %assign/vec4/a/d v0xd8b5d0, 0, 4;
    %pushi/vec4 30791, 0, 17;
    %ix/load 3, 20, 0;
    %flag_set/imm 4, 0;
    %ix/load 4, 0, 0; Constant delay
    %assign/vec4/a/d v0xd8b0e0, 0, 4;
    %pushi/vec4 11207, 0, 17;
    %ix/load 3, 20, 0;
    %flag_set/imm 4, 0;
    %ix/load 4, 0, 0; Constant delay
    %assign/vec4/a/d v0xd8b3f0, 0, 4;
    %pushi/vec4 11438, 0, 17;
    %ix/load 3, 20, 0;
    %flag_set/imm 4, 0;
    %ix/load 4, 0, 0; Constant delay
    %assign/vec4/a/d v0xd8b5d0, 0, 4;
    %pushi/vec4 30591, 0, 17;
    %ix/load 3, 21, 0;
    %flag_set/imm 4, 0;
    %ix/load 4, 0, 0; Constant delay
    %assign/vec4/a/d v0xd8b0e0, 0, 4;
    %pushi/vec4 11743, 0, 17;
    %ix/load 3, 21, 0;
    %flag_set/imm 4, 0;
    %ix/load 4, 0, 0; Constant delay
    %assign/vec4/a/d v0xd8b3f0, 0, 4;
    %pushi/vec4 12010, 0, 17;
    %ix/load 3, 21, 0;
    %flag_set/imm 4, 0;
    %ix/load 4, 0, 0; Constant delay
    %assign/vec4/a/d v0xd8b5d0, 0, 4;
    %pushi/vec4 30381, 0, 17;
    %ix/load 3, 22, 0;
    %flag_set/imm 4, 0;
    %ix/load 4, 0, 0; Constant delay
    %assign/vec4/a/d v0xd8b0e0, 0, 4;
    %pushi/vec4 12275, 0, 17;
    %ix/load 3, 22, 0;
    %flag_set/imm 4, 0;
    %ix/load 4, 0, 0; Constant delay
    %assign/vec4/a/d v0xd8b3f0, 0, 4;
    %pushi/vec4 12582, 0, 17;
    %ix/load 3, 22, 0;
    %flag_set/imm 4, 0;
    %ix/load 4, 0, 0; Constant delay
    %assign/vec4/a/d v0xd8b5d0, 0, 4;
    %pushi/vec4 30163, 0, 17;
    %ix/load 3, 23, 0;
    %flag_set/imm 4, 0;
    %ix/load 4, 0, 0; Constant delay
    %assign/vec4/a/d v0xd8b0e0, 0, 4;
    %pushi/vec4 12803, 0, 17;
    %ix/load 3, 23, 0;
    %flag_set/imm 4, 0;
    %ix/load 4, 0, 0; Constant delay
    %assign/vec4/a/d v0xd8b3f0, 0, 4;
    %pushi/vec4 13153, 0, 17;
    %ix/load 3, 23, 0;
    %flag_set/imm 4, 0;
    %ix/load 4, 0, 0; Constant delay
    %assign/vec4/a/d v0xd8b5d0, 0, 4;
    %pushi/vec4 29935, 0, 17;
    %ix/load 3, 24, 0;
    %flag_set/imm 4, 0;
    %ix/load 4, 0, 0; Constant delay
    %assign/vec4/a/d v0xd8b0e0, 0, 4;
    %pushi/vec4 13327, 0, 17;
    %ix/load 3, 24, 0;
    %flag_set/imm 4, 0;
    %ix/load 4, 0, 0; Constant delay
    %assign/vec4/a/d v0xd8b3f0, 0, 4;
    %pushi/vec4 13725, 0, 17;
    %ix/load 3, 24, 0;
    %flag_set/imm 4, 0;
    %ix/load 4, 0, 0; Constant delay
    %assign/vec4/a/d v0xd8b5d0, 0, 4;
    %pushi/vec4 29697, 0, 17;
    %ix/load 3, 25, 0;
    %flag_set/imm 4, 0;
    %ix/load 4, 0, 0; Constant delay
    %assign/vec4/a/d v0xd8b0e0, 0, 4;
    %pushi/vec4 13848, 0, 17;
    %ix/load 3, 25, 0;
    %flag_set/imm 4, 0;
    %ix/load 4, 0, 0; Constant delay
    %assign/vec4/a/d v0xd8b3f0, 0, 4;
    %pushi/vec4 14297, 0, 17;
    %ix/load 3, 25, 0;
    %flag_set/imm 4, 0;
    %ix/load 4, 0, 0; Constant delay
    %assign/vec4/a/d v0xd8b5d0, 0, 4;
    %pushi/vec4 29451, 0, 17;
    %ix/load 3, 26, 0;
    %flag_set/imm 4, 0;
    %ix/load 4, 0, 0; Constant delay
    %assign/vec4/a/d v0xd8b0e0, 0, 4;
    %pushi/vec4 14364, 0, 17;
    %ix/load 3, 26, 0;
    %flag_set/imm 4, 0;
    %ix/load 4, 0, 0; Constant delay
    %assign/vec4/a/d v0xd8b3f0, 0, 4;
    %pushi/vec4 14869, 0, 17;
    %ix/load 3, 26, 0;
    %flag_set/imm 4, 0;
    %ix/load 4, 0, 0; Constant delay
    %assign/vec4/a/d v0xd8b5d0, 0, 4;
    %pushi/vec4 29196, 0, 17;
    %ix/load 3, 27, 0;
    %flag_set/imm 4, 0;
    %ix/load 4, 0, 0; Constant delay
    %assign/vec4/a/d v0xd8b0e0, 0, 4;
    %pushi/vec4 14876, 0, 17;
    %ix/load 3, 27, 0;
    %flag_set/imm 4, 0;
    %ix/load 4, 0, 0; Constant delay
    %assign/vec4/a/d v0xd8b3f0, 0, 4;
    %pushi/vec4 15441, 0, 17;
    %ix/load 3, 27, 0;
    %flag_set/imm 4, 0;
    %ix/load 4, 0, 0; Constant delay
    %assign/vec4/a/d v0xd8b5d0, 0, 4;
    %pushi/vec4 28932, 0, 17;
    %ix/load 3, 28, 0;
    %flag_set/imm 4, 0;
    %ix/load 4, 0, 0; Constant delay
    %assign/vec4/a/d v0xd8b0e0, 0, 4;
    %pushi/vec4 15383, 0, 17;
    %ix/load 3, 28, 0;
    %flag_set/imm 4, 0;
    %ix/load 4, 0, 0; Constant delay
    %assign/vec4/a/d v0xd8b3f0, 0, 4;
    %pushi/vec4 16013, 0, 17;
    %ix/load 3, 28, 0;
    %flag_set/imm 4, 0;
    %ix/load 4, 0, 0; Constant delay
    %assign/vec4/a/d v0xd8b5d0, 0, 4;
    %pushi/vec4 28659, 0, 17;
    %ix/load 3, 29, 0;
    %flag_set/imm 4, 0;
    %ix/load 4, 0, 0; Constant delay
    %assign/vec4/a/d v0xd8b0e0, 0, 4;
    %pushi/vec4 15886, 0, 17;
    %ix/load 3, 29, 0;
    %flag_set/imm 4, 0;
    %ix/load 4, 0, 0; Constant delay
    %assign/vec4/a/d v0xd8b3f0, 0, 4;
    %pushi/vec4 16585, 0, 17;
    %ix/load 3, 29, 0;
    %flag_set/imm 4, 0;
    %ix/load 4, 0, 0; Constant delay
    %assign/vec4/a/d v0xd8b5d0, 0, 4;
    %pushi/vec4 28377, 0, 17;
    %ix/load 3, 30, 0;
    %flag_set/imm 4, 0;
    %ix/load 4, 0, 0; Constant delay
    %assign/vec4/a/d v0xd8b0e0, 0, 4;
    %pushi/vec4 16383, 0, 17;
    %ix/load 3, 30, 0;
    %flag_set/imm 4, 0;
    %ix/load 4, 0, 0; Constant delay
    %assign/vec4/a/d v0xd8b3f0, 0, 4;
    %pushi/vec4 17157, 0, 17;
    %ix/load 3, 30, 0;
    %flag_set/imm 4, 0;
    %ix/load 4, 0, 0; Constant delay
    %assign/vec4/a/d v0xd8b5d0, 0, 4;
    %pushi/vec4 28087, 0, 17;
    %ix/load 3, 31, 0;
    %flag_set/imm 4, 0;
    %ix/load 4, 0, 0; Constant delay
    %assign/vec4/a/d v0xd8b0e0, 0, 4;
    %pushi/vec4 16876, 0, 17;
    %ix/load 3, 31, 0;
    %flag_set/imm 4, 0;
    %ix/load 4, 0, 0; Constant delay
    %assign/vec4/a/d v0xd8b3f0, 0, 4;
    %pushi/vec4 17729, 0, 17;
    %ix/load 3, 31, 0;
    %flag_set/imm 4, 0;
    %ix/load 4, 0, 0; Constant delay
    %assign/vec4/a/d v0xd8b5d0, 0, 4;
    %pushi/vec4 27788, 0, 17;
    %ix/load 3, 32, 0;
    %flag_set/imm 4, 0;
    %ix/load 4, 0, 0; Constant delay
    %assign/vec4/a/d v0xd8b0e0, 0, 4;
    %pushi/vec4 17364, 0, 17;
    %ix/load 3, 32, 0;
    %flag_set/imm 4, 0;
    %ix/load 4, 0, 0; Constant delay
    %assign/vec4/a/d v0xd8b3f0, 0, 4;
    %pushi/vec4 18301, 0, 17;
    %ix/load 3, 32, 0;
    %flag_set/imm 4, 0;
    %ix/load 4, 0, 0; Constant delay
    %assign/vec4/a/d v0xd8b5d0, 0, 4;
    %pushi/vec4 27481, 0, 17;
    %ix/load 3, 33, 0;
    %flag_set/imm 4, 0;
    %ix/load 4, 0, 0; Constant delay
    %assign/vec4/a/d v0xd8b0e0, 0, 4;
    %pushi/vec4 17846, 0, 17;
    %ix/load 3, 33, 0;
    %flag_set/imm 4, 0;
    %ix/load 4, 0, 0; Constant delay
    %assign/vec4/a/d v0xd8b3f0, 0, 4;
    %pushi/vec4 18873, 0, 17;
    %ix/load 3, 33, 0;
    %flag_set/imm 4, 0;
    %ix/load 4, 0, 0; Constant delay
    %assign/vec4/a/d v0xd8b5d0, 0, 4;
    %pushi/vec4 27165, 0, 17;
    %ix/load 3, 34, 0;
    %flag_set/imm 4, 0;
    %ix/load 4, 0, 0; Constant delay
    %assign/vec4/a/d v0xd8b0e0, 0, 4;
    %pushi/vec4 18323, 0, 17;
    %ix/load 3, 34, 0;
    %flag_set/imm 4, 0;
    %ix/load 4, 0, 0; Constant delay
    %assign/vec4/a/d v0xd8b3f0, 0, 4;
    %pushi/vec4 19444, 0, 17;
    %ix/load 3, 34, 0;
    %flag_set/imm 4, 0;
    %ix/load 4, 0, 0; Constant delay
    %assign/vec4/a/d v0xd8b5d0, 0, 4;
    %pushi/vec4 26841, 0, 17;
    %ix/load 3, 35, 0;
    %flag_set/imm 4, 0;
    %ix/load 4, 0, 0; Constant delay
    %assign/vec4/a/d v0xd8b0e0, 0, 4;
    %pushi/vec4 18794, 0, 17;
    %ix/load 3, 35, 0;
    %flag_set/imm 4, 0;
    %ix/load 4, 0, 0; Constant delay
    %assign/vec4/a/d v0xd8b3f0, 0, 4;
    %pushi/vec4 20016, 0, 17;
    %ix/load 3, 35, 0;
    %flag_set/imm 4, 0;
    %ix/load 4, 0, 0; Constant delay
    %assign/vec4/a/d v0xd8b5d0, 0, 4;
    %pushi/vec4 26509, 0, 17;
    %ix/load 3, 36, 0;
    %flag_set/imm 4, 0;
    %ix/load 4, 0, 0; Constant delay
    %assign/vec4/a/d v0xd8b0e0, 0, 4;
    %pushi/vec4 19260, 0, 17;
    %ix/load 3, 36, 0;
    %flag_set/imm 4, 0;
    %ix/load 4, 0, 0; Constant delay
    %assign/vec4/a/d v0xd8b3f0, 0, 4;
    %pushi/vec4 20588, 0, 17;
    %ix/load 3, 36, 0;
    %flag_set/imm 4, 0;
    %ix/load 4, 0, 0; Constant delay
    %assign/vec4/a/d v0xd8b5d0, 0, 4;
    %pushi/vec4 26169, 0, 17;
    %ix/load 3, 37, 0;
    %flag_set/imm 4, 0;
    %ix/load 4, 0, 0; Constant delay
    %assign/vec4/a/d v0xd8b0e0, 0, 4;
    %pushi/vec4 19720, 0, 17;
    %ix/load 3, 37, 0;
    %flag_set/imm 4, 0;
    %ix/load 4, 0, 0; Constant delay
    %assign/vec4/a/d v0xd8b3f0, 0, 4;
    %pushi/vec4 21160, 0, 17;
    %ix/load 3, 37, 0;
    %flag_set/imm 4, 0;
    %ix/load 4, 0, 0; Constant delay
    %assign/vec4/a/d v0xd8b5d0, 0, 4;
    %pushi/vec4 25821, 0, 17;
    %ix/load 3, 38, 0;
    %flag_set/imm 4, 0;
    %ix/load 4, 0, 0; Constant delay
    %assign/vec4/a/d v0xd8b0e0, 0, 4;
    %pushi/vec4 20173, 0, 17;
    %ix/load 3, 38, 0;
    %flag_set/imm 4, 0;
    %ix/load 4, 0, 0; Constant delay
    %assign/vec4/a/d v0xd8b3f0, 0, 4;
    %pushi/vec4 21732, 0, 17;
    %ix/load 3, 38, 0;
    %flag_set/imm 4, 0;
    %ix/load 4, 0, 0; Constant delay
    %assign/vec4/a/d v0xd8b5d0, 0, 4;
    %pushi/vec4 25465, 0, 17;
    %ix/load 3, 39, 0;
    %flag_set/imm 4, 0;
    %ix/load 4, 0, 0; Constant delay
    %assign/vec4/a/d v0xd8b0e0, 0, 4;
    %pushi/vec4 20621, 0, 17;
    %ix/load 3, 39, 0;
    %flag_set/imm 4, 0;
    %ix/load 4, 0, 0; Constant delay
    %assign/vec4/a/d v0xd8b3f0, 0, 4;
    %pushi/vec4 22304, 0, 17;
    %ix/load 3, 39, 0;
    %flag_set/imm 4, 0;
    %ix/load 4, 0, 0; Constant delay
    %assign/vec4/a/d v0xd8b5d0, 0, 4;
    %pushi/vec4 25101, 0, 17;
    %ix/load 3, 40, 0;
    %flag_set/imm 4, 0;
    %ix/load 4, 0, 0; Constant delay
    %assign/vec4/a/d v0xd8b0e0, 0, 4;
    %pushi/vec4 21062, 0, 17;
    %ix/load 3, 40, 0;
    %flag_set/imm 4, 0;
    %ix/load 4, 0, 0; Constant delay
    %assign/vec4/a/d v0xd8b3f0, 0, 4;
    %pushi/vec4 22876, 0, 17;
    %ix/load 3, 40, 0;
    %flag_set/imm 4, 0;
    %ix/load 4, 0, 0; Constant delay
    %assign/vec4/a/d v0xd8b5d0, 0, 4;
    %pushi/vec4 24730, 0, 17;
    %ix/load 3, 41, 0;
    %flag_set/imm 4, 0;
    %ix/load 4, 0, 0; Constant delay
    %assign/vec4/a/d v0xd8b0e0, 0, 4;
    %pushi/vec4 21497, 0, 17;
    %ix/load 3, 41, 0;
    %flag_set/imm 4, 0;
    %ix/load 4, 0, 0; Constant delay
    %assign/vec4/a/d v0xd8b3f0, 0, 4;
    %pushi/vec4 23448, 0, 17;
    %ix/load 3, 41, 0;
    %flag_set/imm 4, 0;
    %ix/load 4, 0, 0; Constant delay
    %assign/vec4/a/d v0xd8b5d0, 0, 4;
    %pushi/vec4 24351, 0, 17;
    %ix/load 3, 42, 0;
    %flag_set/imm 4, 0;
    %ix/load 4, 0, 0; Constant delay
    %assign/vec4/a/d v0xd8b0e0, 0, 4;
    %pushi/vec4 21926, 0, 17;
    %ix/load 3, 42, 0;
    %flag_set/imm 4, 0;
    %ix/load 4, 0, 0; Constant delay
    %assign/vec4/a/d v0xd8b3f0, 0, 4;
    %pushi/vec4 24020, 0, 17;
    %ix/load 3, 42, 0;
    %flag_set/imm 4, 0;
    %ix/load 4, 0, 0; Constant delay
    %assign/vec4/a/d v0xd8b5d0, 0, 4;
    %pushi/vec4 23964, 0, 17;
    %ix/load 3, 43, 0;
    %flag_set/imm 4, 0;
    %ix/load 4, 0, 0; Constant delay
    %assign/vec4/a/d v0xd8b0e0, 0, 4;
    %pushi/vec4 22347, 0, 17;
    %ix/load 3, 43, 0;
    %flag_set/imm 4, 0;
    %ix/load 4, 0, 0; Constant delay
    %assign/vec4/a/d v0xd8b3f0, 0, 4;
    %pushi/vec4 24592, 0, 17;
    %ix/load 3, 43, 0;
    %flag_set/imm 4, 0;
    %ix/load 4, 0, 0; Constant delay
    %assign/vec4/a/d v0xd8b5d0, 0, 4;
    %pushi/vec4 23571, 0, 17;
    %ix/load 3, 44, 0;
    %flag_set/imm 4, 0;
    %ix/load 4, 0, 0; Constant delay
    %assign/vec4/a/d v0xd8b0e0, 0, 4;
    %pushi/vec4 22762, 0, 17;
    %ix/load 3, 44, 0;
    %flag_set/imm 4, 0;
    %ix/load 4, 0, 0; Constant delay
    %assign/vec4/a/d v0xd8b3f0, 0, 4;
    %pushi/vec4 25164, 0, 17;
    %ix/load 3, 44, 0;
    %flag_set/imm 4, 0;
    %ix/load 4, 0, 0; Constant delay
    %assign/vec4/a/d v0xd8b5d0, 0, 4;
    %pushi/vec4 23170, 0, 17;
    %ix/load 3, 45, 0;
    %flag_set/imm 4, 0;
    %ix/load 4, 0, 0; Constant delay
    %assign/vec4/a/d v0xd8b0e0, 0, 4;
    %pushi/vec4 23170, 0, 17;
    %ix/load 3, 45, 0;
    %flag_set/imm 4, 0;
    %ix/load 4, 0, 0; Constant delay
    %assign/vec4/a/d v0xd8b3f0, 0, 4;
    %pushi/vec4 25735, 0, 17;
    %ix/load 3, 45, 0;
    %flag_set/imm 4, 0;
    %ix/load 4, 0, 0; Constant delay
    %assign/vec4/a/d v0xd8b5d0, 0, 4;
    %pushi/vec4 22762, 0, 17;
    %ix/load 3, 46, 0;
    %flag_set/imm 4, 0;
    %ix/load 4, 0, 0; Constant delay
    %assign/vec4/a/d v0xd8b0e0, 0, 4;
    %pushi/vec4 23571, 0, 17;
    %ix/load 3, 46, 0;
    %flag_set/imm 4, 0;
    %ix/load 4, 0, 0; Constant delay
    %assign/vec4/a/d v0xd8b3f0, 0, 4;
    %pushi/vec4 26307, 0, 17;
    %ix/load 3, 46, 0;
    %flag_set/imm 4, 0;
    %ix/load 4, 0, 0; Constant delay
    %assign/vec4/a/d v0xd8b5d0, 0, 4;
    %pushi/vec4 22347, 0, 17;
    %ix/load 3, 47, 0;
    %flag_set/imm 4, 0;
    %ix/load 4, 0, 0; Constant delay
    %assign/vec4/a/d v0xd8b0e0, 0, 4;
    %pushi/vec4 23964, 0, 17;
    %ix/load 3, 47, 0;
    %flag_set/imm 4, 0;
    %ix/load 4, 0, 0; Constant delay
    %assign/vec4/a/d v0xd8b3f0, 0, 4;
    %pushi/vec4 26879, 0, 17;
    %ix/load 3, 47, 0;
    %flag_set/imm 4, 0;
    %ix/load 4, 0, 0; Constant delay
    %assign/vec4/a/d v0xd8b5d0, 0, 4;
    %pushi/vec4 21926, 0, 17;
    %ix/load 3, 48, 0;
    %flag_set/imm 4, 0;
    %ix/load 4, 0, 0; Constant delay
    %assign/vec4/a/d v0xd8b0e0, 0, 4;
    %pushi/vec4 24351, 0, 17;
    %ix/load 3, 48, 0;
    %flag_set/imm 4, 0;
    %ix/load 4, 0, 0; Constant delay
    %assign/vec4/a/d v0xd8b3f0, 0, 4;
    %pushi/vec4 27451, 0, 17;
    %ix/load 3, 48, 0;
    %flag_set/imm 4, 0;
    %ix/load 4, 0, 0; Constant delay
    %assign/vec4/a/d v0xd8b5d0, 0, 4;
    %pushi/vec4 21497, 0, 17;
    %ix/load 3, 49, 0;
    %flag_set/imm 4, 0;
    %ix/load 4, 0, 0; Constant delay
    %assign/vec4/a/d v0xd8b0e0, 0, 4;
    %pushi/vec4 24730, 0, 17;
    %ix/load 3, 49, 0;
    %flag_set/imm 4, 0;
    %ix/load 4, 0, 0; Constant delay
    %assign/vec4/a/d v0xd8b3f0, 0, 4;
    %pushi/vec4 28023, 0, 17;
    %ix/load 3, 49, 0;
    %flag_set/imm 4, 0;
    %ix/load 4, 0, 0; Constant delay
    %assign/vec4/a/d v0xd8b5d0, 0, 4;
    %pushi/vec4 21062, 0, 17;
    %ix/load 3, 50, 0;
    %flag_set/imm 4, 0;
    %ix/load 4, 0, 0; Constant delay
    %assign/vec4/a/d v0xd8b0e0, 0, 4;
    %pushi/vec4 25101, 0, 17;
    %ix/load 3, 50, 0;
    %flag_set/imm 4, 0;
    %ix/load 4, 0, 0; Constant delay
    %assign/vec4/a/d v0xd8b3f0, 0, 4;
    %pushi/vec4 28595, 0, 17;
    %ix/load 3, 50, 0;
    %flag_set/imm 4, 0;
    %ix/load 4, 0, 0; Constant delay
    %assign/vec4/a/d v0xd8b5d0, 0, 4;
    %pushi/vec4 20621, 0, 17;
    %ix/load 3, 51, 0;
    %flag_set/imm 4, 0;
    %ix/load 4, 0, 0; Constant delay
    %assign/vec4/a/d v0xd8b0e0, 0, 4;
    %pushi/vec4 25465, 0, 17;
    %ix/load 3, 51, 0;
    %flag_set/imm 4, 0;
    %ix/load 4, 0, 0; Constant delay
    %assign/vec4/a/d v0xd8b3f0, 0, 4;
    %pushi/vec4 29167, 0, 17;
    %ix/load 3, 51, 0;
    %flag_set/imm 4, 0;
    %ix/load 4, 0, 0; Constant delay
    %assign/vec4/a/d v0xd8b5d0, 0, 4;
    %pushi/vec4 20173, 0, 17;
    %ix/load 3, 52, 0;
    %flag_set/imm 4, 0;
    %ix/load 4, 0, 0; Constant delay
    %assign/vec4/a/d v0xd8b0e0, 0, 4;
    %pushi/vec4 25821, 0, 17;
    %ix/load 3, 52, 0;
    %flag_set/imm 4, 0;
    %ix/load 4, 0, 0; Constant delay
    %assign/vec4/a/d v0xd8b3f0, 0, 4;
    %pushi/vec4 29739, 0, 17;
    %ix/load 3, 52, 0;
    %flag_set/imm 4, 0;
    %ix/load 4, 0, 0; Constant delay
    %assign/vec4/a/d v0xd8b5d0, 0, 4;
    %pushi/vec4 19720, 0, 17;
    %ix/load 3, 53, 0;
    %flag_set/imm 4, 0;
    %ix/load 4, 0, 0; Constant delay
    %assign/vec4/a/d v0xd8b0e0, 0, 4;
    %pushi/vec4 26169, 0, 17;
    %ix/load 3, 53, 0;
    %flag_set/imm 4, 0;
    %ix/load 4, 0, 0; Constant delay
    %assign/vec4/a/d v0xd8b3f0, 0, 4;
    %pushi/vec4 30311, 0, 17;
    %ix/load 3, 53, 0;
    %flag_set/imm 4, 0;
    %ix/load 4, 0, 0; Constant delay
    %assign/vec4/a/d v0xd8b5d0, 0, 4;
    %pushi/vec4 19260, 0, 17;
    %ix/load 3, 54, 0;
    %flag_set/imm 4, 0;
    %ix/load 4, 0, 0; Constant delay
    %assign/vec4/a/d v0xd8b0e0, 0, 4;
    %pushi/vec4 26509, 0, 17;
    %ix/load 3, 54, 0;
    %flag_set/imm 4, 0;
    %ix/load 4, 0, 0; Constant delay
    %assign/vec4/a/d v0xd8b3f0, 0, 4;
    %pushi/vec4 30883, 0, 17;
    %ix/load 3, 54, 0;
    %flag_set/imm 4, 0;
    %ix/load 4, 0, 0; Constant delay
    %assign/vec4/a/d v0xd8b5d0, 0, 4;
    %pushi/vec4 18794, 0, 17;
    %ix/load 3, 55, 0;
    %flag_set/imm 4, 0;
    %ix/load 4, 0, 0; Constant delay
    %assign/vec4/a/d v0xd8b0e0, 0, 4;
    %pushi/vec4 26841, 0, 17;
    %ix/load 3, 55, 0;
    %flag_set/imm 4, 0;
    %ix/load 4, 0, 0; Constant delay
    %assign/vec4/a/d v0xd8b3f0, 0, 4;
    %pushi/vec4 31455, 0, 17;
    %ix/load 3, 55, 0;
    %flag_set/imm 4, 0;
    %ix/load 4, 0, 0; Constant delay
    %assign/vec4/a/d v0xd8b5d0, 0, 4;
    %pushi/vec4 18323, 0, 17;
    %ix/load 3, 56, 0;
    %flag_set/imm 4, 0;
    %ix/load 4, 0, 0; Constant delay
    %assign/vec4/a/d v0xd8b0e0, 0, 4;
    %pushi/vec4 27165, 0, 17;
    %ix/load 3, 56, 0;
    %flag_set/imm 4, 0;
    %ix/load 4, 0, 0; Constant delay
    %assign/vec4/a/d v0xd8b3f0, 0, 4;
    %pushi/vec4 32026, 0, 17;
    %ix/load 3, 56, 0;
    %flag_set/imm 4, 0;
    %ix/load 4, 0, 0; Constant delay
    %assign/vec4/a/d v0xd8b5d0, 0, 4;
    %pushi/vec4 17846, 0, 17;
    %ix/load 3, 57, 0;
    %flag_set/imm 4, 0;
    %ix/load 4, 0, 0; Constant delay
    %assign/vec4/a/d v0xd8b0e0, 0, 4;
    %pushi/vec4 27481, 0, 17;
    %ix/load 3, 57, 0;
    %flag_set/imm 4, 0;
    %ix/load 4, 0, 0; Constant delay
    %assign/vec4/a/d v0xd8b3f0, 0, 4;
    %pushi/vec4 32598, 0, 17;
    %ix/load 3, 57, 0;
    %flag_set/imm 4, 0;
    %ix/load 4, 0, 0; Constant delay
    %assign/vec4/a/d v0xd8b5d0, 0, 4;
    %pushi/vec4 17364, 0, 17;
    %ix/load 3, 58, 0;
    %flag_set/imm 4, 0;
    %ix/load 4, 0, 0; Constant delay
    %assign/vec4/a/d v0xd8b0e0, 0, 4;
    %pushi/vec4 27788, 0, 17;
    %ix/load 3, 58, 0;
    %flag_set/imm 4, 0;
    %ix/load 4, 0, 0; Constant delay
    %assign/vec4/a/d v0xd8b3f0, 0, 4;
    %pushi/vec4 33170, 0, 17;
    %ix/load 3, 58, 0;
    %flag_set/imm 4, 0;
    %ix/load 4, 0, 0; Constant delay
    %assign/vec4/a/d v0xd8b5d0, 0, 4;
    %pushi/vec4 16876, 0, 17;
    %ix/load 3, 59, 0;
    %flag_set/imm 4, 0;
    %ix/load 4, 0, 0; Constant delay
    %assign/vec4/a/d v0xd8b0e0, 0, 4;
    %pushi/vec4 28087, 0, 17;
    %ix/load 3, 59, 0;
    %flag_set/imm 4, 0;
    %ix/load 4, 0, 0; Constant delay
    %assign/vec4/a/d v0xd8b3f0, 0, 4;
    %pushi/vec4 33742, 0, 17;
    %ix/load 3, 59, 0;
    %flag_set/imm 4, 0;
    %ix/load 4, 0, 0; Constant delay
    %assign/vec4/a/d v0xd8b5d0, 0, 4;
    %pushi/vec4 16384, 0, 17;
    %ix/load 3, 60, 0;
    %flag_set/imm 4, 0;
    %ix/load 4, 0, 0; Constant delay
    %assign/vec4/a/d v0xd8b0e0, 0, 4;
    %pushi/vec4 28377, 0, 17;
    %ix/load 3, 60, 0;
    %flag_set/imm 4, 0;
    %ix/load 4, 0, 0; Constant delay
    %assign/vec4/a/d v0xd8b3f0, 0, 4;
    %pushi/vec4 34314, 0, 17;
    %ix/load 3, 60, 0;
    %flag_set/imm 4, 0;
    %ix/load 4, 0, 0; Constant delay
    %assign/vec4/a/d v0xd8b5d0, 0, 4;
    %pushi/vec4 15886, 0, 17;
    %ix/load 3, 61, 0;
    %flag_set/imm 4, 0;
    %ix/load 4, 0, 0; Constant delay
    %assign/vec4/a/d v0xd8b0e0, 0, 4;
    %pushi/vec4 28659, 0, 17;
    %ix/load 3, 61, 0;
    %flag_set/imm 4, 0;
    %ix/load 4, 0, 0; Constant delay
    %assign/vec4/a/d v0xd8b3f0, 0, 4;
    %pushi/vec4 34886, 0, 17;
    %ix/load 3, 61, 0;
    %flag_set/imm 4, 0;
    %ix/load 4, 0, 0; Constant delay
    %assign/vec4/a/d v0xd8b5d0, 0, 4;
    %pushi/vec4 15383, 0, 17;
    %ix/load 3, 62, 0;
    %flag_set/imm 4, 0;
    %ix/load 4, 0, 0; Constant delay
    %assign/vec4/a/d v0xd8b0e0, 0, 4;
    %pushi/vec4 28932, 0, 17;
    %ix/load 3, 62, 0;
    %flag_set/imm 4, 0;
    %ix/load 4, 0, 0; Constant delay
    %assign/vec4/a/d v0xd8b3f0, 0, 4;
    %pushi/vec4 35458, 0, 17;
    %ix/load 3, 62, 0;
    %flag_set/imm 4, 0;
    %ix/load 4, 0, 0; Constant delay
    %assign/vec4/a/d v0xd8b5d0, 0, 4;
    %pushi/vec4 14876, 0, 17;
    %ix/load 3, 63, 0;
    %flag_set/imm 4, 0;
    %ix/load 4, 0, 0; Constant delay
    %assign/vec4/a/d v0xd8b0e0, 0, 4;
    %pushi/vec4 29196, 0, 17;
    %ix/load 3, 63, 0;
    %flag_set/imm 4, 0;
    %ix/load 4, 0, 0; Constant delay
    %assign/vec4/a/d v0xd8b3f0, 0, 4;
    %pushi/vec4 36030, 0, 17;
    %ix/load 3, 63, 0;
    %flag_set/imm 4, 0;
    %ix/load 4, 0, 0; Constant delay
    %assign/vec4/a/d v0xd8b5d0, 0, 4;
    %pushi/vec4 14364, 0, 17;
    %ix/load 3, 64, 0;
    %flag_set/imm 4, 0;
    %ix/load 4, 0, 0; Constant delay
    %assign/vec4/a/d v0xd8b0e0, 0, 4;
    %pushi/vec4 29451, 0, 17;
    %ix/load 3, 64, 0;
    %flag_set/imm 4, 0;
    %ix/load 4, 0, 0; Constant delay
    %assign/vec4/a/d v0xd8b3f0, 0, 4;
    %pushi/vec4 36602, 0, 17;
    %ix/load 3, 64, 0;
    %flag_set/imm 4, 0;
    %ix/load 4, 0, 0; Constant delay
    %assign/vec4/a/d v0xd8b5d0, 0, 4;
    %pushi/vec4 13848, 0, 17;
    %ix/load 3, 65, 0;
    %flag_set/imm 4, 0;
    %ix/load 4, 0, 0; Constant delay
    %assign/vec4/a/d v0xd8b0e0, 0, 4;
    %pushi/vec4 29697, 0, 17;
    %ix/load 3, 65, 0;
    %flag_set/imm 4, 0;
    %ix/load 4, 0, 0; Constant delay
    %assign/vec4/a/d v0xd8b3f0, 0, 4;
    %pushi/vec4 37174, 0, 17;
    %ix/load 3, 65, 0;
    %flag_set/imm 4, 0;
    %ix/load 4, 0, 0; Constant delay
    %assign/vec4/a/d v0xd8b5d0, 0, 4;
    %pushi/vec4 13327, 0, 17;
    %ix/load 3, 66, 0;
    %flag_set/imm 4, 0;
    %ix/load 4, 0, 0; Constant delay
    %assign/vec4/a/d v0xd8b0e0, 0, 4;
    %pushi/vec4 29935, 0, 17;
    %ix/load 3, 66, 0;
    %flag_set/imm 4, 0;
    %ix/load 4, 0, 0; Constant delay
    %assign/vec4/a/d v0xd8b3f0, 0, 4;
    %pushi/vec4 37746, 0, 17;
    %ix/load 3, 66, 0;
    %flag_set/imm 4, 0;
    %ix/load 4, 0, 0; Constant delay
    %assign/vec4/a/d v0xd8b5d0, 0, 4;
    %pushi/vec4 12803, 0, 17;
    %ix/load 3, 67, 0;
    %flag_set/imm 4, 0;
    %ix/load 4, 0, 0; Constant delay
    %assign/vec4/a/d v0xd8b0e0, 0, 4;
    %pushi/vec4 30163, 0, 17;
    %ix/load 3, 67, 0;
    %flag_set/imm 4, 0;
    %ix/load 4, 0, 0; Constant delay
    %assign/vec4/a/d v0xd8b3f0, 0, 4;
    %pushi/vec4 38317, 0, 17;
    %ix/load 3, 67, 0;
    %flag_set/imm 4, 0;
    %ix/load 4, 0, 0; Constant delay
    %assign/vec4/a/d v0xd8b5d0, 0, 4;
    %pushi/vec4 12275, 0, 17;
    %ix/load 3, 68, 0;
    %flag_set/imm 4, 0;
    %ix/load 4, 0, 0; Constant delay
    %assign/vec4/a/d v0xd8b0e0, 0, 4;
    %pushi/vec4 30381, 0, 17;
    %ix/load 3, 68, 0;
    %flag_set/imm 4, 0;
    %ix/load 4, 0, 0; Constant delay
    %assign/vec4/a/d v0xd8b3f0, 0, 4;
    %pushi/vec4 38889, 0, 17;
    %ix/load 3, 68, 0;
    %flag_set/imm 4, 0;
    %ix/load 4, 0, 0; Constant delay
    %assign/vec4/a/d v0xd8b5d0, 0, 4;
    %pushi/vec4 11743, 0, 17;
    %ix/load 3, 69, 0;
    %flag_set/imm 4, 0;
    %ix/load 4, 0, 0; Constant delay
    %assign/vec4/a/d v0xd8b0e0, 0, 4;
    %pushi/vec4 30591, 0, 17;
    %ix/load 3, 69, 0;
    %flag_set/imm 4, 0;
    %ix/load 4, 0, 0; Constant delay
    %assign/vec4/a/d v0xd8b3f0, 0, 4;
    %pushi/vec4 39461, 0, 17;
    %ix/load 3, 69, 0;
    %flag_set/imm 4, 0;
    %ix/load 4, 0, 0; Constant delay
    %assign/vec4/a/d v0xd8b5d0, 0, 4;
    %pushi/vec4 11207, 0, 17;
    %ix/load 3, 70, 0;
    %flag_set/imm 4, 0;
    %ix/load 4, 0, 0; Constant delay
    %assign/vec4/a/d v0xd8b0e0, 0, 4;
    %pushi/vec4 30791, 0, 17;
    %ix/load 3, 70, 0;
    %flag_set/imm 4, 0;
    %ix/load 4, 0, 0; Constant delay
    %assign/vec4/a/d v0xd8b3f0, 0, 4;
    %pushi/vec4 40033, 0, 17;
    %ix/load 3, 70, 0;
    %flag_set/imm 4, 0;
    %ix/load 4, 0, 0; Constant delay
    %assign/vec4/a/d v0xd8b5d0, 0, 4;
    %pushi/vec4 10668, 0, 17;
    %ix/load 3, 71, 0;
    %flag_set/imm 4, 0;
    %ix/load 4, 0, 0; Constant delay
    %assign/vec4/a/d v0xd8b0e0, 0, 4;
    %pushi/vec4 30982, 0, 17;
    %ix/load 3, 71, 0;
    %flag_set/imm 4, 0;
    %ix/load 4, 0, 0; Constant delay
    %assign/vec4/a/d v0xd8b3f0, 0, 4;
    %pushi/vec4 40605, 0, 17;
    %ix/load 3, 71, 0;
    %flag_set/imm 4, 0;
    %ix/load 4, 0, 0; Constant delay
    %assign/vec4/a/d v0xd8b5d0, 0, 4;
    %pushi/vec4 10125, 0, 17;
    %ix/load 3, 72, 0;
    %flag_set/imm 4, 0;
    %ix/load 4, 0, 0; Constant delay
    %assign/vec4/a/d v0xd8b0e0, 0, 4;
    %pushi/vec4 31164, 0, 17;
    %ix/load 3, 72, 0;
    %flag_set/imm 4, 0;
    %ix/load 4, 0, 0; Constant delay
    %assign/vec4/a/d v0xd8b3f0, 0, 4;
    %pushi/vec4 41177, 0, 17;
    %ix/load 3, 72, 0;
    %flag_set/imm 4, 0;
    %ix/load 4, 0, 0; Constant delay
    %assign/vec4/a/d v0xd8b5d0, 0, 4;
    %pushi/vec4 9580, 0, 17;
    %ix/load 3, 73, 0;
    %flag_set/imm 4, 0;
    %ix/load 4, 0, 0; Constant delay
    %assign/vec4/a/d v0xd8b0e0, 0, 4;
    %pushi/vec4 31336, 0, 17;
    %ix/load 3, 73, 0;
    %flag_set/imm 4, 0;
    %ix/load 4, 0, 0; Constant delay
    %assign/vec4/a/d v0xd8b3f0, 0, 4;
    %pushi/vec4 41749, 0, 17;
    %ix/load 3, 73, 0;
    %flag_set/imm 4, 0;
    %ix/load 4, 0, 0; Constant delay
    %assign/vec4/a/d v0xd8b5d0, 0, 4;
    %pushi/vec4 9032, 0, 17;
    %ix/load 3, 74, 0;
    %flag_set/imm 4, 0;
    %ix/load 4, 0, 0; Constant delay
    %assign/vec4/a/d v0xd8b0e0, 0, 4;
    %pushi/vec4 31498, 0, 17;
    %ix/load 3, 74, 0;
    %flag_set/imm 4, 0;
    %ix/load 4, 0, 0; Constant delay
    %assign/vec4/a/d v0xd8b3f0, 0, 4;
    %pushi/vec4 42321, 0, 17;
    %ix/load 3, 74, 0;
    %flag_set/imm 4, 0;
    %ix/load 4, 0, 0; Constant delay
    %assign/vec4/a/d v0xd8b5d0, 0, 4;
    %pushi/vec4 8480, 0, 17;
    %ix/load 3, 75, 0;
    %flag_set/imm 4, 0;
    %ix/load 4, 0, 0; Constant delay
    %assign/vec4/a/d v0xd8b0e0, 0, 4;
    %pushi/vec4 31651, 0, 17;
    %ix/load 3, 75, 0;
    %flag_set/imm 4, 0;
    %ix/load 4, 0, 0; Constant delay
    %assign/vec4/a/d v0xd8b3f0, 0, 4;
    %pushi/vec4 42893, 0, 17;
    %ix/load 3, 75, 0;
    %flag_set/imm 4, 0;
    %ix/load 4, 0, 0; Constant delay
    %assign/vec4/a/d v0xd8b5d0, 0, 4;
    %pushi/vec4 7927, 0, 17;
    %ix/load 3, 76, 0;
    %flag_set/imm 4, 0;
    %ix/load 4, 0, 0; Constant delay
    %assign/vec4/a/d v0xd8b0e0, 0, 4;
    %pushi/vec4 31794, 0, 17;
    %ix/load 3, 76, 0;
    %flag_set/imm 4, 0;
    %ix/load 4, 0, 0; Constant delay
    %assign/vec4/a/d v0xd8b3f0, 0, 4;
    %pushi/vec4 43465, 0, 17;
    %ix/load 3, 76, 0;
    %flag_set/imm 4, 0;
    %ix/load 4, 0, 0; Constant delay
    %assign/vec4/a/d v0xd8b5d0, 0, 4;
    %pushi/vec4 7371, 0, 17;
    %ix/load 3, 77, 0;
    %flag_set/imm 4, 0;
    %ix/load 4, 0, 0; Constant delay
    %assign/vec4/a/d v0xd8b0e0, 0, 4;
    %pushi/vec4 31928, 0, 17;
    %ix/load 3, 77, 0;
    %flag_set/imm 4, 0;
    %ix/load 4, 0, 0; Constant delay
    %assign/vec4/a/d v0xd8b3f0, 0, 4;
    %pushi/vec4 44037, 0, 17;
    %ix/load 3, 77, 0;
    %flag_set/imm 4, 0;
    %ix/load 4, 0, 0; Constant delay
    %assign/vec4/a/d v0xd8b5d0, 0, 4;
    %pushi/vec4 6812, 0, 17;
    %ix/load 3, 78, 0;
    %flag_set/imm 4, 0;
    %ix/load 4, 0, 0; Constant delay
    %assign/vec4/a/d v0xd8b0e0, 0, 4;
    %pushi/vec4 32051, 0, 17;
    %ix/load 3, 78, 0;
    %flag_set/imm 4, 0;
    %ix/load 4, 0, 0; Constant delay
    %assign/vec4/a/d v0xd8b3f0, 0, 4;
    %pushi/vec4 44608, 0, 17;
    %ix/load 3, 78, 0;
    %flag_set/imm 4, 0;
    %ix/load 4, 0, 0; Constant delay
    %assign/vec4/a/d v0xd8b5d0, 0, 4;
    %pushi/vec4 6252, 0, 17;
    %ix/load 3, 79, 0;
    %flag_set/imm 4, 0;
    %ix/load 4, 0, 0; Constant delay
    %assign/vec4/a/d v0xd8b0e0, 0, 4;
    %pushi/vec4 32165, 0, 17;
    %ix/load 3, 79, 0;
    %flag_set/imm 4, 0;
    %ix/load 4, 0, 0; Constant delay
    %assign/vec4/a/d v0xd8b3f0, 0, 4;
    %pushi/vec4 45180, 0, 17;
    %ix/load 3, 79, 0;
    %flag_set/imm 4, 0;
    %ix/load 4, 0, 0; Constant delay
    %assign/vec4/a/d v0xd8b5d0, 0, 4;
    %pushi/vec4 5690, 0, 17;
    %ix/load 3, 80, 0;
    %flag_set/imm 4, 0;
    %ix/load 4, 0, 0; Constant delay
    %assign/vec4/a/d v0xd8b0e0, 0, 4;
    %pushi/vec4 32270, 0, 17;
    %ix/load 3, 80, 0;
    %flag_set/imm 4, 0;
    %ix/load 4, 0, 0; Constant delay
    %assign/vec4/a/d v0xd8b3f0, 0, 4;
    %pushi/vec4 45752, 0, 17;
    %ix/load 3, 80, 0;
    %flag_set/imm 4, 0;
    %ix/load 4, 0, 0; Constant delay
    %assign/vec4/a/d v0xd8b5d0, 0, 4;
    %pushi/vec4 5126, 0, 17;
    %ix/load 3, 81, 0;
    %flag_set/imm 4, 0;
    %ix/load 4, 0, 0; Constant delay
    %assign/vec4/a/d v0xd8b0e0, 0, 4;
    %pushi/vec4 32364, 0, 17;
    %ix/load 3, 81, 0;
    %flag_set/imm 4, 0;
    %ix/load 4, 0, 0; Constant delay
    %assign/vec4/a/d v0xd8b3f0, 0, 4;
    %pushi/vec4 46324, 0, 17;
    %ix/load 3, 81, 0;
    %flag_set/imm 4, 0;
    %ix/load 4, 0, 0; Constant delay
    %assign/vec4/a/d v0xd8b5d0, 0, 4;
    %pushi/vec4 4560, 0, 17;
    %ix/load 3, 82, 0;
    %flag_set/imm 4, 0;
    %ix/load 4, 0, 0; Constant delay
    %assign/vec4/a/d v0xd8b0e0, 0, 4;
    %pushi/vec4 32449, 0, 17;
    %ix/load 3, 82, 0;
    %flag_set/imm 4, 0;
    %ix/load 4, 0, 0; Constant delay
    %assign/vec4/a/d v0xd8b3f0, 0, 4;
    %pushi/vec4 46896, 0, 17;
    %ix/load 3, 82, 0;
    %flag_set/imm 4, 0;
    %ix/load 4, 0, 0; Constant delay
    %assign/vec4/a/d v0xd8b5d0, 0, 4;
    %pushi/vec4 3993, 0, 17;
    %ix/load 3, 83, 0;
    %flag_set/imm 4, 0;
    %ix/load 4, 0, 0; Constant delay
    %assign/vec4/a/d v0xd8b0e0, 0, 4;
    %pushi/vec4 32523, 0, 17;
    %ix/load 3, 83, 0;
    %flag_set/imm 4, 0;
    %ix/load 4, 0, 0; Constant delay
    %assign/vec4/a/d v0xd8b3f0, 0, 4;
    %pushi/vec4 47468, 0, 17;
    %ix/load 3, 83, 0;
    %flag_set/imm 4, 0;
    %ix/load 4, 0, 0; Constant delay
    %assign/vec4/a/d v0xd8b5d0, 0, 4;
    %pushi/vec4 3425, 0, 17;
    %ix/load 3, 84, 0;
    %flag_set/imm 4, 0;
    %ix/load 4, 0, 0; Constant delay
    %assign/vec4/a/d v0xd8b0e0, 0, 4;
    %pushi/vec4 32588, 0, 17;
    %ix/load 3, 84, 0;
    %flag_set/imm 4, 0;
    %ix/load 4, 0, 0; Constant delay
    %assign/vec4/a/d v0xd8b3f0, 0, 4;
    %pushi/vec4 48040, 0, 17;
    %ix/load 3, 84, 0;
    %flag_set/imm 4, 0;
    %ix/load 4, 0, 0; Constant delay
    %assign/vec4/a/d v0xd8b5d0, 0, 4;
    %pushi/vec4 2855, 0, 17;
    %ix/load 3, 85, 0;
    %flag_set/imm 4, 0;
    %ix/load 4, 0, 0; Constant delay
    %assign/vec4/a/d v0xd8b0e0, 0, 4;
    %pushi/vec4 32643, 0, 17;
    %ix/load 3, 85, 0;
    %flag_set/imm 4, 0;
    %ix/load 4, 0, 0; Constant delay
    %assign/vec4/a/d v0xd8b3f0, 0, 4;
    %pushi/vec4 48612, 0, 17;
    %ix/load 3, 85, 0;
    %flag_set/imm 4, 0;
    %ix/load 4, 0, 0; Constant delay
    %assign/vec4/a/d v0xd8b5d0, 0, 4;
    %pushi/vec4 2285, 0, 17;
    %ix/load 3, 86, 0;
    %flag_set/imm 4, 0;
    %ix/load 4, 0, 0; Constant delay
    %assign/vec4/a/d v0xd8b0e0, 0, 4;
    %pushi/vec4 32688, 0, 17;
    %ix/load 3, 86, 0;
    %flag_set/imm 4, 0;
    %ix/load 4, 0, 0; Constant delay
    %assign/vec4/a/d v0xd8b3f0, 0, 4;
    %pushi/vec4 49184, 0, 17;
    %ix/load 3, 86, 0;
    %flag_set/imm 4, 0;
    %ix/load 4, 0, 0; Constant delay
    %assign/vec4/a/d v0xd8b5d0, 0, 4;
    %pushi/vec4 1714, 0, 17;
    %ix/load 3, 87, 0;
    %flag_set/imm 4, 0;
    %ix/load 4, 0, 0; Constant delay
    %assign/vec4/a/d v0xd8b0e0, 0, 4;
    %pushi/vec4 32723, 0, 17;
    %ix/load 3, 87, 0;
    %flag_set/imm 4, 0;
    %ix/load 4, 0, 0; Constant delay
    %assign/vec4/a/d v0xd8b3f0, 0, 4;
    %pushi/vec4 49756, 0, 17;
    %ix/load 3, 87, 0;
    %flag_set/imm 4, 0;
    %ix/load 4, 0, 0; Constant delay
    %assign/vec4/a/d v0xd8b5d0, 0, 4;
    %pushi/vec4 1143, 0, 17;
    %ix/load 3, 88, 0;
    %flag_set/imm 4, 0;
    %ix/load 4, 0, 0; Constant delay
    %assign/vec4/a/d v0xd8b0e0, 0, 4;
    %pushi/vec4 32748, 0, 17;
    %ix/load 3, 88, 0;
    %flag_set/imm 4, 0;
    %ix/load 4, 0, 0; Constant delay
    %assign/vec4/a/d v0xd8b3f0, 0, 4;
    %pushi/vec4 50328, 0, 17;
    %ix/load 3, 88, 0;
    %flag_set/imm 4, 0;
    %ix/load 4, 0, 0; Constant delay
    %assign/vec4/a/d v0xd8b5d0, 0, 4;
    %pushi/vec4 571, 0, 17;
    %ix/load 3, 89, 0;
    %flag_set/imm 4, 0;
    %ix/load 4, 0, 0; Constant delay
    %assign/vec4/a/d v0xd8b0e0, 0, 4;
    %pushi/vec4 32763, 0, 17;
    %ix/load 3, 89, 0;
    %flag_set/imm 4, 0;
    %ix/load 4, 0, 0; Constant delay
    %assign/vec4/a/d v0xd8b3f0, 0, 4;
    %pushi/vec4 50899, 0, 17;
    %ix/load 3, 89, 0;
    %flag_set/imm 4, 0;
    %ix/load 4, 0, 0; Constant delay
    %assign/vec4/a/d v0xd8b5d0, 0, 4;
    %pushi/vec4 0, 0, 17;
    %ix/load 3, 90, 0;
    %flag_set/imm 4, 0;
    %ix/load 4, 0, 0; Constant delay
    %assign/vec4/a/d v0xd8b0e0, 0, 4;
    %pushi/vec4 32768, 0, 17;
    %ix/load 3, 90, 0;
    %flag_set/imm 4, 0;
    %ix/load 4, 0, 0; Constant delay
    %assign/vec4/a/d v0xd8b3f0, 0, 4;
    %pushi/vec4 51471, 0, 17;
    %ix/load 3, 90, 0;
    %flag_set/imm 4, 0;
    %ix/load 4, 0, 0; Constant delay
    %assign/vec4/a/d v0xd8b5d0, 0, 4;
    %pushi/vec4 0, 0, 1;
    %assign/vec4 v0xd8a590_0, 0;
    %pushi/vec4 0, 0, 1;
    %assign/vec4 v0xd8aa20_0, 0;
    %pushi/vec4 1, 0, 1;
    %assign/vec4 v0xd8ac50_0, 0;
    %pushi/vec4 0, 0, 17;
    %assign/vec4 v0xd8b180_0, 0;
    %pushi/vec4 0, 0, 17;
    %assign/vec4 v0xd8b490_0, 0;
    %pushi/vec4 0, 0, 17;
    %assign/vec4 v0xd8afa0_0, 0;
    %delay 1, 0;
    %pushi/vec4 1, 0, 1;
    %assign/vec4 v0xd8a590_0, 0;
    %delay 1, 0;
    %pushi/vec4 0, 0, 1;
    %assign/vec4 v0xd8a590_0, 0;
    %pushi/vec4 0, 0, 1;
    %assign/vec4 v0xd8ac50_0, 0;
    %pushi/vec4 0, 0, 32;
    %store/vec4 v0xd8aae0_0, 0, 32;
T_49.0 ; Top of for-loop
    %load/vec4 v0xd8aae0_0;
    %cmpi/s 90, 0, 32;
    %flag_or 5, 4;
    %jmp/0xz T_49.1, 5;
    %pushi/vec4 19896, 0, 17;
    %assign/vec4 v0xd8b180_0, 0;
    %pushi/vec4 0, 0, 17;
    %assign/vec4 v0xd8b490_0, 0;
    %ix/getv/s 4, v0xd8aae0_0;
    %load/vec4a v0xd8b5d0, 4;
    %assign/vec4 v0xd8afa0_0, 0;
    %delay 1, 0;
    %pushi/vec4 1, 0, 1;
    %assign/vec4 v0xd8a590_0, 0;
    %delay 1, 0;
    %pushi/vec4 0, 0, 1;
    %assign/vec4 v0xd8a590_0, 0;
    %load/vec4 v0xd8aae0_0;
    %cmpi/s 14, 0, 32;
    %flag_inv 5; GE is !LT
    %jmp/0xz  T_49.3, 5;
    %load/vec4 v0xd8aae0_0;
    %subi 14, 0, 32;
    %store/vec4 v0xd897d0_0, 0, 32;
    %load/vec4 v0xd8b240_0;
    %store/vec4 v0xd89990_0, 0, 17;
    %load/vec4 v0xd8b530_0;
    %store/vec4 v0xd89a50_0, 0, 17;
    %load/vec4 v0xd8b040_0;
    %store/vec4 v0xd898b0_0, 0, 17;
    %fork TD_tb.show_results, S_0xd89620;
    %join;
T_49.3 ;
    %load/vec4 v0xd8aae0_0;
    %cmpi/e 90, 0, 32;
    %jmp/0xz  T_49.5, 4;
    %pushi/vec4 0, 0, 32;
    %store/vec4 v0xd8a940_0, 0, 32;
T_49.7 ; Top of for-loop
    %load/vec4 v0xd8a940_0;
    %cmpi/s 14, 0, 32;
    %jmp/0xz T_49.8, 5;
    %delay 1, 0;
    %pushi/vec4 1, 0, 1;
    %assign/vec4 v0xd8a590_0, 0;
    %delay 1, 0;
    %pushi/vec4 0, 0, 1;
    %assign/vec4 v0xd8a590_0, 0;
    %pushi/vec4 77, 0, 32;
    %load/vec4 v0xd8a940_0;
    %add;
    %store/vec4 v0xd897d0_0, 0, 32;
    %load/vec4 v0xd8b240_0;
    %store/vec4 v0xd89990_0, 0, 17;
    %load/vec4 v0xd8b530_0;
    %store/vec4 v0xd89a50_0, 0, 17;
    %load/vec4 v0xd8b040_0;
    %store/vec4 v0xd898b0_0, 0, 17;
    %fork TD_tb.show_results, S_0xd89620;
    %join;
T_49.9 ; for-loop step statement
    %load/vec4 v0xd8a940_0;
    %addi 1, 0, 32;
    %store/vec4 v0xd8a940_0, 0, 32;
    %jmp T_49.7;
T_49.8 ; for-loop exit label
T_49.5 ;
T_49.2 ; for-loop step statement
    %load/vec4 v0xd8aae0_0;
    %addi 1, 0, 32;
    %store/vec4 v0xd8aae0_0, 0, 32;
    %jmp T_49.0;
T_49.1 ; for-loop exit label
    %pushi/vec4 0, 0, 32;
    %store/vec4 v0xd8a940_0, 0, 32;
T_49.10 ; Top of for-loop
    %load/vec4 v0xd8a940_0;
    %cmpi/s 16, 0, 32;
    %jmp/0xz T_49.11, 5;
    %delay 1, 0;
    %load/vec4 v0xd8a590_0;
    %inv;
    %assign/vec4 v0xd8a590_0, 0;
T_49.12 ; for-loop step statement
    %load/vec4 v0xd8a940_0;
    %addi 1, 0, 32;
    %store/vec4 v0xd8a940_0, 0, 32;
    %jmp T_49.10;
T_49.11 ; for-loop exit label
    %end;
    .thread T_49;
# The file index is used to find the file name in the following table.
:file_names 4;
    "N/A";
    "<interactive>";
    "tb_cordic.v";
    "./cordic.v";
